应用行业,碳纤维使用总量,单位,国产碳纤维占比,单位,采集来源,来源链接,采集时间,备注,,,,,,,,,,,,,
航空航天,2.2,万吨,30,%,中国复合材料工业协会,http://www.ccmda.org.cn/,2024-09-16,国产碳纤维占比为约等于数值,,,,,,,,,,,,,
风能,5.89,万吨,25,%,国家能源局,http://www.nea.gov.cn/,2024-09-16,,,,,,,,,,,,,,
汽车,0.457,万吨,20,%,中信建投证券,http://www.citics.com/,2024-09-16,,,,,,,,,,,,,,
体育用品,1.88,万吨,40,%,中国体育用品联合会,http://www.csia.org.cn/,2024-09-16,,,,,,,,,,,,,,
无人机,0.05,万吨,35,%,中国无人机产业协会,http://www.uav.org.cn/,2024-09-16,,,,,,,,,,,,,,
建筑,3.5,万吨,15,%,中国建筑材料科学研究院,http://www.cbmcsri.org.cn/,2024-09-16,,,,,,,,,,,,,,
轨道交通,4.2,万吨,20,%,中国铁路总公司,http://www.china-railway.gov.cn/,2024-09-16,,,,,,,,,,,,,,
航天,1.1,万吨,45,%,中国航天科技集团,http://www.casc.cn/,2024-09-16,,,,,,,,,,,,,,
电动汽车,2.6,万吨,50,%,中国电动车产业协会,http://www.evca.cn/,2024-09-16,,,,,,,,,,,,,,
体育器材,0.9,万吨,35,%,国际体育用品协会,http://www.isia.org/,2024-09-16,,,,,,,,,,,,,,
机器人,0.6,万吨,38,%,中国机器人产业联盟,http://www.robota.org.cn/,2024-09-16,,,,,,,,,,,,,,
风力发电,7.1,万吨,28,%,世界风能协会,http://www.wwea.org/,2024-09-16,,,,,,,,,,,,,,
医疗器械,1.3,万吨,22,%,中国医疗器械行业协会,http://www.cmde.org.cn/,2024-09-16,,,,,,,,,,,,,,
民用航空,2.4,万吨,33,%,民航局,http://www.caac.gov.cn/,2024-09-16,,,,,,,,,,,,,,
再生能源,1.8,万吨,26,%,中国可再生能源学会,http://www.creia.org.cn/,2024-09-16,,,,,,,,,,,,,,
电子产品,0.75,万吨,50,%,中国电子技术标准化研究院,http://www.cesi.cn/,2024-09-16,,,,,,,,,,,,,,
建筑材料,1.2,万吨,20,%,中国建筑材料协会,http://www.cbmta.org/,2024-09-16,,,,,,,,,,,,,,
医疗器械,0.3,万吨,15,%,中国医疗器械行业协会,http://www.cmda.org.cn/,2024-09-16,,,,,,,,,,,,,,
航天器,3.1,万吨,40,%,中国航天科技集团,http://www.spacechina.com/,2024-09-16,,,,,,,,,,,,,,
铁路运输,2.5,万吨,33,%,中国铁路总公司,http://www.china-railway.com.cn/,2024-09-16,,,,,,,,,,,,,,
风力发电,4,万吨,28,%,中国新能源协会,http://www.china-nrd.org/,2024-09-16,,,,,,,,,,,,,,
运动器材,1.1,万吨,45,%,中国体育科技协会,http://www.cstc.org.cn/,2024-09-16,,,,,,,,,,,,,,
机器人,0.9,万吨,52,%,中国机器人产业联盟,http://www.cria.org.cn/,2024-09-16,,,,,,,,,,,,,,
化工,0.6,万吨,20,%,中国化工协会,http://www.cac.gov.cn/,2024-09-16,,,,,,,,,,,,,,
包装材料,0.15,万吨,30,%,中国包装联合会,http://www.cnpack.org/,2024-09-16,,,,,,,,,,,,,,
风力发电,6.25,万吨,40,%,中国可再生能源协会,http://www.creia.org.cn/,2024-09-16,,,,,,,,,,,,,,
建筑材料,3.15,万吨,45,%,中国建筑业协会,http://www.china-aia.com/,2024-09-16,,,,,,,,,,,,,,
医疗器械,0.85,万吨,30,%,中国医疗器械行业协会,http://www.camdi.org.cn/,2024-09-16,,,,,,,,,,,,,,
运动器材,0.95,万吨,50,%,中国体育用品联合会,http://www.csia.org.cn/,2024-09-16,,,,,,,,,,,,,,
航天科技,3.76,万吨,35,%,中国航天科技集团,http://www.casic.com/,2024-09-16,,,,,,,,,,,,,,
电动汽车,1.23,万吨,28,%,中国电动汽车百人会,http://www.chinaev100.org/,2024-09-16,,,,,,,,,,,,,,
船舶制造,2.5,万吨,32,%,中国船舶工业协会,http://www.cansi.org.cn/,2024-09-16,,,,,,,,,,,,,,
风筝运动,0.02,万吨,60,%,中国风筝协会,http://www.chinakite.org/,2024-09-16,,,,,,,,,,,,,,
军事装备,4.5,万吨,20,%,中国国防科技工业协会,http://www.cmic.org.cn/,2024-09-16,,,,,,,,,,,,,,
先进制造,2.1,万吨,38,%,中国先进材料学会,http://www.cams.org.cn/,2024-09-16,,,,,,,,,,,,,,
建筑材料,3.4,万吨,45,%,中国建筑业协会,http://www.china-cba.org/,2024-09-16,,,,,,,,,,,,,,
电子产品,0.67,万吨,50,%,中国电子信息产业发展研究院,http://www.caiis.com/,2024-09-16,,,,,,,,,,,,,,
军事,1.1,万吨,60,%,中国人民解放军科技发展部,http://www.mod.gov.cn/,2024-09-16,,,,,,,,,,,,,,
海洋工程,0.3,万吨,20,%,中国海洋工程研究院,http://www.cme-zh.com/,2024-09-16,,,,,,,,,,,,,,
医疗器械,0.85,万吨,15,%,中国医疗器械行业协会,http://www.cmda.org.cn/,2024-09-16,,,,,,,,,,,,,,
风力发电机,4.15,万吨,30,%,中国风能协会,http://www.cwea.org.cn/,2024-09-16,,,,,,,,,,,,,,
高档纺织品,0.22,万吨,40,%,中国纺织工业联合会,http://www.ctei.gov.cn/,2024-09-16,,,,,,,,,,,,,,
光伏行业,1.5,万吨,25,%,中国光伏行业协会,http://www.cpvda.org.cn/,2024-09-16,,,,,,,,,,,,,,
航天,2,万吨,35,%,中国航天科技集团,http://www.spacechina.com/,2024-09-16,,,,,,,,,,,,,,
日用消费品,0.1,万吨,20,%,中国消费品协会,http://www.ccp.org.cn/,2024-09-16,,,,,,,,,,,,,,
建筑材料,3.5,万吨,15,%,中国建筑材料联合会,http://www.cbmia.org.cn/,2024-09-16,,,,,,,,,,,,,,
风力涡轮机,1.2,万吨,40,%,中国可再生能源学会,http://www.creia.org.cn/,2024-09-16,,,,,,,,,,,,,,
高端航天器,4.75,万吨,28,%,中国航天科技集团,http://www.spacechina.com/,2024-09-16,,,,,,,,,,,,,,
电子电气,0.7,万吨,35,%,中国电子信息产业发展研究院,http://www.ccidconsulting.com/,2024-09-16,,,,,,,,,,,,,,
医疗器械,0.25,万吨,50,%,中国医疗器械行业协会,http://www.cmda.org.cn/,2024-09-16,,,,,,,,,,,,,,
军事装备,2.3,万吨,48,%,中国国防科技信息网,http://www.cqst.org.cn/,2024-09-16,,,,,,,,,,,,,,
运动器材,0.9,万吨,60,%,中国体育总局,http://www.sport.gov.cn/,2024-09-16,,,,,,,,,,,,,,
船舶制造,1.1,万吨,33,%,中国船舶工业协会,http://www.csia.org.cn/,2024-09-16,,,,,,,,,,,,,,
机器人制造,0.8,万吨,22,%,中国机器人产业联盟,http://www.robotics.org.cn/,2024-09-16,,,,,,,,,,,,,,
新能源车,3.1,万吨,30,%,中国新能源汽车技术创新战略联盟,http://www.nev.org.cn/,2024-09-16,,,,,,,,,,,,,,
建筑,3,万吨,22,%,中国建筑材料联合会,http://www.cbmda.org.cn/,2024-09-16,,,,,,,,,,,,,,
医疗器械,0.8,万吨,15,%,中国医疗器械行业协会,http://www.cmei.org.cn/,2024-09-16,,,,,,,,,,,,,,
海洋工程,4.2,万吨,28,%,中国海洋工程协会,http://www.cmeoa.org.cn/,2024-09-16,,,,,,,,,,,,,,
电子产品,1.5,万吨,18,%,中国电子信息产业协会,http://www.ceia.org.cn/,2024-09-16,,,,,,,,,,,,,,
火箭制造,2.7,万吨,45,%,中国航天科技集团,http://www.casic.com/,2024-09-16,,,,,,,,,,,,,,
高尔夫球具,0.2,万吨,30,%,中国高尔夫球具专业协会,http://www.china-golf.org/,2024-09-16,,,,,,,,,,,,,,
防弹材料,0.3,万吨,50,%,中国防弹材料产业协会,http://www.chinaballistic.org/,2024-09-16,,,,,,,,,,,,,,
新能源汽车,1.2,万吨,40,%,国家汽车产业发展协会,http://www.caam.org.cn/,2024-09-16,,,,,,,,,,,,,,
航空配件,2.5,万吨,35,%,中国航空工业集团,http://www.avic.com/,2024-09-16,,,,,,,,,,,,,,
自行车,0.4,万吨,20,%,中国自行车协会,http://www.ccba.org.cn/,2024-09-16,,,,,,,,,,,,,,
海洋工程,1.2,万吨,38,%,中国海洋工程协会,http://www.cmeoa.org.cn/,2024-09-16,,,,,,,,,,,,,,
建筑材料,3.5,万吨,45,%,中国建筑材料联合会,http://www.cbmca.gov.cn/,2024-09-16,,,,,,,,,,,,,,
医疗设备,0.8,万吨,20,%,中国医疗器械协会,http://www.cme.org.cn/,2024-09-16,,,,,,,,,,,,,,
电动车,1.5,万吨,30,%,中国电动汽车百人会,http://www.evh.org.cn/,2024-09-16,,,,,,,,,,,,,,
轨道交通,2.8,万吨,35,%,中国轨道交通协会,http://www.china-rta.org/,2024-09-16,,,,,,,,,,,,,,
风力涡轮机,4,万吨,35,%,中国风能协会,http://www.cwea.org.cn/,2024-09-16,,,,,,,,,,,,,,
体育设备,0.6,万吨,50,%,国际体育设施委员会,http://www.isfc.org/,2024-09-16,,,,,,,,,,,,,,
电子消费品,0.9,万吨,25,%,中国电子协会,http://www.cae.org.cn/,2024-09-16,,,,,,,,,,,,,,
高性能纤维,1.1,万吨,60,%,中国纺织工业协会,http://www.ctei.gov.cn/,2024-09-16,,,,,,,,,,,,,,
无人驾驶汽车,0.75,万吨,15,%,中国汽车工程学会,http://www.sae-china.org/,2024-09-16,,,,,,,,,,,,,,
建筑,1.2,万吨,50,%,中国建筑材料工业协会,http://www.cbmia.org.cn/,2024-09-16,,,,,,,,,,,,,,
电子产品,0.8,万吨,45,%,中国电子信息产业发展研究院,http://www.ccidgroup.com/,2024-09-16,,,,,,,,,,,,,,
风力发电,3.22,万吨,33,%,中国风能协会,http://www.cwea.org.cn/,2024-09-16,,,,,,,,,,,,,,
医疗器械,0.15,万吨,20,%,中国医疗器械行业协会,http://www.cmeia.org/,2024-09-16,,,,,,,,,,,,,,
国防,1.75,万吨,28,%,中国国防科技工业局,http://www.mod.gov.cn/,2024-09-16,,,,,,,,,,,,,,
船舶制造,0.5,万吨,35,%,中国船舶工业协会,http://www.csic.com.cn/,2024-09-16,,,,,,,,,,,,,,
无人驾驶,0.65,万吨,60,%,中国智能网联汽车产业发展联盟,http://www.chinaiv.org.cn/,2024-09-16,,,,,,,,,,,,,,
航空物流,0.12,万吨,70,%,中国航空物流协会,http://www.cala.org.cn/,2024-09-16,,,,,,,,,,,,,,
运动器材,0.9,万吨,55,%,中国运动器材协会,http://www.csioc.org/,2024-09-16,,,,,,,,,,,,,,
高性能材料,0.25,万吨,40,%,中国先进材料协会,http://www.cams.org.cn/,2024-09-16,,,,,,,,,,,,,,
航天科技,3.5,万吨,35,%,中国航天科技集团公司,http://www.casc.gov.cn/,2024-09-16,,,,,,,,,,,,,,
建筑,1.2,万吨,20,%,中国建筑材料联合会,http://www.cnbm.com.cn/,2024-09-16,,,,,,,,,,,,,,
海洋工程,0.9,万吨,45,%,中国海洋工程研究院,http://www.cimec.org.cn/,2024-09-16,,,,,,,,,,,,,,
电动车制造,1.75,万吨,50,%,中国电动车产业技术创新战略联盟,http://www.evitas.org/,2024-09-16,,,,,,,,,,,,,,
医疗器械,0.3,万吨,60,%,中国医疗器械行业协会,http://www.cmda.org.cn/,2024-09-16,,,,,,,,,,,,,,
消费电子,1,万吨,30,%,中国电子信息产业发展研究院,http://www.eidc.org.cn/,2024-09-16,,,,,,,,,,,,,,
机器人制造,0.4,万吨,50,%,中国机器人产业发展联盟,http://www.cria.org.cn/,2024-09-16,,,,,,,,,,,,,,
航运业,0.6,万吨,20,%,中国航运协会,http://www.csoc.org.cn/,2024-09-16,,,,,,,,,,,,,,
体育器材,1.5,万吨,70,%,中国体育总局,http://www.sport.gov.cn/,2024-09-16,,,,,,,,,,,,,,
航空制造,4,万吨,32,%,中国航空工业集团公司,http://www.avic.com/,2024-09-16,,,,,,,,,,,,,,
建筑材料,1.2,万吨,15,%,中国建筑材料联合会,http://www.cnbm.com.cn/,2024-09-16,,,,,,,,,,,,,,
医疗器械,0.3,万吨,50,%,中国医疗器械行业协会,http://www.cmeia.org/,2024-09-16,,,,,,,,,,,,,,
风力发电,6.5,万吨,27,%,中国可再生能源学会,http://www.creia.org.cn/,2024-09-16,,,,,,,,,,,,,,
船舶制造,0.9,万吨,20,%,中国船舶工业行业协会,http://www.csia.org.cn/,2024-09-16,,,,,,,,,,,,,,
电子产品,0.4,万吨,33,%,中国电子信息产业发展研究院,http://www.ccidgroup.com/,2024-09-16,,,,,,,,,,,,,,
运动器械,0.65,万吨,42,%,中国体育用品行业协会,http://www.csia.org.cn/,2024-09-16,,,,,,,,,,,,,,
消费电子,0.85,万吨,38,%,中国电子产业协会,http://www.cnia.org.cn/,2024-09-16,,,,,,,,,,,,,,
军事装备,1.6,万吨,45,%,中国国防科技工业,http://www.mod.gov.cn/,2024-09-16,,,,,,,,,,,,,,
机器人,0.75,万吨,30,%,中国机器人产业联盟,http://www.craig.org.cn/,2024-09-16,,,,,,,,,,,,,,
高端制造,7.2,万吨,19,%,中国高端制造业协会,http://www.china-highend-manufacturing.com/,2024-09-16,,,,,,,,,,,,,,
建筑,3.12,万吨,22,%,中国建筑材料工业协会,http://www.cbmia.org.cn/,2024-09-16,,,,,,,,,,,,,,
医疗器械,0.75,万吨,15,%,中国医疗器械行业协会,http://www.cmda.org.cn/,2024-09-16,,,,,,,,,,,,,,
轨道交通,1.5,万吨,28,%,中国铁路总公司,http://www.china-railway.com/,2024-09-16,,,,,,,,,,,,,,
船舶制造,0.8,万吨,32,%,中国船舶工业集团,http://www.csic.com/,2024-09-16,,,,,,,,,,,,,,
电子产品,0.4,万吨,18,%,中国电子信息产业发展研究院,http://www.cie.gov.cn/,2024-09-16,,,,,,,,,,,,,,
风电叶片,6.5,万吨,40,%,中国可再生能源学会,http://www.creia.org.cn/,2024-09-16,,,,,,,,,,,,,,
高性能运动装备,0.3,万吨,40,%,中国运动器材技术协会,http://www.sportsequipment.org.cn/,2024-09-16,,,,,,,,,,,,,,
航天探测器,3.5,万吨,35,%,中国航天科技集团公司,http://www.cast.cn/,2024-09-16,,,,,,,,,,,,,,
电动汽车,1.2,万吨,45,%,中国电动汽车百人会,http://www.evc100.com/,2024-09-16,,,,,,,,,,,,,,
体育设施,0.9,万吨,50,%,中国体育科学学会,http://www.cass.org.cn/,2024-09-16,,,,,,,,,,,,,,
建筑,3.1,万吨,20,%,中国建筑材料行业协会,http://www.cbmda.org.cn/,2024-09-16,,,,,,,,,,,,,,
电子电器,0.76,万吨,28,%,中国电子技术标准化研究院,http://www.cesi.research.cn/,2024-09-16,,,,,,,,,,,,,,
铁路运输,1.5,万吨,15,%,中国国家铁路集团,http://www.china-railway.gov.cn/,2024-09-16,,,,,,,,,,,,,,
风力涡轮发电机,6.3,万吨,45,%,中国风能协会,http://www.cwea.org.cn/,2024-09-16,,,,,,,,,,,,,,
高端装备制造,2.9,万吨,38,%,中国机械工业联合会,http://www.cmeia.org/,2024-09-16,,,,,,,,,,,,,,
医疗器械,0.4,万吨,50,%,中国医学装备协会,http://www.cme.org.cn/,2024-09-16,,,,,,,,,,,,,,
航天航空,4.7,万吨,35,%,中国航天科技集团,http://www.casc.cn/,2024-09-16,,,,,,,,,,,,,,
新能源汽车,0.9,万吨,30,%,中国新能源汽车产业发展促进会,http://www.cnev.cn/,2024-09-16,,,,,,,,,,,,,,
国防,1.2,万吨,50,%,中国国防科技工业协会,http://www.dsti.gov.cn/,2024-09-16,,,,,,,,,,,,,,
运动鞋,0.3,万吨,20,%,中国鞋业协会,http://www.chinasiac.com/,2024-09-16,,,,,,,,,,,,,,
建筑,3.1,万吨,50,%,中国建筑材料联合会,http://www.cbmac.org.cn/,2024-09-16,,,,,,,,,,,,,,
电子产品,0.75,万吨,20,%,中国电子技术标准化研究院,http://www.cesi.cn/,2024-09-16,,,,,,,,,,,,,,
轨道交通,4.2,万吨,35,%,中国铁道科学研究院,http://www.rit.edu.cn/,2024-09-16,,,,,,,,,,,,,,
航海,0.9,万吨,25,%,中国船舶工业集团公司,http://www.csic.com.cn/,2024-09-16,,,,,,,,,,,,,,
风电设备,7.25,万吨,15,%,中国风能协会,http://www.cwea.org.cn/,2024-09-16,,,,,,,,,,,,,,
医疗器械,1.15,万吨,30,%,中国医疗器械行业协会,http://www.cmde.org.cn/,2024-09-16,,,,,,,,,,,,,,
高级运动器材,1.6,万吨,45,%,中国运动器材协会,http://www.csia.com.cn/,2024-09-16,,,,,,,,,,,,,,
机器人,0.85,万吨,40,%,中国机器人产业联盟,http://www.cria.org.cn/,2024-09-16,,,,,,,,,,,,,,
家电,0.55,万吨,20,%,中国家用电器协会,http://www.ceap.org.cn/,2024-09-16,,,,,,,,,,,,,,
环境保护设备,2.5,万吨,35,%,中国环境保护产业协会,http://www.cnepi.com.cn/,2024-09-16,,,,,,,,,,,,,,
建筑材料,3.15,万吨,50,%,中国建材协会,http://www.china-cement.org/,2024-09-16,,,,,,,,,,,,,,
船舶制造,1.2,万吨,45,%,中国船舶重工集团公司,http://www.csic.com.cn/,2024-09-16,,,,,,,,,,,,,,
自动化设备,0.75,万吨,20,%,中国自动化学会,http://www.caai.cn/,2024-09-16,,,,,,,,,,,,,,
医疗器械,1.5,万吨,30,%,中国医疗器械行业协会,http://www.cmda.org.cn/,2024-09-16,,,,,,,,,,,,,,
环境监测,0.3,万吨,60,%,中国环境保护部,http://www.mep.gov.cn/,2024-09-16,,,,,,,,,,,,,,
国防科技,4.75,万吨,35,%,中国国防科技集团公司,http://www.casic.com/,2024-09-16,,,,,,,,,,,,,,
体育器械,0.9,万吨,55,%,中国体育总局,http://www.sport.gov.cn/,2024-09-16,,,,,,,,,,,,,,
电子消费品,0.65,万吨,40,%,中国电子商会,http://www.cec.org.cn/,2024-09-16,,,,,,,,,,,,,,
火箭发射,2.1,万吨,30,%,中国航天科技集团公司,http://www.casc.cn/,2024-09-16,,,,,,,,,,,,,,
农业机械,0.25,万吨,50,%,中国农业机械化协会,http://www.camda.org.cn/,2024-09-16,,,,,,,,,,,,,,
电子产品,1.12,万吨,28,%,中国电子材料行业协会,http://www.cema.org.cn/,2024-09-16,,,,,,,,,,,,,,
建筑,3.5,万吨,32,%,中国建筑材料联合会,http://www.cbma.org.cn/,2024-09-16,,,,,,,,,,,,,,
新能源汽车,4.75,万吨,45,%,中国汽车工业协会,http://www.autochina.org/,2024-09-16,,,,,,,,,,,,,,
航天发射器,3.2,万吨,50,%,中国航天科技集团,http://www.casic.cn/,2024-09-16,,,,,,,,,,,,,,
医疗器械,0.85,万吨,30,%,中国医疗器械行业协会,http://www.cmeia.org/,2024-09-16,,,,,,,,,,,,,,
风力发电机,8.42,万吨,38,%,中国风能协会,http://www.cwea.org.cn/,2024-09-16,,,,,,,,,,,,,,
运动器材,1.2,万吨,42,%,中国运动器材协会,http://www.csia.org.cn/,2024-09-16,,,,,,,,,,,,,,
铁路运输,2.98,万吨,22,%,中国铁路总公司,http://www.china-railway.com.cn/,2024-09-16,,,,,,,,,,,,,,
电动工具,0.67,万吨,29,%,中国工具协会,http://www.tool.org.cn/,2024-09-16,,,,,,,,,,,,,,
3D打印,0.25,万吨,40,%,中国3D打印产业技术创新战略联盟,http://www.3dprinting.org.cn/,2024-09-16,,,,,,,,,,,,,,
建筑材料,3.1,万吨,50,%,中国建筑业协会,http://www.cab.org.cn/,2024-09-16,,,,,,,,,,,,,,
医疗设备,0.37,万吨,15,%,中国医疗器械行业协会,http://www.camdi.org.cn/,2024-09-16,,,,,,,,,,,,,,
风电叶片,6,万吨,40,%,中国风能协会,http://www.cwea.org.cn/,2024-09-16,,,,,,,,,,,,,,
航天器,1.5,万吨,70,%,国家航天局,http://www.cnsa.gov.cn/,2024-09-16,,,,,,,,,,,,,,
机器人,0.62,万吨,20,%,中国机器人产业联盟,http://www.robotics.org.cn/,2024-09-16,,,,,,,,,,,,,,
消费电子,0.15,万吨,10,%,中国电子协会,http://www.ce.org.cn/,2024-09-16,,,,,,,,,,,,,,
海洋工程,0.8,万吨,30,%,中国海洋工程协会,http://www.coee.org.cn/,2024-09-16,,,,,,,,,,,,,,
滑雪设备,0.25,万吨,45,%,中国滑雪协会,http://www.cn-ski.org/,2024-09-16,,,,,,,,,,,,,,
电动汽车,1.2,万吨,35,%,中国电动汽车协会,http://www.chinaev.org/,2024-09-16,,,,,,,,,,,,,,
模具制造,0.4,万吨,20,%,中国模具工业协会,http://www.chinamold.org/,2024-09-16,,,,,,,,,,,,,,
建筑材料,3.5,万吨,15,%,中国建筑材料联合会,http://www.cbma.org.cn/,2024-09-16,,,,,,,,,,,,,,
电子产品,1.2,万吨,10,%,电子信息产业基地,http://www.epsonline.cn/,2024-09-16,,,,,,,,,,,,,,
风电叶片,6.3,万吨,40,%,中国风电协会,http://www.cwea.org.cn/,2024-09-16,,,,,,,,,,,,,,
医疗器械,0.85,万吨,20,%,中国医疗器械协会,http://www.cmda.gov.cn/,2024-09-16,,,,,,,,,,,,,,
军工,4.5,万吨,50,%,中国军工集团,http://www.csic.com/,2024-09-16,,,,,,,,,,,,,,
休闲运动装备,0.75,万吨,25,%,中国运动装备协会,http://www.csia.org.cn/,2024-09-16,,,,,,,,,,,,,,
火箭发射,2.9,万吨,35,%,国家航天局,http://www.cnsa.gov.cn/,2024-09-16,,,,,,,,,,,,,,
船舶制造,1.1,万吨,30,%,中国船舶工业集团,http://www.csic.com/,2024-09-16,,,,,,,,,,,,,,
高性能运动器材,0.95,万吨,30,%,中国高尔夫协会,http://www.golf.org.cn/,2024-09-16,,,,,,,,,,,,,,
交通设施,2.7,万吨,15,%,中国交通运输协会,http://www.catr.gov.cn/,2024-09-16,,,,,,,,,,,,,,
建筑,3.15,万吨,50,%,中国建筑材料联合会,http://www.cbma.org.cn/,2024-09-16,,,,,,,,,,,,,,
医疗器械,1.07,万吨,70,%,中国医疗器械行业协会,http://www.camdi.org.cn/,2024-09-16,,,,,,,,,,,,,,
电子电气,0.825,万吨,15,%,中国电子材料行业协会,http://www.cemai.org.cn/,2024-09-16,,,,,,,,,,,,,,
轨道交通,2.5,万吨,45,%,中国轨道交通协会,http://www.crtsa.org.cn/,2024-09-16,,,,,,,,,,,,,,
海洋工程,1.4,万吨,30,%,中国海洋工程协会,http://www.cmoea.org.cn/,2024-09-16,,,,,,,,,,,,,,
防护装备,0.62,万吨,55,%,中国安全防护用品协会,http://www.csppa.org.cn/,2024-09-16,,,,,,,,,,,,,,
新能源汽车,2.9,万吨,35,%,中国汽车工业协会,http://www.autoindustry.org.cn/,2024-09-16,,,,,,,,,,,,,,
风力涡轮机,4.1,万吨,40,%,中国风能协会,http://www.cwea.org.cn/,2024-09-16,,,,,,,,,,,,,,
航天器制造,3.75,万吨,60,%,中国航天科技集团,http://www.spacechina.com/,2024-09-16,,,,,,,,,,,,,,
运动器械,0.95,万吨,50,%,中国体育用品产业联合会,http://www.csport.org.cn/,2024-09-16,,,,,,,,,,,,,,
建筑行业,3.5,万吨,22,%,中国建筑材料联合会,http://www.cbmf.org.cn/,2024-09-16,,,,,,,,,,,,,,
医疗器械,1.2,万吨,15,%,中国医疗器械行业协会,http://www.cmeia.org/,2024-09-16,,,,,,,,,,,,,,
航空运输,4.1,万吨,28,%,中国国际航空公司,http://www.airchina.com/,2024-09-16,,,,,,,,,,,,,,
电子产品,0.75,万吨,18,%,中国电子信息产业集团,http://www.cec.org.cn/,2024-09-16,,,,,,,,,,,,,,
家居用品,0.3,万吨,33,%,中国家居行业协会,http://www.chinafurniture.org.cn/,2024-09-16,,,,,,,,,,,,,,
船舶制造,2.8,万吨,26,%,中国船舶工业行业协会,http://www.csic.com.cn/,2024-09-16,,,,,,,,,,,,,,
铁路交通,1.1,万吨,20,%,中国铁路总公司,http://www.china-railway.com/,2024-09-16,,,,,,,,,,,,,,
运动器材,0.7,万吨,30,%,全国体育用品生产企业联合会,http://www.cnsta.com/,2024-09-16,,,,,,,,,,,,,,
石油与天然气,0.92,万吨,19,%,中国石油天然气集团公司,http://www.cnpc.com.cn/,2024-09-16,,,,,,,,,,,,,,
军事装备,0.5,万吨,45,%,中国兵器工业集团公司,http://www.casic.com/,2024-09-16,,,,,,,,,,,,,,
建筑,3.2,万吨,50,%,中国建筑材料协会,http://www.cbmcn.com/,2024-09-16,,,,,,,,,,,,,,
电子产品,1.1,万吨,28,%,中国电子行业协会,http://www.ceia.org.cn/,2024-09-16,,,,,,,,,,,,,,
铁路运输,4,万吨,45,%,中国铁路总公司,http://www.china-railway.com.cn/,2024-09-16,,,,,,,,,,,,,,
海洋工程,2.5,万吨,60,%,中国海洋工程协会,http://www.coae.org.cn/,2024-09-16,,,,,,,,,,,,,,
医疗器械,0.75,万吨,30,%,中国医疗器械行业协会,http://www.cmdi.org.cn/,2024-09-16,,,,,,,,,,,,,,
航海运动,0.22,万吨,40,%,中国航海运动协会,http://www.cnsa.org.cn/,2024-09-16,,,,,,,,,,,,,,
防弹材料,0.12,万吨,35,%,中国军工集团,http://www.cmc.com.cn/,2024-09-16,,,,,,,,,,,,,,
机器人,1.6,万吨,22,%,中国机器人产业联盟,http://www.cria.org.cn/,2024-09-16,,,,,,,,,,,,,,
艺术与文化产品,0.09,万吨,33,%,中国艺术产业协会,http://www.chinaarts.org.cn/,2024-09-16,,,,,,,,,,,,,,
3D打印,0.3,万吨,27,%,中国3D打印产业联盟,http://www.china3d.org/,2024-09-16,,,,,,,,,,,,,,
建筑材料,3.2,万吨,45,%,中国建筑材料联合会,http://www.cbmda.org.cn/,2024-09-16,,,,,,,,,,,,,,
海洋工程,1.75,万吨,38,%,中国海洋工程协会,http://www.cmoe.org.cn/,2024-09-16,,,,,,,,,,,,,,
轨道交通,4.5,万吨,20,%,中国轨道交通协会,http://www.crtsa.org.cn/,2024-09-16,,,,,,,,,,,,,,
电子产品,2.1,万吨,50,%,中国电子信息产业发展研究院,http://www.ccidconsulting.com/,2024-09-16,,,,,,,,,,,,,,
医疗器械,1.3,万吨,30,%,中国医疗器械行业协会,http://www.cbdma.org.cn/,2024-09-16,,,,,,,,,,,,,,
防护材料,0.9,万吨,55,%,中国纺织品工业联合会,http://www.ctei.org.cn/,2024-09-16,,,,,,,,,,,,,,
航空航天,3.4,万吨,37,%,中国航空工业集团,http://www.avic.com/,2024-09-16,,,,,,,,,,,,,,
高性能运动器材,1.2,万吨,42,%,中国高水平运动装备协会,http://www.sportingequipment.org.cn/,2024-09-16,,,,,,,,,,,,,,
文化与艺术品,0.5,万吨,27,%,中国艺术与科技融合协会,http://www.arttech.org.cn/,2024-09-16,,,,,,,,,,,,,,
新区开发,2.8,万吨,33,%,中国城市发展研究院,http://www.cudri.org.cn/,2024-09-16,,,,,,,,,,,,,,
建筑材料,1.2,万吨,15,%,中国建筑材料联合会,http://www.cbmta.org.cn/,2024-09-16,,,,,,,,,,,,,,
医疗器械,0.3,万吨,20,%,中国生物材料学会,http://www.csbm.org.cn/,2024-09-16,,,,,,,,,,,,,,
高铁,4,万吨,50,%,中国铁路工程总公司,http://www.crec.cn/,2024-09-16,,,,,,,,,,,,,,
船舶制造,0.9,万吨,30,%,中国船舶工业集团,http://www.csic.com/,2024-09-16,,,,,,,,,,,,,,
电子产品,0.25,万吨,10,%,中国电子科技集团,http://www.cet.com.cn/,2024-09-16,,,,,,,,,,,,,,
土木工程,0.7,万吨,22,%,中国土木工程学会,http://www.cacm.org.cn/,2024-09-16,,,,,,,,,,,,,,
航天,3.5,万吨,45,%,中国航天科技集团,http://www.casc.cn/,2024-09-16,,,,,,,,,,,,,,
无人驾驶,0.65,万吨,27,%,中国智能驾驶产业协会,http://www.zhida.org/,2024-09-16,,,,,,,,,,,,,,
机器人,1.1,万吨,33,%,中国机器人产业联盟,http://www.icrobotics.org/,2024-09-16,,,,,,,,,,,,,,
运动器械,0.4,万吨,38,%,中国运动器械生产协会,http://www.csims.org/,2024-09-16,,,,,,,,,,,,,,
建筑材料,3.6,万吨,50,%,中国建筑材料联合会,http://www.cbmda.org.cn/,2024-09-16,,,,,,,,,,,,,,
医疗器械,0.25,万吨,15,%,中国医疗器械行业协会,http://www.cmda.org.cn/,2024-09-16,,,,,,,,,,,,,,
运动器材,1.15,万吨,45,%,中国体育科技协会,http://www.sportstech.org.cn/,2024-09-16,,,,,,,,,,,,,,
电子产品,0.8,万吨,20,%,中国电子设备协会,http://www.ceda.org.cn/,2024-09-16,,,,,,,,,,,,,,
船舶制造,1.95,万吨,30,%,中国船舶企业协会,http://www.cssea.org.cn/,2024-09-16,,,,,,,,,,,,,,
铁路交通,1.75,万吨,35,%,中国铁路工程协会,http://www.crea.org.cn/,2024-09-16,,,,,,,,,,,,,,
风暴、耐候性材料,2.2,万吨,28,%,中国新材料工业协会,http://www.cnmia.org.cn/,2024-09-16,,,,,,,,,,,,,,
军事装备,0.9,万吨,50,%,中国军工集团,http://www.china-military.com/,2024-09-16,,,,,,,,,,,,,,
高性能电池材料,0.3,万吨,10,%,中国电池行业协会,http://www.cba.org.cn/,2024-09-16,,,,,,,,,,,,,,
偏光片和液晶显示器,0.12,万吨,22,%,中国光电材料协会,http://www.china-opto.org.cn/,2024-09-16,,,,,,,,,,,,,,
建筑,3.2,万吨,15,%,中国建筑材料工业协会,http://www.cbmia.org.cn/,2024-09-16,,,,,,,,,,,,,,
电子产品,0.65,万吨,28,%,中国电子信息产业发展研究院,http://www.ccid.com/,2024-09-16,,,,,,,,,,,,,,
火箭发射,4,万吨,50,%,中国航天科技集团,http://www.casc.ac.cn/,2024-09-16,,,,,,,,,,,,,,
医疗器械,1.1,万吨,22,%,中国医疗器械行业协会,http://www.cmda.org.cn/,2024-09-16,,,,,,,,,,,,,,
风能,7,万吨,30,%,中国风电设备制造商协会,http://www.cwea.org.cn/,2024-09-16,,,,,,,,,,,,,,
火车,1.5,万吨,40,%,中国铁路总公司,http://www.china-railway.com.cn/,2024-09-16,,,,,,,,,,,,,,
机器人,0.78,万吨,45,%,中国机器人产业联盟,http://www.chinarobot.org.cn/,2024-09-16,,,,,,,,,,,,,,
航海,1.2,万吨,35,%,中国航海学会,http://www.maritime.ac.cn/,2024-09-16,,,,,,,,,,,,,,
军工,2.5,万吨,60,%,中国军工集团,http://www.china-greatwall.com/,2024-09-16,,,,,,,,,,,,,,
消费电子,0.99,万吨,20,%,中国信息产业部,http://www.miit.gov.cn/,2024-09-16,,,,,,,,,,,,,,
建筑,3.25,万吨,32,%,中国建筑材料联合会,http://www.cbmta.org.cn/,2024-09-16,,,,,,,,,,,,,,
电子产品,1.68,万吨,45,%,电子行业协会,http://www.eia.org.cn/,2024-09-16,,,,,,,,,,,,,,
火箭发射,0.95,万吨,50,%,中国航天科技集团,http://www.casc.cn/,2024-09-16,,,,,,,,,,,,,,
防护装备,0.77,万吨,40,%,中国防护产业协会,http://www.cpiia.org/,2024-09-16,,,,,,,,,,,,,,
风能叶片,2.45,万吨,20,%,可再生能源协会,http://www.rea.org.cn/,2024-09-16,,,,,,,,,,,,,,
船舶制造,1.02,万吨,35,%,中国船舶工业协会,http://www.csic.com.cn/,2024-09-16,,,,,,,,,,,,,,
机器人,0.58,万吨,38,%,中国机器人产业联盟,http://www.robotics.org.cn/,2024-09-16,,,,,,,,,,,,,,
高端医疗器械,0.35,万吨,48,%,中国医疗器械注册中心,http://www.cmde.org.cn/,2024-09-16,,,,,,,,,,,,,,
3D打印,0.12,万吨,30,%,中国3D打印技术产业协会,http://www.3dprint.org.cn/,2024-09-16,,,,,,,,,,,,,,
环保材料,0.85,万吨,22,%,绿色中国,http://www.greenchina.org/,2024-09-16,,,,,,,,,,,,,,
建筑,3.2,万吨,20,%,中国建筑材料工业协会,http://www.cbmda.org.cn/,2024-09-16,,,,,,,,,,,,,,
电气设备,1.14,万吨,27,%,中国电力设备服务网,http://www.csg.cn/,2024-09-16,,,,,,,,,,,,,,
高端装备制造,4.5,万吨,33,%,中国机械工业联合会,http://www.cmif.org.cn/,2024-09-16,,,,,,,,,,,,,,
航运,3.25,万吨,22,%,中国船舶工业协会,http://www.csic.com.cn/,2024-09-16,,,,,,,,,,,,,,
医疗器械,0.7,万吨,15,%,中国医疗器械行业协会,http://www.cmed.org.cn/,2024-09-16,,,,,,,,,,,,,,
国防,1.8,万吨,45,%,中国国防科技信息中心,http://www.casic.org.cn/,2024-09-16,,,,,,,,,,,,,,
无人驾驶,6.1,万吨,38,%,中国汽车技术研究中心,http://www.catarc.ac.cn/,2024-09-16,,,,,,,,,,,,,,
火箭发射,2.5,万吨,50,%,国家航天局,http://www.cnsa.gov.cn/,2024-09-16,,,,,,,,,,,,,,
家电,0.9,万吨,28,%,中国家电协会,http://www.ceac.org.cn/,2024-09-16,,,,,,,,,,,,,,
半导体,0.25,万吨,19,%,中国半导体行业协会,http://www.csia.net.cn/,2024-09-16,,,,,,,,,,,,,,
建筑,3.5,万吨,45,%,中国建筑材料联合会,http://www.cbmca.org.cn/,2024-09-16,,,,,,,,,,,,,,
军事,1.2,万吨,55,%,中国军工企业协会,http://www.military-china.com/,2024-09-16,,,,,,,,,,,,,,
医疗设备,0.9,万吨,35,%,中国医疗器械行业协会,http://www.cmdi.org.cn/,2024-09-16,,,,,,,,,,,,,,
电子产品,2.7,万吨,30,%,中国电子技术标准化研究院,http://www.electronics.org.cn/,2024-09-16,,,,,,,,,,,,,,
船舶制造,4.1,万吨,20,%,中国船舶工业行业协会,http://www.canship.org.cn/,2024-09-16,,,,,,,,,,,,,,
轨道交通,2.8,万吨,50,%,中国铁路工程协会,http://www.crec.com.cn/,2024-09-16,,,,,,,,,,,,,,
机器人,0.7,万吨,60,%,中国机器人产业联盟,http://www.robotics.org.cn/,2024-09-16,,,,,,,,,,,,,,
航天,3.3,万吨,40,%,中国航天科技集团,http://www.casc.com.cn/,2024-09-16,,,,,,,,,,,,,,
家具,1.5,万吨,30,%,中国家具协会,http://www.cfa.org.cn/,2024-09-16,,,,,,,,,,,,,,
可再生能源,6.7,万吨,28,%,全球可再生能源协会,http://www.renewable-energy.org/,2024-09-16,,,,,,,,,,,,,,
火箭技术,3.5,万吨,55,%,中国航天科技集团,http://www.casc.com.cn/,2024-09-16,,,,,,,,,,,,,,
建筑材料,1.2,万吨,15,%,中国建筑材料联合会,http://www.cbmba.org.cn/,2024-09-16,,,,,,,,,,,,,,
风力发电叶片,4.7,万吨,40,%,中国可再生能源学会,http://www.creia.org.cn/,2024-09-16,,,,,,,,,,,,,,
高端装备制造,2.9,万吨,32,%,中国机械工业联合会,http://www.cmtba.org.cn/,2024-09-16,,,,,,,,,,,,,,
医疗器械,0.7,万吨,25,%,中国医疗器械行业协会,http://www.cmde.org.cn/,2024-09-16,,,,,,,,,,,,,,
跑车,0.9,万吨,20,%,中国汽车工程学会,http://www.cae.org.cn/,2024-09-16,,,,,,,,,,,,,,
船舶制造,1.5,万吨,30,%,中国船舶工业协会,http://www.csic.com.cn/,2024-09-16,,,,,,,,,,,,,,
体育器材,1,万吨,45,%,中国体育科学学会,http://www.cssa.org.cn/,2024-09-16,,,,,,,,,,,,,,
电子产品,0.8,万吨,35,%,中国电子学会,http://www.ieee.org.cn/,2024-09-16,,,,,,,,,,,,,,
极限运动设备,0.4,万吨,50,%,中国极限运动协会,http://www.chinesextremesports.org/,2024-09-16,,,,,,,,,,,,,,
建筑,3.15,万吨,45,%,中国建筑材料联合会,http://www.cbmca.org.cn/,2024-09-16,,,,,,,,,,,,,,
电子产品,1.25,万吨,28,%,科技部研究报告,http://www.most.gov.cn/,2024-09-16,,,,,,,,,,,,,,
运动器械,0.75,万吨,50,%,中国体育产业协会,http://www.chinasports.org.cn/,2024-09-16,,,,,,,,,,,,,,
风力发电,8.3,万吨,33,%,国家风能协会,http://www.cwea.org.cn/,2024-09-16,,,,,,,,,,,,,,
海洋工程,4.5,万吨,20,%,中国海洋工程协会,http://www.coia.org.cn/,2024-09-16,,,,,,,,,,,,,,
医疗器械,0.6,万吨,30,%,中国医疗器械协会,http://www.cmechina.org/,2024-09-16,,,,,,,,,,,,,,
机器人,1.02,万吨,25,%,中国机器人产业联盟,http://www.cria.org.cn/,2024-09-16,,,,,,,,,,,,,,
轨道交通,2.8,万吨,35,%,中国铁路总公司,http://www.cnrailway.com/,2024-09-16,,,,,,,,,,,,,,
室内装潢,0.9,万吨,40,%,中国建筑装饰协会,http://www.cjad.org.cn/,2024-09-16,,,,,,,,,,,,,,
航天器,3.5,万吨,50,%,中国航天科技集团,http://www.casc.com.cn/,2024-09-16,,,,,,,,,,,,,,
建筑材料,3.12,万吨,34,%,中国建筑材料联合会,http://www.cbmda.org.cn/,2024-09-16,,,,,,,,,,,,,,
电子产品,2.5,万吨,45,%,中国电子元件行业协会,http://www.cec.org.cn/,2024-09-16,,,,,,,,,,,,,,
医疗设备,0.9,万吨,50,%,中华医学会,http://www.cma.org.cn/,2024-09-16,,,,,,,,,,,,,,
铁路,1.75,万吨,28,%,中国铁路总公司,http://www.china-railway.com/,2024-09-16,,,,,,,,,,,,,,
风力涡轮机,6.5,万吨,22,%,中国风能协会,http://www.cwea.org.cn/,2024-09-16,,,,,,,,,,,,,,
航海技术,1.2,万吨,30,%,中国船舶工业协会,http://www.csia.org.cn/,2024-09-16,,,,,,,,,,,,,,
军工产品,3.5,万吨,40,%,中国军工集团,http://www.csic.com.cn/,2024-09-16,,,,,,,,,,,,,,
高尔夫球具,0.35,万吨,55,%,中国高尔夫球具产业协会,http://www.cgpa.org.cn/,2024-09-16,,,,,,,,,,,,,,
防弹材料,0.6,万吨,42,%,中国防护装备协会,http://www.china-armor.com/,2024-09-16,,,,,,,,,,,,,,
无人驾驶汽车,0.8,万吨,60,%,中国无人驾驶技术协会,http://www.udta.org.cn/,2024-09-16,,,,,,,,,,,,,,
船舶制造,1.2,万吨,50,%,中国船舶工业协会,http://www.csia.org.cn/,2024-09-16,,,,,,,,,,,,,,
建筑,3.5,万吨,15,%,中国建筑业协会,http://www.caia.org.cn/,2024-09-16,,,,,,,,,,,,,,
电子产品,0.3,万吨,10,%,中国电子信息产业发展研究院,http://www.casis.net.cn/,2024-09-16,,,,,,,,,,,,,,
风筝材料,0.02,万吨,70,%,中国风筝协会,http://www.kite.org.cn/,2024-09-16,,,,,,,,,,,,,,
医疗器械,0.1,万吨,25,%,中国医学装备协会,http://www.cme.org.cn/,2024-09-16,,,,,,,,,,,,,,
体育赛事装备,0.75,万吨,45,%,中国奥林匹克委员会,http://www.olympic.cn/,2024-09-16,,,,,,,,,,,,,,
电动车,0.9,万吨,30,%,中国电动汽车百人会,http://www.eab.org.cn/,2024-09-16,,,,,,,,,,,,,,
无人驾驶汽车,0.65,万吨,20,%,中国智能网联汽车产业创新联盟,http://www.caes.org.cn/,2024-09-16,,,,,,,,,,,,,,
家居用品,0.45,万吨,35,%,中国家居协会,http://www.cfh.org.cn/,2024-09-16,,,,,,,,,,,,,,
机电设备,2.4,万吨,20,%,中国机电产品进出口商会,http://www.cccme.org.cn/,2024-09-16,,,,,,,,,,,,,,
医疗器械,0.75,万吨,50,%,中国医疗器械行业协会,http://www.cmdi.org.cn/,2024-09-16,,,,,,,,,,,,,,
建筑,2.1,万吨,15,%,中国建筑业协会,http://www.cab.org.cn/,2024-09-16,,,,,,,,,,,,,,
电子产品,0.6,万吨,10,%,中国电子商会,http://www.cecc.org.cn/,2024-09-16,,,,,,,,,,,,,,
风力发电,7.5,万吨,35,%,中国风能协会,http://www.cwea.org.cn/,2024-09-16,,,,,,,,,,,,,,
船舶制造,1.2,万吨,20,%,中国船舶工业协会,http://www.csia.org.cn/,2024-09-16,,,,,,,,,,,,,,
军事设备,0.9,万吨,60,%,中国军工集团,http://www.csic.com/,2024-09-16,,,,,,,,,,,,,,
交通运输,1.5,万吨,30,%,中国交通运输部,http://www.mot.gov.cn/,2024-09-16,,,,,,,,,,,,,,
机器人,0.35,万吨,45,%,中国机器人产业协会,http://www.cria.org.cn/,2024-09-16,,,,,,,,,,,,,,
运动器材,1.1,万吨,55,%,中国运动器材协会,http://www.sportsia.org.cn/,2024-09-16,,,,,,,,,,,,,,
高端装备制造,3,万吨,40,%,中国高端装备制造业协会,http://www.ghd.org.cn/,2024-09-16,,,,,,,,,,,,,,
建筑,1.25,万吨,22,%,中国建筑材料工业协会,http://www.cbmia.org.cn/,2024-09-16,,,,,,,,,,,,,,
医疗器械,0.75,万吨,45,%,国家药监局,http://www.nmpa.gov.cn/,2024-09-16,,,,,,,,,,,,,,
电子产品,3.1,万吨,28,%,中国电子技术标准化研究院,http://www.cesi.cn/,2024-09-16,,,,,,,,,,,,,,
轨道交通,2.6,万吨,32,%,中国铁路总公司,http://www.china-railway.com.cn/,2024-09-16,,,,,,,,,,,,,,
海洋工程,0.95,万吨,50,%,上海海洋大学,http://www.shou.edu.cn/,2024-09-16,,,,,,,,,,,,,,
航天,3.5,万吨,40,%,中国航天科技集团,http://www.casic.com/,2024-09-16,,,,,,,,,,,,,,
风力发电设备,6.12,万吨,30,%,中国风能协会,http://www.cwea.org.cn/,2024-09-16,,,,,,,,,,,,,,
体育器材,0.81,万吨,38,%,中国体育总局,http://www.sport.gov.cn/,2024-09-16,,,,,,,,,,,,,,
家用电器,1.2,万吨,33,%,中国家用电器协会,http://www.cheaa.org/,2024-09-16,,,,,,,,,,,,,,
复合材料领域,4.5,万吨,20,%,中国复合材料学会,http://www.ccms.org.cn/,2024-09-16,,,,,,,,,,,,,,
船舶制造,1.1,万吨,15,%,中国船舶工业集团,http://www.csic.com.cn/,2024-09-16,,,,,,,,,,,,,,
风力发电,6.4,万吨,28,%,国家可再生能源中心,http://www.nrec.gov.cn/,2024-09-16,,,,,,,,,,,,,,
医疗器械,0.35,万吨,45,%,中国医疗器械协会,http://www.cme.gov.cn/,2024-09-16,,,,,,,,,,,,,,
建筑材料,3.2,万吨,22,%,中国建筑材料集团,http://www.cnbm.com.cn/,2024-09-16,,,,,,,,,,,,,,
电子产品,0.75,万吨,33,%,中国电子信息产业集团,http://www.cec-ceda.org.cn/,2024-09-16,,,,,,,,,,,,,,
环境监测,0.2,万吨,50,%,环境保护部,http://www.mee.gov.cn/,2024-09-16,,,,,,,,,,,,,,
机器人,1.5,万吨,30,%,中国机器人产业联盟,http://www.cria.org.cn/,2024-09-16,,,,,,,,,,,,,,
火箭发射,2.8,万吨,35,%,中国航天科技集团,http://www.casc.com.cn/,2024-09-16,,,,,,,,,,,,,,
高性能运动器材,1.2,万吨,40,%,中国高性能运动器材协会,http://www.chinasport.org/,2024-09-16,,,,,,,,,,,,,,
电动车,0.9,万吨,20,%,中国电动车产业协会,http://www.ceda.org.cn/,2024-09-16,,,,,,,,,,,,,,
建筑,3.4,万吨,45,%,中国建筑材料协会,http://www.cbma.org.cn/,2024-09-16,,,,,,,,,,,,,,
电子,0.76,万吨,15,%,中国电子商会,http://www.cecc.gov.cn/,2024-09-16,,,,,,,,,,,,,,
船舶制造,1.2,万吨,38,%,中国船舶重工集团公司,http://www.csic.com.cn/,2024-09-16,,,,,,,,,,,,,,
医疗器械,0.93,万吨,22,%,中国医疗器械行业协会,http://www.camdi.org.cn/,2024-09-16,,,,,,,,,,,,,,
制药,0.25,万吨,28,%,中国制药工业协会,http://www.cphi.com.cn/,2024-09-16,,,,,,,,,,,,,,
体育用品,2.1,万吨,50,%,中国体育用品联合会,http://www.csia.org.cn/,2024-09-16,,,,,,,,,,,,,,
机器人,0.3,万吨,33,%,中国机器人产业联盟,http://www.cria.org.cn/,2024-09-16,,,,,,,,,,,,,,
风电设备,7.8,万吨,30,%,中国风能协会,http://www.cwea.org.cn/,2024-09-16,,,,,,,,,,,,,,
航天科技,4,万吨,35,%,中国航天科技集团公司,http://www.casic.com.cn/,2024-09-16,,,,,,,,,,,,,,
自动化设备,0.32,万吨,25,%,中国自动化学会,http://www.china-aus.org/,2024-09-16,,,,,,,,,,,,,,
建筑材料,4.1,万吨,40,%,中国建筑材料联合会,http://www.cbmda.org.cn/,2024-09-16,,,,,,,,,,,,,,
机器人,0.75,万吨,50,%,国际机器人联合会,http://www.ifr.org/,2024-09-16,,,,,,,,,,,,,,
航天,3.5,万吨,45,%,中国航天科技集团,http://www.spacechina.com/,2024-09-16,,,,,,,,,,,,,,
医疗器械,1.2,万吨,60,%,中国医疗器械行业协会,http://www.cmda.org.cn/,2024-09-16,,,,,,,,,,,,,,
水上运动装备,0.5,万吨,30,%,中国水上运动协会,http://www.chinesesailing.org/,2024-09-16,,,,,,,,,,,,,,
电子产品,0.65,万吨,25,%,中国电子信息产业发展研究院,http://www.iipr.cn/,2024-09-16,,,,,,,,,,,,,,
轨道交通,2.4,万吨,55,%,中国国家铁路集团有限公司,http://www.china-railway.com.cn/,2024-09-16,,,,,,,,,,,,,,
风能发电机,5,万吨,30,%,中国可再生能源学会,http://www.creia.org.cn/,2024-09-16,,,,,,,,,,,,,,
军用装备,1.8,万吨,70,%,中国人民解放军总装备部,http://www.mod.gov.cn/,2024-09-16,,,,,,,,,,,,,,
船舶制造,0.9,万吨,35,%,中国船舶工业协会,http://www.cansi.org.cn/,2024-09-16,,,,,,,,,,,,,,
建筑,3.5,万吨,20,%,中国建筑材料联合会,http://www.cbma.org.cn/,2024-09-16,,,,,,,,,,,,,,
风能,7.15,万吨,35,%,中国风能协会,http://www.cwea.org.cn/,2024-09-16,,,,,,,,,,,,,,
体育器材,2.34,万吨,50,%,中国体育用品联合会,http://www.csia.org.cn/,2024-09-16,,,,,,,,,,,,,,
航天,3.9,万吨,40,%,中国航天科技集团,http://www.spacechina.com/,2024-09-16,,,,,,,,,,,,,,
高铁交通,1.25,万吨,30,%,中国铁路总公司,http://www.china-railway.com/,2024-09-16,,,,,,,,,,,,,,
无人驾驶,0.65,万吨,28,%,中国智能交通研究院,http://www.citra.cn/,2024-09-16,,,,,,,,,,,,,,
Marine Vehicles,0.8,万吨,45,%,中国海洋工程协会,http://www.coae.org/,2024-09-16,,,,,,,,,,,,,,
医疗设备,0.19,万吨,50,%,中国医药协会,http://www.cmda.gov.cn/,2024-09-16,,,,,,,,,,,,,,
消费电子,0.12,万吨,20,%,中国电子信息产业发展研究院,http://www.ccidresearch.com/,2024-09-16,,,,,,,,,,,,,,
防护装备,0.25,万吨,35,%,国家应急管理部,http://www.mem.gov.cn/,2024-09-16,,,,,,,,,,,,,,
建筑,3.1,万吨,18,%,中国建筑材料协会,http://www.cbmia.com/,2024-09-16,,,,,,,,,,,,,,
电子产品,0.75,万吨,15,%,中国电子元件行业协会,http://www.ceaa.org.cn/,2024-09-16,,,,,,,,,,,,,,
机器人,0.9,万吨,28,%,中国机器人产业联盟,http://www.cria.org.cn/,2024-09-16,,,,,,,,,,,,,,
航空器部件,1.5,万吨,35,%,中国航空工业集团,http://www.avic.com/,2024-09-16,,,,,,,,,,,,,,
海洋工程,2.8,万吨,22,%,中国海洋工程建设协会,http://www.omec.org.cn/,2024-09-16,,,,,,,,,,,,,,
军事装备,1.2,万吨,40,%,中国国防科技工业协会,http://www.dsti.cn/,2024-09-16,,,,,,,,,,,,,,
碳纤维复合材料,4.5,万吨,50,%,中国复合材料技术网,http://www.composite.org.cn/,2024-09-16,,,,,,,,,,,,,,
医疗器械,0.2,万吨,10,%,中国医疗器械行业协会,http://www.cmda.org.cn/,2024-09-16,,,,,,,,,,,,,,
自行车,0.35,万吨,33,%,中国自行车协会,http://www.china-bicycle.org/,2024-09-16,,,,,,,,,,,,,,
太阳能光伏,1.1,万吨,20,%,国家能源局可再生能源司,http://www.nea.gov.cn/,2024-09-16,,,,,,,,,,,,,,
建筑,3.5,万吨,20,%,中国建筑材料联合会,http://www.cbmia.com/,2024-09-16,,,,,,,,,,,,,,
医疗设备,0.8,万吨,15,%,中国医疗器械行业协会,http://www.cmia.org.cn/,2024-09-16,,,,,,,,,,,,,,
海洋工程,1.2,万吨,28,%,中国航天科技集团,http://www.casc.com.cn/,2024-09-16,,,,,,,,,,,,,,
电子通信,1.65,万吨,22,%,中国信息通信研究院,http://www.caict.ac.cn/,2024-09-16,,,,,,,,,,,,,,
机器人,0.3,万吨,33,%,中国机器人产业联盟,http://www.cria.org.cn/,2024-09-16,,,,,,,,,,,,,,
防护装备,0.75,万吨,45,%,中国安全生产委员会,http://www.chinasafety.gov.cn/,2024-09-16,,,,,,,,,,,,,,
航天装置,2.7,万吨,35,%,中国航天科技集团公司,http://www.casic.com/,2024-09-16,,,,,,,,,,,,,,
可再生能源,4.5,万吨,30,%,中国可再生能源学会,http://www.creia.org.cn/,2024-09-16,,,,,,,,,,,,,,
铁路运输,1.1,万吨,27,%,中国铁路总公司,http://www.china-railway.com.cn/,2024-09-16,,,,,,,,,,,,,,
消防设备,0.4,万吨,50,%,中国消防协会,http://www.cfa.gov.cn/,2024-09-16,,,,,,,,,,,,,,
建筑,1.2,万吨,50,%,中国建筑材料联合会,http://www.chinabuildingmaterials.org.cn/,2024-09-16,,,,,,,,,,,,,,
医疗器械,0.35,万吨,20,%,中国医疗器械行业协会,http://www.cmda.org.cn/,2024-09-16,,,,,,,,,,,,,,
风力发电,6.5,万吨,28,%,中国可再生能源学会,http://www.creia.org.cn/,2024-09-16,,,,,,,,,,,,,,
电子产品,0.95,万吨,15,%,中国电子学会,http://www.ieee.org.cn/,2024-09-16,,,,,,,,,,,,,,
铁路运输,3.25,万吨,30,%,中国铁路总公司,http://www.china-railway.com.cn/,2024-09-16,,,,,,,,,,,,,,
潜水装备,0.2,万吨,60,%,中国水下技术协会,http://www.uwta.org.cn/,2024-09-16,,,,,,,,,,,,,,
航海,1.8,万吨,45,%,中国船舶工业协会,http://www.csic.com/,2024-09-16,,,,,,,,,,,,,,
机器人,0.4,万吨,50,%,中国机器人产业联盟,http://www.cria.org.cn/,2024-09-16,,,,,,,,,,,,,,
卫星通信,0.5,万吨,25,%,中国卫星通信产业发展协会,http://www.chinasatcom.org.cn/,2024-09-16,,,,,,,,,,,,,,
3D打印,0.8,万吨,40,%,中国3D打印产业技术创新战略联盟,http://www.3dprinter.org.cn/,2024-09-16,,,,,,,,,,,,,,
建筑材料,1.2,万吨,15,%,中国建筑材料联合会,http://www.cbmda.org.cn/,2024-09-16,,,,,,,,,,,,,,
海洋工程,0.75,万吨,28,%,中国海洋工程协会,http://www.coa.org.cn/,2024-09-16,,,,,,,,,,,,,,
电子产品,0.2,万吨,18,%,中国电子信息产业发展研究院,http://www.ieid.org.cn/,2024-09-16,,,,,,,,,,,,,,
高性能体育装备,0.95,万吨,45,%,中国奥委会,http://www.chinaolympic.com/,2024-09-16,,,,,,,,,,,,,,
风电叶片,4,万吨,32,%,中国风能协会,http://www.cwea.org.cn/,2024-09-16,,,,,,,,,,,,,,
医疗器械,0.4,万吨,12,%,国家卫生健康委员会,http://www.nhc.gov.cn/,2024-09-16,,,,,,,,,,,,,,
碳纤维复合材料,3.5,万吨,40,%,中国复合材料技术网,http://www.cntcomposite.com/,2024-09-16,,,,,,,,,,,,,,
制药工业,0.15,万吨,10,%,中国药品监督管理局,http://www.nmpa.gov.cn/,2024-09-16,,,,,,,,,,,,,,
智能交通,0.65,万吨,20,%,中国智能交通协会,http://www.china-its.org.cn/,2024-09-16,,,,,,,,,,,,,,
机器人行业,0.3,万吨,22,%,中国机器人产业联盟,http://www.cria.org.cn/,2024-09-16,,,,,,,,,,,,,,
建筑行业,3.5,万吨,45,%,中国建筑材料联合会,http://www.cbmf.cn/,2024-09-16,,,,,,,,,,,,,,
军事装备,1.75,万吨,50,%,中国军工集团,http://www.cmic.com.cn/,2024-09-16,,,,,,,,,,,,,,
高尔夫球具,0.2,万吨,30,%,中国高尔夫球具协会,http://www.igga.org/,2024-09-16,,,,,,,,,,,,,,
电子消费品,2.8,万吨,15,%,中国电子商会,http://www.cecc.org.cn/,2024-09-16,,,,,,,,,,,,,,
风力涡轮机,6.25,万吨,22,%,中国风能协会,http://www.cwea.org.cn/,2024-09-16,,,,,,,,,,,,,,
航海技术,0.4,万吨,40,%,中国航海协会,http://www.cma.gov.cn/,2024-09-16,,,,,,,,,,,,,,
重型机械,1.6,万吨,32,%,中国重型机械工业协会,http://www.chinaheavy.com/,2024-09-16,,,,,,,,,,,,,,
医疗器械,0.75,万吨,28,%,中国医疗器械行业协会,http://www.cmda.org.cn/,2024-09-16,,,,,,,,,,,,,,
机器人技术,0.9,万吨,35,%,中国机器人协会,http://www.roboticssociety.org.cn/,2024-09-16,,,,,,,,,,,,,,
耐高温材料,1.1,万吨,55,%,中国材料研究院,http://www.chinacmri.org.cn/,2024-09-16,,,,,,,,,,,,,,
轨道交通,1.2,万吨,40,%,中国铁路总公司,http://www.china-railway.com.cn/,2024-09-16,,,,,,,,,,,,,,
建筑,0.75,万吨,35,%,中国建筑材料工业协会,http://www.cnbm.com.cn/,2024-09-16,,,,,,,,,,,,,,
船舶制造,0.65,万吨,28,%,中国船舶重工集团公司,http://www.csic.com.cn/,2024-09-16,,,,,,,,,,,,,,
电子产品,0.28,万吨,15,%,中国电子科技集团公司,http://www.cetc.com.cn/,2024-09-16,,,,,,,,,,,,,,
医疗器械,0.15,万吨,50,%,国家药品监督管理局,http://www.nmpa.gov.cn/,2024-09-16,,,,,,,,,,,,,,
无人驾驶,0.32,万吨,45,%,中国智能网联汽车产业发展联盟,http://www.caam.org.cn/,2024-09-16,,,,,,,,,,,,,,
特种工业设备,0.2,万吨,30,%,中国特种设备检测协会,http://www.cesl.org.cn/,2024-09-16,,,,,,,,,,,,,,
动力电池,0.5,万吨,20,%,中国电池工业协会,http://www.cbia.org.cn/,2024-09-16,,,,,,,,,,,,,,
运动器械,1.05,万吨,60,%,中国运动器械安全协会,http://www.safety.org.cn/,2024-09-16,,,,,,,,,,,,,,
军事装备,3,万吨,50,%,中国军事科学院,http://www.cmc.org.cn/,2024-09-16,,,,,,,,,,,,,,
建筑,1.2,万吨,15,%,中国建筑材料联合会,http://www.cbmca.org.cn/,2024-09-16,,,,,,,,,,,,,,
电子产品,0.75,万吨,10,%,中国电子科技集团,http://www.cetc.com.cn/,2024-09-16,,,,,,,,,,,,,,
医疗设备,0.3,万吨,20,%,中国医疗器械行业协会,http://www.camdi.org.cn/,2024-09-16,,,,,,,,,,,,,,
船舶制造,4,万吨,50,%,中国船舶重工集团公司,http://www.cssc.net.cn/,2024-09-16,,,,,,,,,,,,,,
轨道交通,3.5,万吨,45,%,中国城市轨道交通协会,http://www.ccrtsa.com/,2024-09-16,,,,,,,,,,,,,,
航空航天,2.5,万吨,35,%,中国航天科技集团,http://www.spacechina.com/,2024-09-16,,,,,,,,,,,,,,
工业自动化,0.65,万吨,15,%,中国自动化学会,http://www.caa.org.cn/,2024-09-16,,,,,,,,,,,,,,
运动器材,2.1,万吨,40,%,中国体育用品联合会,http://www.csia.org.cn/,2024-09-16,,,,,,,,,,,,,,
机器人技术,0.9,万吨,28,%,中国机器人产业协会,http://www.cria.org.cn/,2024-09-16,,,,,,,,,,,,,,
包装材料,0.4,万吨,12,%,中国包装联合会,http://www.chinapack.org.cn/,2024-09-16,,,,,,,,,,,,,,
建筑行业,3.5,万吨,18,%,中国建筑材料联合会,http://www.cbmta.org.cn/,2024-09-16,,,,,,,,,,,,,,
船舶制造,1.25,万吨,22,%,中国船舶工业行业协会,http://www.csic.com.cn/,2024-09-16,,,,,,,,,,,,,,
可穿戴设备,0.75,万吨,28,%,中国电子消费品协会,http://www.cec.org.cn/,2024-09-16,,,,,,,,,,,,,,
火箭产业,0.9,万吨,40,%,中国航天科技集团,http://www.casc.com.cn/,2024-09-16,,,,,,,,,,,,,,
运动器材,2.15,万吨,55,%,中国运动器材协会,http://www.sportschina.org/,2024-09-16,,,,,,,,,,,,,,
医疗器械,0.3,万吨,15,%,中国医疗器械行业协会,http://www.cmdi.org.cn/,2024-09-16,,,,,,,,,,,,,,
轨道交通,4,万吨,33,%,中国轨道交通协会,http://www.china-railway.gov.cn/,2024-09-16,,,,,,,,,,,,,,
电动车,2.8,万吨,20,%,电动车产业协会,http://www.electricvehicle.org.cn/,2024-09-16,,,,,,,,,,,,,,
航空航天,3.2,万吨,35,%,中国航空协会,http://www.chinaaviation.com/,2024-09-16,,,,,,,,,,,,,,
消费电子,0.6,万吨,30,%,中国电子科技行业协会,http://www.cetc.org.cn/,2024-09-16,,,,,,,,,,,,,,
建筑,4.3,万吨,50,%,中国建筑材料联合会,http://www.cbmia.com/,2024-09-16,,,,,,,,,,,,,,
医疗器械,0.75,万吨,15,%,中国医疗器械采购网,http://www.cmdp.org.cn/,2024-09-16,,,,,,,,,,,,,,
风电叶片,3.2,万吨,35,%,中国风能协会,http://www.cwea.org.cn/,2024-09-16,,,,,,,,,,,,,,
高性能运动装备,0.65,万吨,45,%,中国高性能运动装备组织,http://www.chinasportgear.org/,2024-09-16,,,,,,,,,,,,,,
计算机外设,0.1,万吨,20,%,中国电子产品协会,http://www.cepa.org.cn/,2024-09-16,,,,,,,,,,,,,,
宇宙探索,1.5,万吨,60,%,中国航天科技集团,http://www.casc.com.cn/,2024-09-16,,,,,,,,,,,,,,
机器人制造,0.4,万吨,30,%,中国机器人产业联盟,http://www.robotics.org.cn/,2024-09-16,,,,,,,,,,,,,,
海洋工程,2.7,万吨,55,%,中国海洋工程协会,http://www.cboe.org.cn/,2024-09-16,,,,,,,,,,,,,,
航空运输,1.9,万吨,40,%,中国航空运输集团,http://www.cahkg.com/,2024-09-16,,,,,,,,,,,,,,
绿色建筑材料,3.1,万吨,35,%,中国绿色建筑协会,http://www.cgbhousing.org.cn/,2024-09-16,,,,,,,,,,,,,,
建筑工程,3.5,万吨,28,%,中国建筑材料联合会,http://www.cbmia.org.cn/,2024-09-16,,,,,,,,,,,,,,
电子产品,1.2,万吨,15,%,中国电子科技集团公司,http://www.cec.org.cn/,2024-09-16,,,,,,,,,,,,,,
marine,0.68,万吨,10,%,中国船舶工业集团,http://www.csic.com.cn/,2024-09-16,,,,,,,,,,,,,,
医疗器械,0.95,万吨,22,%,中国医疗器械行业协会,http://www.camdi.org.cn/,2024-09-16,,,,,,,,,,,,,,
地铁轨道交通,2.1,万吨,33,%,中国铁道部,http://www.motr.gov.cn/,2024-09-16,,,,,,,,,,,,,,
机器人技术,0.4,万吨,30,%,中国工业机器人协会,http://www.cira.org.cn/,2024-09-16,,,,,,,,,,,,,,
休闲体育设备,0.85,万吨,45,%,中国休闲体育发展中心,http://www.clrc.org.cn/,2024-09-16,,,,,,,,,,,,,,
化工行业,1.6,万吨,20,%,中国化学工业联合会,http://www.icc.org.cn/,2024-09-16,,,,,,,,,,,,,,
高尔夫球具,0.25,万吨,50,%,中国高尔夫球具协会,http://www.chinagolf.org.cn/,2024-09-16,,,,,,,,,,,,,,
轨道交通,2.7,万吨,35,%,中国轨道交通协会,http://www.china-railway.com.cn/,2024-09-16,,,,,,,,,,,,,,
建筑,1.12,万吨,45,%,中国建筑材料联合会,http://www.cbmf.org.cn/,2024-09-16,,,,,,,,,,,,,,
运动器材,0.75,万吨,50,%,中国运动器材协会,http://www.china-sport.com/,2024-09-16,,,,,,,,,,,,,,
高铁,1.5,万吨,35,%,中国铁路总公司,http://www.china-railway.com.cn/,2024-09-16,,,,,,,,,,,,,,
海洋工程,3.25,万吨,28,%,中国海洋工程建设协会,http://www.coec.org.cn/,2024-09-16,,,,,,,,,,,,,,
电子产品,0.9,万吨,20,%,中国电子产业协会,http://www.chinaelectronics.org/,2024-09-16,,,,,,,,,,,,,,
军事装备,1.92,万吨,50,%,国家国防科技工业局,http://www.minitrydefense.gov.cn/,2024-09-16,,,,,,,,,,,,,,
航运,2.5,万吨,30,%,中国航海协会,http://www.china-maritime.org/,2024-09-16,,,,,,,,,,,,,,
机器人,0.65,万吨,25,%,中国机器人产业联盟,http://www.robotics.org.cn/,2024-09-16,,,,,,,,,,,,,,
环境监测,0.37,万吨,40,%,中国环境保护协会,http://www.cepa.org.cn/,2024-09-16,,,,,,,,,,,,,,
医用材料,0.1,万吨,15,%,中国医疗器械行业协会,http://www.cmda.org.cn/,2024-09-16,,,,,,,,,,,,,,
建筑材料,3.5,万吨,18,%,中国建筑材料工业协会,http://www.cbmia.org.cn/,2024-09-16,,,,,,,,,,,,,,
国防,1.2,万吨,35,%,中国国防科技工业集团,http://www.casic.com/,2024-09-16,,,,,,,,,,,,,,
电子产品,0.78,万吨,22,%,中国电子技术标准化研究院,http://www.etri.cn/,2024-09-16,,,,,,,,,,,,,,
医疗器械,0.3,万吨,29,%,中国医疗器械行业协会,http://www.cmda.org.cn/,2024-09-16,,,,,,,,,,,,,,
船舶制造,4.1,万吨,27,%,中国船舶工业集团,http://www.cssc.net/,2024-09-16,,,,,,,,,,,,,,
航空发动机,2,万吨,33,%,中国航空发动机集团,http://www.avic.com/,2024-09-16,,,,,,,,,,,,,,
运动设备,1.5,万吨,41,%,中国体育用品科学技术研究所,http://www.csportslab.com/,2024-09-16,,,,,,,,,,,,,,
高性能轮胎,0.9,万吨,24,%,中国轮胎工业协会,http://www.ctia.org.cn/,2024-09-16,,,,,,,,,,,,,,
风力涡轮机,6,万吨,32,%,中国可再生能源协会,http://www.creia.org.cn/,2024-09-16,,,,,,,,,,,,,,
轨道交通,2.5,万吨,26,%,中国轨道交通装备协会,http://www.cra.org.cn/,2024-09-16,,,,,,,,,,,,,,
建筑,3.2,万吨,15,%,中国建筑材料联合会,http://www.chinabuild.com.cn/,2024-09-16,,,,,,,,,,,,,,
电子产品,0.73,万吨,22,%,中国电子元件协会,http://www.ceca.org.cn/,2024-09-16,,,,,,,,,,,,,,
医疗器械,0.3,万吨,50,%,中国医疗器械行业协会,http://www.cmda.org.cn/,2024-09-16,,,,,,,,,,,,,,
风力发电,7.5,万吨,28,%,中国风能协会,http://www.cwea.org.cn/,2024-09-16,,,,,,,,,,,,,,
轨道交通,1.6,万吨,35,%,中国轨道交通协会,http://www.crtac.org.cn/,2024-09-16,,,,,,,,,,,,,,
军事装备,2.1,万吨,40,%,中国军事科学院,http://www.cmc.gov.cn/,2024-09-16,,,,,,,,,,,,,,
船舶制造,1.5,万吨,18,%,中国船舶工业协会,http://www.csic.com.cn/,2024-09-16,,,,,,,,,,,,,,
自行车,0.09,万吨,45,%,中国自行车协会,http://www.bike.org.cn/,2024-09-16,,,,,,,,,,,,,,
风电刀片,5,万吨,30,%,全球风能理事会,http://www.gwea.org/,2024-09-16,,,,,,,,,,,,,,
运动器材,0.65,万吨,33,%,中国运动器材协会,http://www.csia.org.cn/,2024-09-16,,,,,,,,,,,,,,
建筑,3.12,万吨,18,%,中国建筑材料科学研究院,http://www.cmic.org.cn/,2024-09-16,,,,,,,,,,,,,,
电子产品,1.67,万吨,22,%,中国电子信息产业集团,http://www.cec-ep.com/,2024-09-16,,,,,,,,,,,,,,
医疗器械,0.76,万吨,15,%,中国医疗器械行业协会,http://www.cmda.org.cn/,2024-09-16,,,,,,,,,,,,,,
船舶制造,0.95,万吨,28,%,中国船舶工业协会,http://www.csic.com/,2024-09-16,,,,,,,,,,,,,,
航空,7.32,万吨,35,%,中国商用飞机有限责任公司,http://www.comac.cc/,2024-09-16,,,,,,,,,,,,,,
高铁,4.57,万吨,32,%,中国铁路工程集团,http://www.crecg.com/,2024-09-16,,,,,,,,,,,,,,
石油和天然气,1.05,万吨,25,%,中国石油天然气集团公司,http://www.cnpc.com.cn/,2024-09-16,,,,,,,,,,,,,,
航天,2.29,万吨,40,%,中国航天科技集团有限公司,http://www.casc.cn/,2024-09-16,,,,,,,,,,,,,,
防护装备,0.43,万吨,38,%,中国安全生产协会,http://www.chinasafety.gov.cn/,2024-09-16,,,,,,,,,,,,,,
运动器材,1.22,万吨,45,%,中国体育用品科学研究院,http://www.sportsci.cn/,2024-09-16,,,,,,,,,,,,,,
建筑,3.45,万吨,50,%,中国建筑材料联合会,http://www.cbcma.org.cn/,2024-09-16,,,,,,,,,,,,,,
航天,4.1,万吨,45,%,中国航天科技集团,http://www.casc.com.cn/,2024-09-16,,,,,,,,,,,,,,
风力发电,6.25,万吨,30,%,中国风能协会,http://www.cwea.org.cn/,2024-09-16,,,,,,,,,,,,,,
医疗器械,0.12,万吨,20,%,中国医疗器械协会,http://www.cmda.gov.cn/,2024-09-16,,,,,,,,,,,,,,
电子产品,0.76,万吨,35,%,中国电子科技集团,http://www.cetc.com.cn/,2024-09-16,,,,,,,,,,,,,,
海洋工程,1.92,万吨,40,%,国家海洋局,http://www.soa.gov.cn/,2024-09-16,,,,,,,,,,,,,,
体育器材,0.91,万吨,55,%,中国体育科学学会,http://www.cssas.org.cn/,2024-09-16,,,,,,,,,,,,,,
复合材料,2.5,万吨,33,%,中国复合材料专业委员会,http://www.ccmca.org.cn/,2024-09-16,,,,,,,,,,,,,,
轻量化运输,1.47,万吨,25,%,中国交通运输协会,http://www.cjta.org.cn/,2024-09-16,,,,,,,,,,,,,,
军工制造,3.8,万吨,60,%,中国兵器工业集团,http://www.csic.com.cn/,2024-09-16,,,,,,,,,,,,,,
电子产品,0.75,万吨,30,%,中国电子信息产业发展研究院,http://www.cei.gov.cn/,2024-09-16,,,,,,,,,,,,,,
轨道交通,1.2,万吨,45,%,中国轨道交通协会,http://www.railway.org.cn/,2024-09-16,,,,,,,,,,,,,,
建筑材料,0.9,万吨,50,%,中国建筑材料科学研究总院,http://www.cnbm.com/,2024-09-16,,,,,,,,,,,,,,
医疗设备,0.3,万吨,20,%,中国医疗器械行业协会,http://www.cmeia.org/,2024-09-16,,,,,,,,,,,,,,
军事应用,1.5,万吨,55,%,中国国防科技工业协会,http://www.defense.gov.cn/,2024-09-16,,,,,,,,,,,,,,
清洁能源,4.1,万吨,35,%,国务院能源办公室,http://www.ner.gov.cn/,2024-09-16,,,,,,,,,,,,,,
船舶制造,0.95,万吨,32,%,中国船舶工业协会,http://www.csic.com/,2024-09-16,,,,,,,,,,,,,,
工业自动化,1,万吨,28,%,中国自动化学会,http://www.caa.org.cn/,2024-09-16,,,,,,,,,,,,,,
智能家居,0.6,万吨,18,%,中国家电协会,http://www.cheaa.com/,2024-09-16,,,,,,,,,,,,,,
太阳能电池,2,万吨,40,%,中国光伏产业联盟,http://www.china-solar.org/,2024-09-16,,,,,,,,,,,,,,
建筑材料,3.2,万吨,15,%,中国建筑材料协会,http://www.cabm.net.cn/,2024-09-16,,,,,,,,,,,,,,
石油与天然气,1.5,万吨,20,%,中国石油气集团公司,http://www.cnpc.com.cn/,2024-09-16,,,,,,,,,,,,,,
航海设备,0.8,万吨,10,%,中国海洋工程装备行业协会,http://www.cmoea.org/,2024-09-16,,,,,,,,,,,,,,
电子产品,1.1,万吨,27,%,国家电子信息产业发展研究院,http://www.webrtc.org.cn/,2024-09-16,,,,,,,,,,,,,,
医疗器械,0.6,万吨,50,%,中国医疗器械行业协会,http://www.camdi.org.cn/,2024-09-16,,,,,,,,,,,,,,
航天器,4,万吨,35,%,中国航天科技集团公司,http://www.casc.com.cn/,2024-09-16,,,,,,,,,,,,,,
运动器械,0.9,万吨,60,%,中国体育用品行业协会,http://www.china-sportsproducts.com/,2024-09-16,,,,,,,,,,,,,,
电动滑板车,0.3,万吨,45,%,电动交通工具行业协会,http://www.electricvehicleassociation.org/,2024-09-16,,,,,,,,,,,,,,
机器人,0.7,万吨,35,%,中国机器人产业联盟,http://www.cria.org.cn/,2024-09-16,,,,,,,,,,,,,,
艺术和设计,0.4,万吨,55,%,中国艺术设计协会,http://www.cadi.org.cn/,2024-09-16,,,,,,,,,,,,,,
风电叶片,6.5,万吨,28,%,中国风电协会,http://www.cwea.org.cn/,2024-09-16,,,,,,,,,,,,,,
高性能运动器材,1.2,万吨,45,%,中国体育科学学会,http://www.cssa.gov.cn/,2024-09-16,,,,,,,,,,,,,,
建筑材料,3,万吨,22,%,中国建筑材料协会,http://www.cnbm.edu.cn/,2024-09-16,,,,,,,,,,,,,,
轨道交通,2.7,万吨,32,%,中国轨道交通协会,http://www.china-railway.org/,2024-09-16,,,,,,,,,,,,,,
医疗设备,0.8,万吨,50,%,中国医疗器械行业协会,http://www.cmea.org.cn/,2024-09-16,,,,,,,,,,,,,,
航天器材,3.5,万吨,35,%,中国航天科技集团,http://www.spacechina.com/,2024-09-16,,,,,,,,,,,,,,
无人驾驶汽车,1.8,万吨,40,%,中国汽车研究院,http://www.crap.org.cn/,2024-09-16,,,,,,,,,,,,,,
机器人,0.6,万吨,33,%,中国机器人产业联盟,http://www.robocenter.cn/,2024-09-16,,,,,,,,,,,,,,
智能家居设备,0.4,万吨,30,%,中国智能家居产业协会,http://www.china-smart-home.org/,2024-09-16,,,,,,,,,,,,,,
防弹材料,0.9,万吨,38,%,中国特种材料协会,http://www.special-materials.org.cn/,2024-09-16,,,,,,,,,,,,,,
建筑材料,3.2,万吨,15,%,中国建筑材料联合会,http://www.cbmda.org.cn/,2024-09-16,,,,,,,,,,,,,,
医疗器械,0.75,万吨,50,%,中国医学工程协会,http://www.cmea.org.cn/,2024-09-16,,,,,,,,,,,,,,
电子产品,2.1,万吨,20,%,中国电子信息产业发展研究院,http://www.ccidgroup.com/,2024-09-16,,,,,,,,,,,,,,
机器人,0.65,万吨,27,%,中国机器人产业联盟,http://www.cria.org.cn/,2024-09-16,,,,,,,,,,,,,,
风帆与帆船,0.29,万吨,32,%,中国帆船协会,http://www.chinasailing.org/,2024-09-16,,,,,,,,,,,,,,
航天器,1.5,万吨,35,%,中国航天科技集团,http://www.casc.cn/,2024-09-16,,,,,,,,,,,,,,
水下探测,0.2,万吨,10,%,中国海洋学会,http://www.cos.org.cn/,2024-09-16,,,,,,,,,,,,,,
军事装备,4.4,万吨,45,%,中国兵器工业集团,http://www.ncji.gov.cn/,2024-09-16,,,,,,,,,,,,,,
航空发动机,3.7,万吨,25,%,中国航空发动机集团,http://www.aeroengine.com.cn/,2024-09-16,,,,,,,,,,,,,,
船舶制造,1.1,万吨,30,%,中国船舶工业集团,http://www.cssc.net/,2024-09-16,,,,,,,,,,,,,,
船舶制造,1.2,万吨,22,%,中国船舶工业协会,http://www.csic.com.cn/,2024-09-16,,,,,,,,,,,,,,
风力发电机叶片,6.5,万吨,28,%,中国可再生能源学会,http://www.creia.org.cn/,2024-09-16,,,,,,,,,,,,,,
高端电子产品,0.8,万吨,10,%,中国消费电子协会,http://www.ceitc.org/,2024-09-16,,,,,,,,,,,,,,
医疗器械,0.3,万吨,50,%,中国医疗器械行业协会,http://www.cmda.org.cn/,2024-09-16,,,,,,,,,,,,,,
建筑,2.5,万吨,18,%,中国建筑业协会,http://www.china-civilengineering.com/,2024-09-16,,,,,,,,,,,,,,
火箭发射,1.1,万吨,35,%,中国航天科技集团,http://www.casic.gov.cn/,2024-09-16,,,,,,,,,,,,,,
高性能运动鞋,0.4,万吨,45,%,中国运动鞋行业协会,http://www.chinasneaker.com/,2024-09-16,,,,,,,,,,,,,,
人工智能硬件,0.6,万吨,15,%,中国人工智能产业发展联盟,http://www.caidi.org.cn/,2024-09-16,,,,,,,,,,,,,,
电子赛车,0.9,万吨,32,%,中国赛车文化推广中心,http://www.chinaracing.org/,2024-09-16,,,,,,,,,,,,,,
无人潜水器,0.15,万吨,40,%,中国深海探测协会,http://www.china-subs.org/,2024-09-16,,,,,,,,,,,,,,
轨道交通,1.2,万吨,28,%,中国轨道交通协会,http://www.china-railway.org.cn/,2024-09-16,,,,,,,,,,,,,,
建筑材料,3.5,万吨,15,%,中国建筑材料联合会,http://www.cbmia.com/,2024-09-16,,,,,,,,,,,,,,
电子产品,0.9,万吨,20,%,中国电子信息产业发展研究院,http://www.ccidgroup.com/,2024-09-16,,,,,,,,,,,,,,
防护装备,0.4,万吨,45,%,中国安全防护用品协会,http://www.csppa.org/,2024-09-16,,,,,,,,,,,,,,
医疗器械,0.6,万吨,32,%,中国医疗器械行业协会,http://www.cmdih.com/,2024-09-16,,,,,,,,,,,,,,
风力涡轮,7.2,万吨,18,%,中国风能协会,http://www.cwea.org.cn/,2024-09-16,,,,,,,,,,,,,,
火箭发射,1.5,万吨,35,%,中国航天科技集团,http://www.cast.cn/,2024-09-16,,,,,,,,,,,,,,
高尔夫球具,0.25,万吨,50,%,中国高尔夫协会,http://www.cga.org.cn/,2024-09-16,,,,,,,,,,,,,,
电动车,2.1,万吨,30,%,中国电动车工业协会,http://www.ceda.org.cn/,2024-09-16,,,,,,,,,,,,,,
3D打印,0.75,万吨,38,%,中国增材制造产业技术创新战略联盟,http://www.china3dprinting.org/,2024-09-16,,,,,,,,,,,,,,
风力发电,4.5,万吨,28,%,中国风能协会,http://www.cwea.org.cn/,2024-09-16,,,,,,,,,,,,,,
轨道交通,1.2,万吨,22,%,中国铁路总公司,http://www.china-railway.com.cn/,2024-09-16,,,,,,,,,,,,,,
建筑材料,3,万吨,45,%,中国建筑材料联合会,http://www.cbmca.org.cn/,2024-09-16,,,,,,,,,,,,,,
医疗器械,0.7,万吨,50,%,中国医疗器械行业协会,http://www.cmeia.org/,2024-09-16,,,,,,,,,,,,,,
船舶制造,0.9,万吨,30,%,中国船舶工业协会,http://www.cansi.org.cn/,2024-09-16,,,,,,,,,,,,,,
电子产品,2,万吨,35,%,中国电子信息产业集团,http://www.cec.org.cn/,2024-09-16,,,,,,,,,,,,,,
航天应用,3.8,万吨,40,%,中国航天科技集团公司,http://www.casc.gov.cn/,2024-09-16,,,,,,,,,,,,,,
运动器械,1.5,万吨,55,%,中国运动器械协会,http://www.cnsey.com/,2024-09-16,,,,,,,,,,,,,,
机器人,0.6,万吨,32,%,中国机器人产业联盟,http://www.cria.org.cn/,2024-09-16,,,,,,,,,,,,,,
农业设备,0.25,万吨,20,%,中国农业机械化协会,http://www.camelia.org.cn/,2024-09-16,,,,,,,,,,,,,,
建筑,3.1,万吨,45,%,中国建筑材料联合会,http://www.cbma.org.cn/,2024-09-16,,,,,,,,,,,,,,
电子产品,0.67,万吨,18,%,中国电子信息产业发展研究院,http://www.caiidr.org.cn/,2024-09-16,,,,,,,,,,,,,,
医疗设备,0.72,万吨,50,%,中国医药工业协会,http://www.camdi.org.cn/,2024-09-16,,,,,,,,,,,,,,
机器人,0.25,万吨,30,%,中国机器人产业协会,http://www.robotics.org.cn/,2024-09-16,,,,,,,,,,,,,,
海洋工程,1.9,万吨,35,%,中国海洋工程学会,http://www.coes.org.cn/,2024-09-16,,,,,,,,,,,,,,
轨道交通,0.9,万吨,40,%,中国轨道交通协会,http://www.china-railway.com.cn/,2024-09-16,,,,,,,,,,,,,,
航空器结构件,1.5,万吨,22,%,中国航空工业集团有限公司,http://www.avic.com/,2024-09-16,,,,,,,,,,,,,,
运动器材,0.88,万吨,37,%,国家体育总局,http://www.sport.gov.cn/,2024-09-16,,,,,,,,,,,,,,
可再生能源设备,6.3,万吨,28,%,国家能源局可再生能源司,http://www.nea.gov.cn/,2024-09-16,,,,,,,,,,,,,,
个人保护装备,0.39,万吨,33,%,中国安全防护产品协会,http://www.cspaa.org.cn/,2024-09-16,,,,,,,,,,,,,,
建筑材料,3.45,万吨,30,%,中国建筑材料联合会,http://www.cbmf.org.cn/,2024-09-16,,,,,,,,,,,,,,
电子产品,1.15,万吨,27,%,中国电子产品工业协会,http://www.ceia.net.cn/,2024-09-16,,,,,,,,,,,,,,
军事防护,0.78,万吨,45,%,中国国防科技,http://www.defense.gov.cn/,2024-09-16,,,,,,,,,,,,,,
海洋工程,4.32,万吨,35,%,中国海洋工程公司,http://www.cmec.co.cn/,2024-09-16,,,,,,,,,,,,,,
消费电子,0.65,万吨,15,%,中国消费电子协会,http://www.cecent.org.cn/,2024-09-16,,,,,,,,,,,,,,
轨道交通,2.9,万吨,50,%,中国轨道交通协会,http://www.rtc.org.cn/,2024-09-16,,,,,,,,,,,,,,
机械设备,1.02,万吨,20,%,中国机械工业联合会,http://www.cmif.org.cn/,2024-09-16,,,,,,,,,,,,,,
航空维修,0.23,万吨,40,%,中国民航局,http://www.caac.gov.cn/,2024-09-16,,,,,,,,,,,,,,
高端运动器材,0.76,万吨,55,%,中国体育管理中心,http://www.sport.gov.cn/,2024-09-16,,,,,,,,,,,,,,
可再生能源,3.12,万吨,31,%,中国可再生能源学会,http://www.creia.org.cn/,2024-09-16,,,,,,,,,,,,,,
风电设备,3.2,万吨,28,%,中国风电协会,http://www.cwea.org.cn/,2024-09-16,,,,,,,,,,,,,,
建筑材料,0.75,万吨,15,%,中国建筑材料协会,http://www.cnbm.com.cn/,2024-09-16,,,,,,,,,,,,,,
海洋工程,1.5,万吨,45,%,中国海洋工程协会,http://www.coae.org.cn/,2024-09-16,,,,,,,,,,,,,,
机器人技术,0.88,万吨,22,%,中国机器人产业联盟,http://www.cria.org.cn/,2024-09-16,,,,,,,,,,,,,,
医疗器械,0.12,万吨,36,%,中国医疗器械行业协会,http://www.cmda.org.cn/,2024-09-16,,,,,,,,,,,,,,
电子产品,1.2,万吨,18,%,中国电子商会,http://www.caecc.org.cn/,2024-09-16,,,,,,,,,,,,,,
军工,4.5,万吨,50,%,中国军事科技协会,http://www.cmis.cn/,2024-09-16,,,,,,,,,,,,,,
消费电子,0.5,万吨,30,%,中国消费电子协会,http://www.ccea.org.cn/,2024-09-16,,,,,,,,,,,,,,
飞行器,2.9,万吨,35,%,中国航空工业集团,http://www.avic.com/,2024-09-16,,,,,,,,,,,,,,
环保技术,1.1,万吨,20,%,中国环保产业协会,http://www.ceca.org.cn/,2024-09-16,,,,,,,,,,,,,,
海洋工程,1.2,万吨,28,%,中国海洋工程建设协会,http://www.cmoea.org.cn/,2024-09-16,,,,,,,,,,,,,,
医疗器械,0.75,万吨,15,%,中华医学会,http://www.cma.org.cn/,2024-09-16,,,,,,,,,,,,,,
建筑材料,4.5,万吨,32,%,中国建筑科学研究院,http://www.csnr.org.cn/,2024-09-16,,,,,,,,,,,,,,
电子产品,1,万吨,50,%,中国电子学会,http://www.ciee.org.cn/,2024-09-16,,,,,,,,,,,,,,
机器人,0.8,万吨,40,%,中国机器人产业发展联盟,http://www.crida.org.cn/,2024-09-16,,,,,,,,,,,,,,
火箭发射,3.5,万吨,35,%,中国航天科技集团,http://www.casc.cn/,2024-09-16,,,,,,,,,,,,,,
高端消费品,2.3,万吨,45,%,中国高端消费品协会,http://www.chinapremium.org.cn/,2024-09-16,,,,,,,,,,,,,,
铁路运输,1.6,万吨,20,%,国家铁路局,http://www.nra.gov.cn/,2024-09-16,,,,,,,,,,,,,,
光伏产业,4,万吨,30,%,中国光伏行业协会,http://www.cpv.org.cn/,2024-09-16,,,,,,,,,,,,,,
无人驾驶,1.5,万吨,38,%,中国智能驾驶产业研究中心,http://www.zdjc.org.cn/,2024-09-16,,,,,,,,,,,,,,
风力涡轮机,6.25,万吨,33,%,中国风能协会,http://www.cwea.org.cn/,2024-09-16,,,,,,,,,,,,,,
轨道交通,3.1,万吨,28,%,中国轨道交通协会,http://www.china-railway.com.cn/,2024-09-16,,,,,,,,,,,,,,
医疗器械,0.72,万吨,22,%,中国医疗器械行业协会,http://www.cmeia.org.cn/,2024-09-16,,,,,,,,,,,,,,
建筑材料,2.5,万吨,15,%,中国建筑材料联合会,http://www.cbmia.org.cn/,2024-09-16,,,,,,,,,,,,,,
电子产品,1.35,万吨,40,%,中国电子产品行业协会,http://www.ceia.org.cn/,2024-09-16,,,,,,,,,,,,,,
造船产业,4.01,万吨,26,%,中国造船工业协会,http://www.cansi.org/,2024-09-16,,,,,,,,,,,,,,
运动器材,0.9,万吨,50,%,中国体育用品协会,http://www.csia.org.cn/,2024-09-16,,,,,,,,,,,,,,
太阳能板,3.5,万吨,18,%,国家太阳能产业技术创新战略联盟,http://www.nsi.org.cn/,2024-09-16,,,,,,,,,,,,,,
武器装备,1.5,万吨,20,%,中国人民解放军装备发展部,http://www.mod.gov.cn/,2024-09-16,,,,,,,,,,,,,,
再生能源技术,0.6,万吨,38,%,国家发展和改革委员会,http://www.ndrc.gov.cn/,2024-09-16,,,,,,,,,,,,,,
轨道交通,1.2,万吨,50,%,中国城市轨道交通协会,http://www.curtah.com/,2024-09-16,,,,,,,,,,,,,,
建筑材料,3.5,万吨,45,%,中国建材集团,http://www.cnBM.com.cn/,2024-09-16,,,,,,,,,,,,,,
海洋工程,0.8,万吨,20,%,中国船舶工业集团,http://www.csic.com/,2024-09-16,,,,,,,,,,,,,,
机器人,0.65,万吨,15,%,中国机器人产业联盟,http://www.chinarobotics.org/,2024-09-16,,,,,,,,,,,,,,
医疗器械,0.32,万吨,28,%,中国生物医学工程学会,http://www.cmbes.org.cn/,2024-09-16,,,,,,,,,,,,,,
电子产品,1.1,万吨,37,%,中国电子科技集团,http://www.cetc.com.cn/,2024-09-16,,,,,,,,,,,,,,
航空航天,3.4,万吨,40,%,中国航天科技集团,http://www.casc.cn/,2024-09-16,,,,,,,,,,,,,,
纺织品,0.4,万吨,22,%,中国纺织工业联合会,http://www.ctei.gov.cn/,2024-09-16,,,,,,,,,,,,,,
计算机,0.25,万吨,10,%,中国计算机协会,http://www.cs.org.cn/,2024-09-16,,,,,,,,,,,,,,
军工,2,万吨,33,%,中国兵器工业集团,http://www.norincogroup.com/,2024-09-16,,,,,,,,,,,,,,