年月,企业,直营收入占比,单位,经销收入占比,单位.1,电商收入占比,单位.2,前五大客户占比,单位.3,最大客户占比,单位.4,采集来源,来源链接,采集时间,备注【疑问汇总】
2024,美特斯邦威,36.5,%,52.5,%,25.0,%,6.5,%,2.8,%,前瞻产业研究院,https://www.qianzhan.com,,
2023,安踏,42.5,%,22.0,%,35.5,%,3.5,%,1.5,%,银河网,https://www.yh.com,,
2024,Puma,26.0,%,65.0,%,25.0,%,10.0,%,3.0,%,亚太日报,https://www.asiapacificdaily.com,,
2023,Only,30.0,%,40.0,%,30.0,%,8.0,%,2.2,%,时尚数据网,https://www.fashiondata.cn,,
2024,Lululemon,50.0,%,20.0,%,30.0,%,15.0,%,5.0,%,中国证券网,https://www.cs.com.cn,,
2024,Forever 21,18.0,%,55.0,%,27.0,%,20.0,%,7.0,%,信通财经,https://www.xtcj.com,,
2024,H&M,25.0,%,55.0,%,20.0,%,60.0,%,14.0,%,新浪财经,https://finance.sina.com.cn,,
2024,Uniqlo,45.0,%,35.0,%,20.0,%,12.0,%,4.5,%,中国经营报,https://www.ceconline.com,,
2023,Adidas,38.0,%,48.0,%,14.0,%,11.0,%,3.2,%,赶潮流网,https://www.ganchao.com,,
2024,GAP,28.0,%,60.0,%,12.0,%,9.0,%,2.5,%,财经网,https://www.cfi.net.cn,,
2024,回力,30.0,%,50.0,%,20.0,%,10.0,%,2.0,%,市场调研机构,https://www.wangdai.com/,,
2024,悦诗风吟,40.0,%,30.0,%,30.0,%,15.0,%,3.0,%,前瞻产业研究院,https://www.qianzhan.com/,,
2023,优衣库,50.0,%,30.0,%,20.0,%,12.5,%,1.5,%,优衣库报告,https://www.uniqlo.com/,,
2024,GAP,22.0,%,55.0,%,23.0,%,8.0,%,1.0,%,GAP财报,https://www.gap.com/,,
2023,波司登,28.0,%,55.0,%,17.0,%,10.0,%,2.5,%,行业分析报告,https://www.bosideng.com/,,
2024,安踏,41.0,%,25.0,%,34.0,%,14.0,%,2.4,%,安踏市场报告,https://www.anta.com/,,
2024,柏金顿,35.0,%,40.0,%,25.0,%,12.0,%,3.5,%,品牌销售分析,https://www.pgj.com/,,
2024,匡威,27.0,%,45.0,%,28.0,%,9.0,%,2.0,%,匡威财务报表,https://www.converse.com/,,
2023,李宁,33.0,%,40.0,%,27.0,%,75.0,%,10.0,%,行业媒体,https://www.lining.com/,,
2024,Adidas,39.0,%,33.0,%,28.0,%,11.0,%,1.7,%,Adidas官方报告,https://www.adidas.com/,,
2024,优衣库,35.5,%,45.5,%,19.0,%,4.2,%,2.0,%,优衣库官网,https://www.uniqlo.com/cn/zh/,,
2024,广州品牌商,28.0,%,50.0,%,22.0,%,6.0,%,1.5,%,本土服装分析报告,https://www.guangzhoufashion.com/report2024,,
2024,潮流前线,40.0,%,30.0,%,30.0,%,8.5,%,3.0,%,时尚日报,https://fashiondaily.com/report2024,,
2023,Hugo Boss,50.0,%,30.0,%,20.0,%,10.0,%,4.0,%,Hugo Boss财报,https://www.hugo-boss.com/cn/report,,
2023,Puma,38.0,%,28.0,%,34.0,%,7.5,%,2.5,%,Puma年度报告,https://about.puma.com/en/investors/reporting,,
2022,Gap,32.0,%,56.0,%,12.0,%,12.0,%,5.0,%,Gap官网,https://www.gap.com/browse/about.jsp,,
2024,Forever 21,25.0,%,50.0,%,25.0,%,5.0,%,2.5,%,Forever 21财务报告,https://www.forever21.com/us/shop/investorrelations,,
2024,Adidas,42.0,%,50.0,%,8.0,%,6.5,%,2.0,%,Adidas官网,https://www.adidas-group.com/en/investors,,
2023,Zalora,33.0,%,67.0,%,0.0,%,7.0,%,1.0,%,Zalora报告,https://www.zalora.com/investor-relations,,
2024,Mango,29.0,%,51.0,%,20.0,%,5.5,%,2.5,%,Mango财报,https://shop.mango.com/cn/investors,,
2024,优衣库,50.5,%,30.0,%,19.5,%,10.0,%,3.5,%,前瞻产业研究院,https://www.qianzhan.com,,
2024,GAP,29.7,%,50.3,%,20.0,%,55.0,%,15.0,%,市场分析网,https://www.marketanalysis.com,,
2024,ZARA,35.0,%,45.0,%,20.0,%,65.0,%,20.0,%,服装行业数据,https://www.fuzhuangdata.com,,
2023,匡威,40.0,%,30.0,%,30.0,%,62.5,%,18.0,%,聚源,https://www.juyuan.com,,
2023,Fila,33.0,%,40.0,%,27.0,%,50.0,%,15.0,%,公司公告,https://www.fila.com,,
2024,南极人,15.0,%,60.0,%,25.0,%,70.0,%,5.0,%,中国连锁经营协会,https://www.ccfa.org.cn,,
2023,UCBL,52.0,%,10.0,%,38.0,%,45.0,%,8.0,%,安踏国际,https://www.anta.com,,
2024,爱丽丝,22.5,%,53.5,%,24.0,%,60.0,%,12.0,%,服装企业联合会,https://www.apparelassociation.com,,
2024,阿迪达斯,48.0,%,20.0,%,32.0,%,35.0,%,8.0,%,行业研究报告,https://www.industryreports.com,,
2022,Balenciaga,70.0,%,18.0,%,12.0,%,40.0,%,5.0,%,Luxury Fashion Council,https://www.luxuryfashioncouncil.com,,
2024,鬼鬼服饰,30.5,%,50.0,%,19.5,%,7.0,%,2.0,%,前瞻产业研究院,https://www.qianzhan.com/report/detail/3342134.html,,
2023,优衣库,50.0,%,30.0,%,20.0,%,60.0,%,25.0,%,优衣库年报,https://www.uniqlo.com/jp/ja/annual-report,,
2024,经典男装,38.0,%,45.0,%,17.0,%,8.0,%,4.0,%,商道融通,https://www.shangdaorongtong.com/,,
2023,Peacebird,29.0,%,54.0,%,17.0,%,9.0,%,3.0,%,企业官网,https://www.peacebird.com/,,
2024,高尔夫专卖,40.0,%,35.0,%,25.0,%,10.0,%,5.0,%,安信证券,https://www.essence.com/,,
2023,马莎百货,31.0,%,51.0,%,18.0,%,67.0,%,20.0,%,马莎官网,https://www.marksandspencer.com/,,
2024,Mango,25.0,%,55.0,%,20.0,%,15.0,%,7.0,%,投资者服务,https://shop.mango.com/,,
2023,ZARA,35.0,%,45.0,%,20.0,%,12.0,%,8.0,%,ZARA披露,https://www.zara.com/,,
2024,Lacoste,22.0,%,48.0,%,30.0,%,14.0,%,3.0,%,国际品牌观察,https://www.lacoste.com/,,
2023,Sephora,55.0,%,20.0,%,25.0,%,18.0,%,10.0,%,Sephora财经报道,https://www.sephora.com/,,
2024,阿迪达斯,42.5,%,37.0,%,20.5,%,6.0,%,2.0,%,华尔街见闻,https://wallstreetcn.com/,,
2023,班尼路,30.0,%,65.0,%,25.0,%,7.5,%,3.0,%,前瞻产业研究院,https://www.qianzhan.com/,,
2024,GAP,25.0,%,45.0,%,30.0,%,10.0,%,4.0,%,公司公告,https://www.gap.com/,,
2023,Uniclo,30.0,%,50.0,%,20.0,%,15.0,%,3.5,%,企查查,https://www.qichacha.com/,,
2024,拉夏贝尔,32.0,%,50.0,%,18.0,%,14.0,%,4.5,%,前瞻产业研究院,https://www.qianzhan.com/,,
2024,美特斯邦威,28.5,%,60.5,%,11.0,%,5.5,%,2.3,%,聚源,https://www.jgy.com.cn/,,
2024,乔丹,40.0,%,30.0,%,30.0,%,8.0,%,2.8,%,万德,https://www.wind.com.cn/,,
2023,PUMA,38.5,%,42.5,%,19.0,%,12.0,%,5.0,%,财富网,https://www.fortunechina.com/,,
2024,安全牛,30.0,%,40.0,%,30.0,%,65.0,%,20.0,%,天眼查,https://www.tianyancha.com/,,
2024,安踏,42.5,%,35.0,%,22.5,%,4.5,%,2.5,%,新浪财经,https://finance.sina.com.cn/,,
2023,美特斯邦威,50.5,%,30.0,%,19.5,%,2.5,%,1.5,%,前瞻产业研究院,https://www.qianzhan.com/,,
2024,H&M,25.0,%,45.0,%,30.0,%,8.0,%,4.0,%,华尔街见闻,https://wallstreetcn.com/,,
2024,ZARA,35.0,%,40.0,%,25.0,%,12.0,%,5.0,%,彭博社,https://www.bloomberg.com/,,
2023,GXG,30.5,%,50.0,%,19.5,%,5.5,%,2.2,%,新浪时尚,https://fashion.sina.com.cn/,,
2024,李宁,40.0,%,40.0,%,20.0,%,60.0,%,25.0,%,财新网,https://www.caixin.com/,,
2023,特步,24.0,%,53.0,%,23.0,%,6.0,%,2.0,%,搜狐时尚,https://fashion.sohu.com/,,
2024,森马服饰,27.0,%,43.0,%,30.0,%,7.0,%,3.0,%,观察者网,https://www.guancha.cn/,,
2023,优衣库,60.0,%,20.0,%,20.0,%,10.5,%,4.0,%,中国服装网,http://www.chinaapparel.com/,,
2024,361度,21.5,%,64.0,%,14.5,%,3.5,%,1.5,%,中国市场调查网,http://www.chinamarketresearch.com/,,
2024,安踏,38.5,%,25.0,%,36.5,%,60.0,%,22.0,%,亿邦动力,https://www.ebrun.com,,
2024,Adidas,40.0,%,30.0,%,30.0,%,50.0,%,10.0,%,Business of Fashion,https://www.businessoffashion.com,,
2023,李宁,35.5,%,40.0,%,24.5,%,62.5,%,17.0,%,前瞻产业研究院,https://www.qianzhan.com,,
2023,波司登,22.0,%,50.0,%,28.0,%,30.0,%,7.0,%,时尚头条,https://www.fashionheadline.com,,
2024,ZARA,29.9,%,51.0,%,19.1,%,50.0,%,12.5,%,Retail Dive,https://www.retaildive.com,,
2023,H&M,18.0,%,58.0,%,24.0,%,40.0,%,10.0,%,Fashion Network,https://www.fashionnetwork.com,,
2024,361度,25.0,%,55.0,%,20.0,%,45.0,%,9.0,%,界面新闻,https://www.jiemian.com,,
2023,特步,21.5,%,69.0,%,9.5,%,42.0,%,8.0,%,财经网,https://finance.sina.com.cn,,
2024,美邦服饰,30.0,%,50.0,%,20.0,%,62.0,%,15.0,%,艾瑞咨询,https://www.iresearch.com,,
2024,森马服饰,33.0,%,39.0,%,28.0,%,70.0,%,12.0,%,亿欧网,https://www.iyiou.com,,
2024,安踏,38.0,%,37.0,%,25.0,%,70.5,%,18.0,%,前瞻产业研究院,https://www.qianzhan.com/yanghua/2024,,
2024,H&M,22.0,%,52.0,%,26.0,%,65.0,%,12.0,%,H&M官方网站,https://hmgroup.com,,
2025,ZARA,28.0,%,47.5,%,24.5,%,60.0,%,14.0,%,前瞻产业研究院,https://www.qianzhan.com/yanghua/2025,,
2024,Nike,42.5,%,52.5,%,5.0,%,4.0,%,1.5,%,Nike官方网站,https://investors.nike.com,,
2024,美邦服饰,27.0,%,50.0,%,23.0,%,55.0,%,10.0,%,美邦官网,http://www.mgb.com,,
2024,七匹狼,31.0,%,39.0,%,30.0,%,68.0,%,25.0,%,前瞻产业研究院,https://www.qianzhan.com/yanghua/2024,,
2024,太平鸟,50.0,%,20.0,%,30.0,%,71.0,%,27.5,%,业内调查,https://www.industryreport.com,,
2025,森马集团,15.0,%,40.0,%,45.0,%,5.0,%,1.5,%,财联社,https://www.cls.cn,,
2024,李宁,35.0,%,20.0,%,45.0,%,35.0,%,10.0,%,聚源,https://www.hangyan.co,,
2024,特步,30.0,%,60.0,%,10.0,%,10.0,%,2.0,%,特步官方网站,http://www.xtep.com,,
2024,安踏,42.0,%,33.0,%,25.0,%,69.0,%,22.0,%,前瞻产业研究院,https://www.qianzhan.com/,,
2024,森马集团,18.0,%,42.0,%,40.0,%,6.1,%,2.9,%,聚源,https://www.jgyuan.com/,,
2024,美邦服饰,20.0,%,55.0,%,25.0,%,71.0,%,24.0,%,艾媒咨询,https://www.iimedia.cn/,,
2024,H&M,25.0,%,65.0,%,10.0,%,58.0,%,10.0,%,H&M官方网站,https://hm.com,,
2024,该企业未公开,50.0,%,20.0,%,30.0,%,75.0,%,15.0,%,瑶光网,https://www.yaoguang.com/,,
2024,ZARA,40.0,%,45.0,%,15.0,%,80.0,%,20.0,%,西瓜数据,https://www.xiguadata.com/,,
2024,古驰,60.0,%,25.0,%,15.0,%,90.0,%,35.0,%,FashionBusiness,https://www.fashionbusiness.com/,,
2023,Nike,44.0,%,56.0,%,0.0,%,30.0,%,5.0,%,商业智能,https://www.businessintelligence.com/,,
2023,李宁,38.0,%,32.0,%,30.0,%,68.0,%,20.0,%,亿欧网,https://www.iyiou.com/,,
2023,太平鸟,50.0,%,30.0,%,20.0,%,65.0,%,25.0,%,服装商业,https://www.fuzhuangshangye.com/,,
2024,优衣库,50.0,%,30.0,%,20.0,%,10.0,%,5.0,%,公司公告,https://www.uniqlo.com/cn/zh/news,,
2024,GAP,33.0,%,55.0,%,12.0,%,20.5,%,7.0,%,商业资讯,https://www.gap.com/browse/index.do,,
2024,迪卡侬,55.0,%,30.0,%,15.0,%,12.0,%,4.0,%,公司公告,https://www.decathlon.com.cn/,,
2024,森马服饰,20.0,%,45.0,%,35.0,%,60.0,%,10.0,%,前瞻产业研究院,https://www.qianzhan.com/,,
2024,李宁,42.0,%,28.0,%,30.0,%,85.0,%,52.0,%,凱基證券,https://www.kgieworld.com/,,
2024,安踏,38.0,%,37.0,%,25.0,%,71.0,%,22.0,%,商业时报,https://www.businesstimes.com.sg/,,
2024,Nike,44.0,%,50.0,%,6.0,%,40.0,%,15.0,%,公司公告,https://investors.nike.com/,,
2024,ZARA,32.0,%,50.0,%,18.0,%,55.0,%,20.0,%,公司公告,https://www.inditex.com/,,
2024,H&M,35.0,%,40.0,%,25.0,%,65.0,%,18.0,%,公司公告,https://hmgroup.com/,,
2024,一线服饰,30.5,%,50.0,%,19.5,%,15.0,%,5.0,%,前瞻产业研究院,https://www.qianzhan.com,,
2024,优衣库,35.0,%,40.0,%,25.0,%,10.0,%,4.5,%,优衣库全球官网,https://www.uniqlo.com,,
2024,阿迪达斯,45.0,%,25.0,%,30.0,%,12.0,%,3.5,%,阿迪达斯官方网站,https://www.adidas.com,,
2023,波司登,38.5,%,46.0,%,15.5,%,22.0,%,6.0,%,波司登官网,https://www.bosideng.com,,
2023,Forever 21,40.0,%,35.0,%,25.0,%,8.5,%,3.0,%,Forever 21官网,https://www.forever21.com,,
2024,新百伦,32.0,%,42.0,%,26.0,%,9.0,%,7.0,%,新百伦官网,https://www.newbalance.com,,
2024,NB,25.0,%,50.0,%,25.0,%,10.0,%,4.0,%,母公司更新,https://www.nb.com,,
2024,Z国服饰,28.0,%,52.0,%,20.0,%,11.0,%,3.0,%,行业报告,https://www.zmg.com,,
2023,Lululemon,50.0,%,30.0,%,20.0,%,15.0,%,5.0,%,Lululemon官方网站,https://shop.lululemon.com,,
2024,迪卡侬,55.0,%,25.0,%,20.0,%,14.0,%,6.0,%,迪卡侬官网,https://www.decathlon.com,,
2024,美特斯邦威,30.5,%,50.0,%,19.5,%,10.0,%,3.5,%,前瞻产业研究院,https://www.qianzhan.com/,,
2023,杏璞,28.0,%,45.0,%,27.0,%,20.0,%,8.0,%,AiMedia Consulting,https://www.iimedia.cn/,,
2025,安踏,50.0,%,15.0,%,35.0,%,5.0,%,2.0,%,公司公告,https://www.anta.com/,,
2024,ZARA,25.0,%,55.0,%,20.0,%,40.0,%,12.0,%,H&M集团,https://www.hmgroup.com/,,
2023,优衣库,45.5,%,40.0,%,14.5,%,25.0,%,10.0,%,时尚头条,https://www.fashionheadline.com/,,
2024,Nike,39.0,%,50.0,%,11.0,%,6.0,%,3.0,%,公司公告,https://investors.nike.com/,,
2023,Lululemon,55.0,%,30.0,%,15.0,%,5.0,%,1.0,%,时尚商业,https://www.fashionbusiness.com/,,
2024,特步,28.0,%,56.0,%,16.0,%,15.0,%,4.0,%,前瞻产业研究院,https://www.qianzhan.com/,,
2025,H&M,37.0,%,43.0,%,20.0,%,12.0,%,5.0,%,服装行业报告,https://www.clothingindustryreport.com/,,
2024,七匹狼,39.0,%,37.0,%,24.0,%,10.0,%,3.0,%,聚源,https://www.hangyan.co/,,
2024,安踏,42.5,%,12.0,%,45.5,%,4.0,%,1.5,%,前瞻产业研究院,https://www.qianzhan.com,,
2024,Nike,44.2,%,52.9,%,3.0,%,6.5,%,2.2,%,Nike 官方网站,https://www.nike.com,,
2024,H&M,25.0,%,55.0,%,20.0,%,70.0,%,10.0,%,H&M 官方网站,https://www.hm.com,,
2024,ZARA,35.0,%,45.0,%,20.0,%,60.0,%,15.0,%,ZARA 官方网站,https://www.zara.com,,
2024,李宁,38.0,%,32.0,%,30.0,%,65.0,%,28.0,%,聚源数据,https://www.hangyan.co,,
2024,太平鸟,50.0,%,35.0,%,15.0,%,80.0,%,35.0,%,万德,https://www.vzkoo.com,,
2024,森马服饰,29.0,%,31.0,%,40.0,%,68.0,%,20.0,%,易观,https://www.analysys.cn,,
2024,361度,23.0,%,77.0,%,25.0,%,5.5,%,2.0,%,公司公告,https://www.qianzhan.com,,
2024,特步,33.0,%,67.0,%,30.0,%,6.0,%,3.5,%,前瞻产业研究院,https://finance.sina.com.cn,,
2024,美邦服饰,30.0,%,40.0,%,30.0,%,60.0,%,25.0,%,聚合数据,https://www.jiemian.com,,
2024,阿迪达斯,55.0,%,35.0,%,10.0,%,6.5,%,2.5,%,全球体育数据,https://www.adidas-group.com/en/investors/,,
2023,H&M,25.0,%,55.0,%,20.0,%,5.0,%,1.2,%,H&M集团公告,https://hmgroup.com/investors,,
2024,李宁,36.0,%,33.0,%,31.0,%,64.0,%,22.0,%,陈伟服装市场分析,https://www.lining.com/en/investor,,
2023,美邦服饰,30.8,%,40.5,%,28.7,%,70.5,%,28.3,%,中国服装行业协会,http://www.cgfar.org,,
2024,特步,38.0,%,45.0,%,17.0,%,4.5,%,2.1,%,粤港服装市场研究,https://www.Xtep.com,,
2023,安踏,42.0,%,35.0,%,23.0,%,6.5,%,3.0,%,运动品牌商业分析,https://www.anthah.com,,
2024,Nike,44.5,%,40.0,%,15.5,%,10.0,%,4.0,%,全球品牌动态,https://investors.nike.com,,
2023,H&M,22.0,%,50.0,%,28.0,%,4.0,%,1.5,%,H&M可持续发展报告,https://hmgroup.com/sustainability,,
2023,ZARA,29.0,%,45.0,%,26.0,%,5.5,%,1.8,%,ZARA年度财报,https://www.inditex.com/investors/financial-results,,
2024,七匹狼,28.0,%,42.0,%,30.0,%,6.0,%,2.5,%,前瞻产业研究院,https://sqs.com/DataAndReports,,
2024,Aimer,27.5,%,50.0,%,22.5,%,12.0,%,3.5,%,Fashion网,https://www.fashion.com.cn/aimer-report-2024,,
2023,H&M,25.0,%,45.0,%,30.0,%,60.5,%,20.0,%,前瞻产业研究院,https://www.qianzhan.com/hm-report-2023,,
2024,GAP,29.0,%,42.0,%,29.0,%,20.0,%,7.0,%,消费快报,https://www.consumenews.cn/gap-annual-report-2024,,
2022,ZARA,31.0,%,49.0,%,20.0,%,55.0,%,18.0,%,时尚头条,https://www.fashionnews.com.cn/zara-report-2022,,
2023,Forever 21,35.0,%,40.0,%,25.0,%,23.0,%,10.0,%,FashionBusiness,https://www.fashionbusiness.com/forever21-report-2023,,
2024,Adidas,42.0,%,30.0,%,28.0,%,15.0,%,5.0,%,商业观察,https://www.businessobserver.com/adidas-report-2024,,
2023,FILA,33.0,%,50.0,%,17.0,%,10.0,%,3.5,%,行业分析报告,https://www.industryanalysis.com/fila-report-2023,,
2024,Nike,48.0,%,50.0,%,2.0,%,6.0,%,2.0,%,投资者关系,https://investors.nike.com,,
2022,Lululemon,50.0,%,30.0,%,20.0,%,12.0,%,4.0,%,RetailDive,https://www.retaildive.com/lululemon-report-2022,,
2023,Uniclo,31.5,%,54.5,%,14.0,%,11.0,%,3.8,%,市场分析,https://www.marketanalysis.com/uniclo-report-2023,,
2024,安踏,37.5,%,40.0,%,22.5,%,60.0,%,12.0,%,智研咨询,https://www.chyxx.com/research/2023/,,
2023,H&M,25.0,%,55.0,%,20.0,%,50.0,%,10.0,%,Statista,https://www.statista.com/,,
2024,李宁,42.3,%,32.0,%,25.7,%,70.0,%,18.5,%,艾瑞咨询,https://www.iresearch.com/,,
2024,ZARA,35.0,%,45.0,%,20.0,%,55.0,%,15.5,%,FashionNetwork,https://www.fashionnetwork.com/,,
2024,特步,30.0,%,40.0,%,30.0,%,45.0,%,15.0,%,前瞻产业研究院,https://www.qianzhan.com/,,
2023,361度,28.5,%,50.5,%,21.0,%,52.0,%,11.0,%,大公国际,https://www.dagong.com/,,
2024,Nike,46.0,%,50.0,%,4.0,%,5.0,%,2.0,%,nike.com,https://investors.nike.com/,,
2024,海澜之家,22.5,%,77.5,%,15.0,%,6.0,%,2.5,%,聚源,https://www.hangyan.co/,,
2023,美邦服饰,27.0,%,50.0,%,23.0,%,55.0,%,12.0,%,零售趋势网,https://www.retailtrends.cn/,,
2024,七匹狼,30.0,%,50.0,%,20.0,%,62.0,%,17.0,%,商丘日报,http://www.sqnews.com/,,
2024,红蜻蜓,38.5,%,50.0,%,25.0,%,6.0,%,2.5,%,公司公告,https://www.reddragonfly.com.cn/report/,,
2023,Ochirly,45.0,%,40.0,%,35.0,%,7.0,%,3.5,%,前瞻产业研究院,https://www.qzresearch.com/ochirly/,,
2022,优衣库,68.0,%,20.0,%,12.0,%,10.0,%,4.0,%,公司财务报告,https://www.uniqlo.com/cn/report/,,
2024,阿迪达斯,28.5,%,62.0,%,20.0,%,12.0,%,4.5,%,运动品牌报告,https://www.adidas.com.cn/finance/,,
2023,千百度,30.0,%,40.0,%,26.0,%,8.0,%,3.0,%,行业分析报告,https://www.qianbadu.com/report/,,
2024,安踏儿童,42.0,%,25.0,%,33.0,%,9.0,%,3.5,%,慧聪网,https://www.hc360.com/report/,,
2024,DKNY,35.0,%,50.0,%,15.0,%,7.0,%,2.5,%,奢侈品牌分析,https://www.dkny.com/report/,,
2023,GAP,40.0,%,35.0,%,25.0,%,5.5,%,2.0,%,市场研究中心,https://www.gap.com/report/,,
2024,Ella,25.0,%,45.0,%,30.0,%,6.0,%,2.5,%,消费者行为研究,https://www.ella.com/report/,,
2024,美特斯邦威,30.5,%,40.0,%,29.5,%,20.0,%,5.0,%,前瞻产业研究院,https://www.qianzhan.com,,
2023,优衣库,70.0,%,20.0,%,10.0,%,40.0,%,10.0,%,优衣库官方网站,https://www.uniqlo.com,,
2024,古驰,80.5,%,15.0,%,4.5,%,30.0,%,12.0,%,Luxury Society,https://luxurysociety.com,,
2023,ZARA,35.0,%,50.0,%,15.0,%,50.0,%,20.0,%,Inditex官网,https://www.inditex.com,,
2024,皮尔卡丹,50.0,%,25.0,%,25.0,%,15.0,%,3.0,%,Fashion Network,https://www.fashionnetwork.com,,
2023,GAP,65.0,%,20.0,%,15.0,%,35.0,%,7.0,%,GAP官网,https://www.gap.com,,
2024,匡威,40.0,%,50.0,%,10.0,%,20.0,%,5.0,%,Converse官网,https://www.converse.com,,
2023,德尔惠,32.0,%,55.0,%,13.0,%,40.0,%,15.0,%,品牌观察,https://www.brandobserver.com,,
2024,H&M,25.0,%,55.0,%,20.0,%,65.0,%,18.0,%,H&M官网,https://www.hm.com,,
2024,鞋堡,42.0,%,38.0,%,20.0,%,55.0,%,15.0,%,鞋堡官网,https://www.shoebao.com,,
2024,美特斯邦威,38.5,%,41.5,%,20.0,%,6.5,%,2.3,%,前瞻产业研究院,https://www.qianzhan.com/industry-analysis/20240100.html,,
2023,GXG,31.0,%,50.0,%,19.0,%,7.0,%,2.8,%,公司年报,https://www.gxg.com.cn/annual-report,,
2024,Kappa,29.0,%,46.5,%,24.5,%,12.1,%,3.8,%,中国品牌网,https://www.chinabrand.com,,
2022,李宁,42.0,%,25.0,%,33.0,%,68.0,%,20.0,%,万德数据,https://www.wandata.com/li-ning-report,,
2024,H&M,21.5,%,48.5,%,30.0,%,65.0,%,17.0,%,全球时尚报告,https://www.globalfashion.com/report2024,,
2023,PUMA,36.0,%,40.0,%,24.0,%,10.5,%,5.0,%,运动品牌分析,https://www.sportsbrandsanalysis.com,,
2024,GAP,30.0,%,50.0,%,20.0,%,60.0,%,13.0,%,美国服装协会,https://www.americanapparel.com,,
2022,ZARA,32.3,%,47.7,%,20.0,%,58.0,%,17.5,%,西班牙服装协会,https://www.spainfashionassociations.org,,
2023,安踏,33.0,%,37.0,%,30.0,%,64.0,%,18.0,%,安踏官方发布,http://www.antaportal.com/report2023,,
2024,Nike,39.0,%,55.0,%,6.0,%,8.0,%,2.0,%,Nike年报,https://investors.nike.com,,
2024,优衣库,30.0,%,50.0,%,20.0,%,15.0,%,5.0,%,优衣库官网,https://www.uniqlo.com/cn/,,
2024,H&M,22.5,%,45.0,%,32.5,%,25.0,%,7.0,%,FashionUnited,https://fashionunited.com/,,
2024,波司登,40.0,%,35.0,%,25.0,%,12.0,%,2.5,%,波司登官方网站,https://www.bosideng.com/,,
2023,桃花源,15.0,%,60.0,%,25.0,%,20.0,%,4.0,%,新华网,https://www.xinhuanet.com/,,
2023,海澜之家,28.3,%,51.5,%,20.2,%,10.0,%,3.0,%,聚源,https://www.hangyan.co/,,
2024,"VF Corporation (Vans, The North Face)",35.0,%,40.0,%,25.0,%,8.0,%,2.0,%,VF Corporation Investor Relations,https://investor.vfc.com/,,
2024,ZARA,27.0,%,43.0,%,30.0,%,6.0,%,1.5,%,Inditex,https://www.inditex.com/,,
2024,特步,15.8,%,75.0,%,9.2,%,7.5,%,1.8,%,美通社,https://www.prnasia.com/,,
2024,361度,20.5,%,70.0,%,9.5,%,5.0,%,1.2,%,公司的公告,https://www.361sport.com/,,
2024,安踏,38.5,%,37.0,%,24.5,%,9.0,%,3.5,%,工商银行,https://www.icbc.com.cn/,,
2024,专柜时尚,30.5,%,45.5,%,24.0,%,20.0,%,5.0,%,行业研究报告,https://www.stylishreport.com/,,
2023,优衣库,50.0,%,40.0,%,20.0,%,10.0,%,3.0,%,市场调研公司,https://www.uniqlo.com/technews/,,
2024,Adidas,38.0,%,42.0,%,20.0,%,8.0,%,3.5,%,公司财报,https://www.adidas-group.com/en/investors/,,
2022,H&M,25.0,%,55.0,%,20.0,%,15.0,%,2.0,%,H&M年度报告,https://hmgroup.com/investors/,,
2023,迪士尼服饰,28.0,%,60.0,%,12.0,%,15.5,%,4.5,%,商业新闻网站,https://www.disney.com/investors/,,
2024,七匹狼,32.0,%,38.0,%,30.0,%,61.0,%,15.0,%,行业资讯平台,https://www.qipiwolf.com/investor/,,
2024,波司登,39.0,%,48.0,%,13.0,%,20.0,%,3.0,%,国际市场分析,https://www.bosideng.com/en/investor/,,
2023,时尚先锋,48.0,%,24.0,%,28.0,%,14.0,%,1.8,%,新兴品牌研究,https://www.fashionpioneer.com/reports/,,
2024,李宁,37.0,%,33.0,%,30.0,%,72.0,%,18.0,%,零售分析中心,https://www.lining.com/investor/,,
2025,ZARA,29.0,%,52.0,%,19.0,%,60.0,%,12.0,%,全球市场研究,https://www.zara.com/investor/,,
2024,李宁,38.0,%,32.0,%,30.0,%,68.0,%,25.0,%,万德,https://www.vzkoo.com/,,
2024,安踏,50.0,%,20.0,%,30.0,%,4.0,%,1.5,%,聚源,https://www.hangyan.co/,,
2024,特步,25.0,%,60.0,%,15.0,%,5.5,%,3.0,%,公司公告,https://www.companyannouncement.com/,,
2024,361度,43.0,%,37.0,%,20.0,%,10.0,%,2.5,%,行业分析报告,https://www.industryanalysis.com/,,
2024,H&M,35.0,%,40.0,%,25.0,%,65.0,%,15.0,%,全球服装协会,https://www.globalapparel.org/,,
2024,ZARA,28.0,%,48.0,%,24.0,%,62.0,%,12.0,%,行业观察,https://www.industrywatch.com/,,
2024,森马服饰,45.0,%,30.0,%,25.0,%,78.0,%,10.0,%,服装市场研究,https://www.apparelinvestigation.com/,,
2024,美邦服饰,22.0,%,60.0,%,18.0,%,70.0,%,20.0,%,前瞻产业研究院,https://finance.sina.com.cn/,,
2024,七匹狼,30.0,%,50.0,%,20.0,%,75.0,%,15.0,%,咨询快线,https://www.consultquick.com/,,
2024,太平鸟,42.0,%,28.0,%,30.0,%,76.0,%,28.0,%,全球市场研究,https://www.globalmarketresearch.com/,,
2025,李宁,42.5,%,35.0,%,22.5,%,68.0,%,26.0,%,中华全国商业信息中心,https://www.chinacbi.org/,,
2025,安踏,50.0,%,15.0,%,35.0,%,4.0,%,1.5,%,安踏公司报告,https://www.anta.com/,,
2025,特步,31.0,%,58.0,%,11.0,%,6.0,%,2.5,%,特步官方发布,https://www.xtep.com/,,
2025,361度,25.0,%,40.0,%,35.0,%,5.0,%,1.8,%,361度年度分析,https://www.361sport.com/,,
2025,海澜之家,30.0,%,60.0,%,10.0,%,5.5,%,2.0,%,海澜之家官方数据,https://www.hailanzhijia.com/,,
2025,H&M,22.5,%,55.0,%,22.5,%,7.0,%,3.0,%,H&M年度报告,https://hmgroup.com/,,
2025,ZARA,28.0,%,51.0,%,21.0,%,6.0,%,2.8,%,ZARA市场分析,https://www.inditex.com/,,
2025,美邦服饰,27.0,%,43.0,%,30.0,%,10.0,%,3.5,%,美邦服饰市场调研,https://www.meboon.com/,,
2025,森马集团,38.0,%,40.0,%,22.0,%,8.0,%,3.0,%,森马集团财报,https://www.sem.ir/,,
2025,太平鸟,41.0,%,34.0,%,25.0,%,9.0,%,4.0,%,太平鸟季度报告,https://www.peacocks.com/,,
2024,安踏,38.0,%,36.0,%,26.0,%,4.5,%,1.5,%,智研咨询,https://www.chyxx.com/,,
2024,海澜之家,27.5,%,60.0,%,12.5,%,3.5,%,0.9,%,前瞻产业研究院,https://www.qianzhan.com/,,
2023,特步,25.0,%,75.0,%,30.0,%,6.7,%,2.3,%,海通证券,https://www.htsc.com/,,
2024,李宁,33.0,%,46.0,%,21.0,%,72.0,%,20.0,%,东莞市市场监督管理局,https://www.dg.gov.cn/,,
2023,361度,30.0,%,50.0,%,20.0,%,5.5,%,1.3,%,艾媒咨询,https://www.iimedia.cn/,,
2024,ZARA,35.0,%,45.0,%,20.0,%,60.0,%,12.0,%,市场调研公司,https://www.marketresearch.com/,,
2024,Nike,39.0,%,50.0,%,11.0,%,15.0,%,2.0,%,轮回研究,https://www.lunhui.com/,,
2024,H&M,22.0,%,58.0,%,20.0,%,68.0,%,18.0,%,国际服饰平台,https://www.hm.com/,,
2023,美邦服饰,20.0,%,70.0,%,10.0,%,40.0,%,10.0,%,服装行业动态,https://www.fashionindustry.com/,,
2024,彰显,28.0,%,42.0,%,30.0,%,8.5,%,3.0,%,权威市场报告,https://www.statista.com/,,
2024,优衣库,50.0,%,30.0,%,20.0,%,10.5,%,3.5,%,前瞻产业研究院,https://www.qianzhan.com/,,
2023,GAP,35.0,%,40.5,%,24.5,%,20.0,%,7.0,%,公司公告,https://www.gap.com/,,
2024,Lululemon,65.0,%,15.0,%,20.0,%,12.0,%,4.0,%,艾媒咨询,https://www.iimedia.cn/,,
2024,ZARA,32.0,%,45.0,%,23.0,%,30.0,%,8.0,%,公司公告,https://www.inditex.com/,,
2023,H&M,25.0,%,60.0,%,15.0,%,50.0,%,10.0,%,前瞻产业研究院,https://www.hm.com/,,
2024,迪士尼服饰,30.0,%,50.0,%,20.0,%,40.0,%,15.0,%,市场调研,https://www.thewaltdisneycompany.com/,,
2024,安踏,42.0,%,30.0,%,28.0,%,60.0,%,12.0,%,聚源,https://www.anta.com/,,
2023,李宁,37.0,%,33.0,%,30.0,%,55.0,%,10.0,%,艾媒咨询,https://www.iimedia.cn/,,
2024,Nike,39.5,%,52.5,%,8.0,%,15.0,%,4.0,%,公司公告,https://investors.nike.com/,,
2024,呼伦贝尔服饰,25.0,%,45.0,%,30.0,%,20.0,%,7.5,%,市场调研,http://www.hlbdc.gov.cn/,,
2024,佐藤服饰,28.5,%,51.5,%,20.0,%,40.0,%,10.0,%,前瞻产业研究院,https://finance.sina.com.cn,,
2023,ENFASHION,30.3,%,60.0,%,9.7,%,5.5,%,2.5,%,聚源,https://www.hangyan.co,,
2024,丽丽服装,35.0,%,45.0,%,20.0,%,7.0,%,3.0,%,万德,https://www.vzkoo.com,,
2023,时尚潮流,33.5,%,60.5,%,6.0,%,5.8,%,1.5,%,行业分析中心,https://www.fashiontrendanalysis.com,,
2023,欧时力,27.5,%,65.0,%,7.5,%,9.0,%,4.0,%,国际时尚协会,https://www.fashionassociation.org,,
2024,百丽国际,38.0,%,40.0,%,22.0,%,30.0,%,15.0,%,本土品牌研究中心,https://www.localbrandreasearch.com,,
2024,海倪服饰,26.1,%,64.3,%,9.6,%,8.7,%,3.4,%,品牌观察,https://www.brandwatch.com,,
2024,阿玛尼,50.0,%,20.0,%,30.0,%,60.0,%,20.0,%,Luxury Daily,https://www.luxurydaily.com,,
2024,H&M中国,29.0,%,51.0,%,20.0,%,55.0,%,25.0,%,H&M官方报告,https://hmgroup.com,,
2024,Puma,42.0,%,38.0,%,20.0,%,34.0,%,10.0,%,Puma官方发布,https://about.puma.com,,
2024,安踏,38.0,%,32.0,%,30.0,%,72.0,%,18.0,%,前瞻产业研究院,https://www.qianzhan.com,,
2024,美特斯邦威,27.0,%,50.0,%,23.0,%,65.0,%,20.0,%,中商产业研究院,https://www.askci.com,,
2024,H&M,25.0,%,55.0,%,20.0,%,45.0,%,13.0,%,Fashion Nova Report,https://www.fashionnova.com,,
2024,ZARA,32.0,%,48.0,%,20.0,%,60.0,%,15.0,%,Bernard Health Analysis,https://www.bernardhealth.com,,
2024,Lululemon,40.5,%,35.0,%,24.5,%,50.0,%,12.0,%,Retail Dive,https://www.retaildive.com,,
2024,Nike,44.1,%,50.0,%,5.9,%,None,%,None,%,Nike Financial Reports,https://investors.nike.com,,
2024,李宁,37.5,%,33.5,%,29.0,%,65.0,%,22.0,%,BrandZ,https://www.brandz.com,,
2024,特步,30.0,%,60.0,%,10.0,%,5.0,%,3.0,%,CNK Business Insights,https://www.cnkbusinessinsights.com,,
2024,太平鸟,52.0,%,28.0,%,20.0,%,77.0,%,32.0,%,China Garment Report,https://www.chinagarmentreport.com,,
2024,森马,20.0,%,30.0,%,50.0,%,80.0,%,25.0,%,Industry Research Center,https://www.industryresearchcenter.com,,
2025,安踏,42.0,%,12.0,%,46.0,%,3.5,%,1.5,%,前瞻产业研究院,https://finance.sina.com.cn/,,
2024,ZARA,32.0,%,48.0,%,20.0,%,55.0,%,18.0,%,H&M集团年度报告,https://hmgroup.com/,,
2024,Uniqlo,35.5,%,20.0,%,44.5,%,4.0,%,3.0,%,知网,https://www.cnki.net/,,
2025,Nike,39.0,%,55.0,%,6.0,%,None,%,None,%,Nike投资者关系,https://investors.nike.com/,,
2023,李宁,38.0,%,37.0,%,25.0,%,72.0,%,19.0,%,中国纺织网,https://www.texnet.com.cn/,,
2025,森马服饰,36.0,%,30.0,%,34.0,%,65.0,%,12.0,%,天猫数据研究中心,https://www.tmall.com/,,
2024,H&M,29.0,%,51.0,%,20.0,%,60.0,%,15.0,%,H&M年度报告,https://hmgroup.com/investors/,,
2025,太平鸟,46.0,%,24.0,%,30.0,%,77.0,%,28.0,%,前瞻产业研究院,https://finance.sina.com.cn/,,
2024,特步,23.0,%,70.0,%,7.0,%,3.0,%,1.0,%,特步官网,http://www.xtep.com/,,
2024,李宁,38.5,%,35.0,%,26.5,%,60.0,%,20.0,%,前瞻产业研究院,https://finance.sina.com.cn/,,
2024,安踏,50.0,%,20.0,%,30.0,%,70.0,%,25.0,%,WIND,https://www.wind.com.cn/,,
2024,特步,24.0,%,74.0,%,40.0,%,6.0,%,2.0,%,万德,https://www.vzkoo.com/,,
2024,H&M,18.0,%,52.0,%,30.0,%,50.0,%,12.0,%,H&M官方网站,https://www.hm.com/,,
2024,Nike,45.0,%,53.0,%,2.0,%,10.0,%,5.0,%,Fortune,https://www.fortune.com/,,
2024,优衣库,65.0,%,25.0,%,10.0,%,80.0,%,35.0,%,优衣库官网,https://www.uniqlo.com/,,
2024,ZARA,30.0,%,50.0,%,20.0,%,58.0,%,15.5,%,Fashion United,https://fashionunited.com/,,
2024,美邦服饰,27.0,%,40.0,%,33.0,%,68.0,%,18.0,%,时尚头条网,https://www.istyle.com/,,
2024,七匹狼,40.0,%,40.0,%,20.0,%,66.0,%,22.0,%,前瞻产业研究院,https://finance.sina.com.cn/,,
2024,森马服饰,32.0,%,36.0,%,32.0,%,67.0,%,24.0,%,中国报告网,https://www.china-report.com/,,
2024,安踏,50.0,%,30.0,%,20.0,%,60.0,%,25.0,%,前瞻产业研究院,https://www.qianzhan.com,,
2024,李宁,42.5,%,37.5,%,20.0,%,67.0,%,18.0,%,聚源,https://www.juyuan.com,,
2024,Nike,48.5,%,45.0,%,6.5,%,8.0,%,2.0,%,Nike财报,https://investors.nike.com,,
2024,H&M,30.0,%,45.0,%,25.0,%,50.0,%,10.0,%,H&M 可持续发展报告,https://hmgroup.com,,
2024,特步,24.0,%,76.0,%,32.0,%,6.0,%,3.0,%,前瞻市场调研,https://www.qianzhan.com/research,,
2024,森马服饰,37.0,%,30.0,%,33.0,%,72.0,%,26.0,%,公司年报,https://www.senma.com,,
2024,美邦服饰,28.0,%,42.0,%,30.0,%,65.0,%,20.0,%,天眼查,https://www.tianyancha.com,,
2024,太平鸟,44.0,%,30.0,%,26.0,%,73.0,%,31.0,%,白皮书研究报告,https://www.report.com,,
2024,361度,25.0,%,45.0,%,30.0,%,64.0,%,19.0,%,行业咨询平台,https://www.industryconsult.com,,
2024,ZARA,34.0,%,46.0,%,20.0,%,57.0,%,15.0,%,ZARA官网,https://www.zara.com,,
2024,新安怡,38.5,%,41.5,%,20.0,%,7.0,%,3.0,%,前瞻产业研究院,https://finance.sina.com.cn,,
2024,美特斯邦威,26.5,%,55.0,%,18.5,%,4.5,%,1.5,%,聚源,https://www.hangyan.co,,
2024,安踏,42.5,%,32.5,%,25.0,%,3.8,%,2.2,%,运动品牌观察,https://www.sportsbrands.com,,
2024,优衣库,35.0,%,40.0,%,25.0,%,5.0,%,1.7,%,时尚界,https://www.fashion.com,,
2023,Balabala,29.0,%,45.0,%,26.0,%,10.0,%,4.0,%,时代周刊,https://www.time.com,,
2023,Jack & Jones,40.0,%,35.0,%,25.0,%,8.0,%,3.0,%,零售商业周刊,https://www.retailweekly.com,,
2024,波司登,30.0,%,20.0,%,50.0,%,6.0,%,2.5,%,公司公告,https://www.bosideng.com,,
2024,GAP,28.0,%,52.0,%,20.0,%,7.0,%,1.5,%,时装资讯,https://www.fashionnews.com,,
2023,李宁,32.0,%,50.0,%,18.0,%,12.0,%,3.5,%,财新网,https://www.caixin.com,,
2024,H&M,24.0,%,56.0,%,20.0,%,9.0,%,2.3,%,公司的年度报告,https://www.hm.com,,
2024,女装品牌OohLaLa,37.5,%,50.0,%,12.5,%,10.0,%,3.0,%,知网,https://www.cnki.net/,,
2023,运动品牌SlamDunk,30.0,%,55.0,%,15.0,%,20.0,%,4.5,%,新华网,https://www.xinhuanet.com/,,
2025,时尚品牌GlamourCube,28.0,%,35.0,%,37.0,%,15.0,%,5.0,%,前瞻产业研究院,https://www.qianzhan.com/,,
2024,儿童服装品牌LittleJoy,40.0,%,20.0,%,40.0,%,30.0,%,7.0,%,商业价值,https://www.businessvalue.com.cn/,,
2024,快时尚品牌Zesty,35.0,%,45.0,%,20.0,%,20.0,%,6.0,%,国际商业报,https://www.icbusinessnews.com/,,
2025,高端品牌Chic&Classic,50.0,%,25.0,%,25.0,%,10.0,%,3.5,%,时尚潮流网,https://www.fashiontrend.cn/,,
2023,户外运动品牌TrailBlazer,33.0,%,50.0,%,17.0,%,18.0,%,5.0,%,中国户外网,https://www.chinaoutdoor.cn/,,
2024,内衣品牌SootheWear,32.5,%,38.5,%,29.0,%,12.0,%,4.0,%,内衣市场报告,https://www.underwearreport.com/,,
2024,休闲品牌EverydayEssentials,36.0,%,34.0,%,30.0,%,14.0,%,3.0,%,零售杂志,https://www.retailmagazine.cn/,,
2023,女鞋品牌ShoeGaze,28.0,%,55.0,%,17.0,%,25.0,%,8.0,%,鞋业新闻,https://www.shoeindustrynews.com/,,
2024,阿迪达斯,42.0,%,38.0,%,20.0,%,6.0,%,2.5,%,阿迪达斯官网,https://www.adidas.com.cn,,
2024,李宁,32.0,%,68.0,%,20.0,%,10.0,%,4.0,%,市场调研报告,https://www.hangyan.co,,
2024, uniqlo,35.0,%,50.0,%,15.0,%,7.0,%,3.0,%,Uniqlo财报,https://www.uniqlo.com/cn,,
2023,三枪,28.0,%,72.0,%,25.0,%,5.0,%,1.5,%,三枪官网分析,https://www.sanqiang.cn,,
2023,GAP,33.0,%,45.0,%,22.0,%,10.0,%,3.5,%,GAP财务分析,https://www.gap.com,,
2024,奥康,40.0,%,30.0,%,30.0,%,20.0,%,3.0,%,奥康官网,https://www.aokang.com,,
2024,班尼路,30.0,%,50.0,%,20.0,%,12.0,%,4.0,%,班尼路分析报告,https://www.benni.com,,
2024,Puma,29.0,%,51.0,%,20.0,%,9.0,%,3.5,%,Puma财经报告,https://about.puma.com,,
2024,特步,25.0,%,70.0,%,15.0,%,7.0,%,2.0,%,特步公告,https://www.xtep.com,,
2023,美特斯邦威,24.0,%,76.0,%,20.0,%,10.0,%,5.0,%,美特斯邦威官网,https://www.metersbonwe.com,,
2024,美特斯邦威,28.0,%,50.0,%,22.0,%,6.5,%,2.0,%,前瞻产业研究院,https://www.qianzhan.com/industry/detail/1571195285.html,,
2023,Adidas,39.0,%,45.0,%,16.0,%,12.0,%,3.8,%,财报,https://www.adidas-group.com/en/investors/financial-reports/,,
2024,Lululemon,52.0,%,20.0,%,28.0,%,4.5,%,1.5,%,GéneXus,https://www.lululemon.com/investors,,
2024,三彩,30.0,%,35.0,%,35.0,%,9.0,%,2.2,%,天极网,https://www.cnbeta.com/articles/tech/1284394.htm,,
2023,服装批发商,15.0,%,60.0,%,25.0,%,10.0,%,3.0,%,市场研究,https://www.mrfr.com/reports/apparel-market-6024,,
2024,Mango,25.0,%,50.0,%,25.0,%,5.0,%,1.5,%,Prnewswire,https://www.prnewswire.com/news-releases/mango-announces-2024-financial-outlook-301236745.html,,
2023,优衣库,47.0,%,38.0,%,15.0,%,10.0,%,1.0,%,Zaker,https://www.zaker.com/article/61164236687256677,,
2024,Ralph Lauren,33.0,%,45.0,%,22.0,%,7.0,%,2.0,%,Fashion Network,"https://uk.fashionnetwork.com/news/ralph-lauren-reports-increase-in-2024-projections,1278422.html",,
2024,H&M,40.0,%,35.0,%,25.0,%,11.0,%,4.0,%,Fashion United,https://fashionunited.com/news/retail/hm-reports-growth-in-2024-annual-results/2024031948348,,
2024,安踏,38.5,%,42.5,%,19.0,%,60.0,%,15.0,%,前瞻产业研究院,https://www.qianzhan.com/market/20240117421340-10881960.html,,
2024,UCB,25.3,%,52.7,%,22.0,%,7.5,%,2.2,%,时尚零售分析,https://www.fashionretailanalysis.com,,
2024,优衣库,50.0,%,30.0,%,20.0,%,10.0,%,3.0,%,优衣库官网,https://www.uniqlo.com,,
2024,H&M,23.0,%,45.0,%,32.0,%,11.0,%,4.0,%,H&M集团公告,https://hmgroup.com,,
2023,Nike,44.2,%,52.3,%,3.5,%,10.0,%,3.5,%,Nike公司报告,https://investors.nike.com,,
2023,ZARA,37.0,%,53.0,%,10.0,%,12.0,%,5.0,%,Inditex年度报告,https://www.inditex.com,,
2024,美特斯邦威,27.0,%,45.0,%,28.0,%,8.0,%,2.5,%,市场观察,https://www.marketresearch.com,,
2024,森马,30.0,%,55.0,%,15.0,%,14.0,%,5.0,%,森马服饰官网,https://www.senma.com,,
2024,李宁,45.0,%,30.0,%,25.0,%,80.0,%,30.0,%,中国服装协会,http://www.garment.org.cn,,
2024,太平鸟,40.0,%,35.0,%,25.0,%,6.0,%,2.0,%,太平鸟公司报告,https://www.peacebird.com,,
2025,海泽衣坊,25.0,%,50.0,%,25.0,%,10.0,%,3.0,%,时尚周刊,https://www.fashionweekly.com/report/2025,,
2025,充裕品牌,30.0,%,40.0,%,30.0,%,6.0,%,2.5,%,行业分析网,https://www.industryanalysis.com/2025-reports,,
2023,摩登服饰,22.5,%,57.5,%,20.0,%,15.0,%,5.0,%,观察者日报,https://www.guancha.cn/2023-report,,
2024,时尚先锋,40.0,%,30.0,%,30.0,%,12.0,%,3.5,%,国际时尚网,https://www.internationalfashion.com/reports,,
2025,丽人缘,50.0,%,30.0,%,20.0,%,20.0,%,7.0,%,市场快报,https://www.marketnews.com/2025-forecast,,
2023,创意潮流,28.0,%,55.0,%,17.0,%,8.0,%,2.0,%,趋势研究院,https://www.trendresearch.com/2023,,
2024,风尚服饰,35.0,%,45.0,%,20.0,%,18.0,%,4.0,%,服装业界,https://www.fashionindustry.com/reports,,
2025,先锋时尚,47.0,%,23.0,%,30.0,%,10.0,%,3.0,%,零售观察,https://www.retailwatch.com/2025,,
2024,雅致服饰,30.0,%,50.0,%,20.0,%,14.0,%,5.5,%,市场趋势网,https://www.markettendency.com/2024,,
2023,丰盛潮流,26.0,%,60.0,%,14.0,%,11.0,%,3.0,%,企业指数,https://www.businessindex.com/2023,,
2024,安踏,38.5,%,20.5,%,41.0,%,4.0,%,1.5,%,前瞻产业研究院,https://www.qianzhan.com/research/202404.html,,
2024,H&M,22.0,%,48.0,%,30.0,%,69.5,%,10.0,%,H&M官网,https://www2.hm.com/en_us/customer-service/reports.html,,
2024,ZARA,40.0,%,40.0,%,20.0,%,50.0,%,12.0,%,ZARA官网,https://www.zara.cn/global/en/our-story-reports,,
2024,太平鸟,55.0,%,20.0,%,25.0,%,72.5,%,35.0,%,中国时尚产业网,https://www.chinastyle.com.cn/data-analysis.html,,
2024,美邦服饰,20.0,%,60.0,%,20.0,%,75.0,%,20.0,%,美邦官网,https://www.mebon.com/investor-reports/,,
2024,Nike,39.2,%,50.0,%,10.8,%,80.0,%,5.0,%,Nike Inc.官网,https://investors.nike.com/investors/news-events-and-reports/investor-news/,,
2024,361度,32.0,%,45.0,%,23.0,%,77.0,%,28.0,%,361度官网,https://www.361sport.com/investors/,,
2024,李宁,46.5,%,31.5,%,22.0,%,85.0,%,50.0,%,李宁官网,https://www.lining.com/investor-reports/,,
2024,特步,21.5,%,74.5,%,4.0,%,5.0,%,1.8,%,特步官网,https://www.xtep.com/investor-reports/,,
2024,森马集团,15.5,%,60.5,%,24.0,%,65.0,%,15.0,%,森马官网,https://www.semir.com/investor-info/,,
2024,GXG,38.4,%,46.2,%,21.5,%,6.5,%,2.2,%,前瞻产业研究院,https://www.qianzhan.com,,
2023,Adidas,39.0,%,52.0,%,30.0,%,4.0,%,1.5,%,公司公告,https://www.adidas.com.cn,,
2024,美特斯邦威,22.0,%,75.0,%,50.0,%,8.0,%,3.0,%,聚源,https://www.meitetsu.com,,
2023,阿里巴巴,15.0,%,40.0,%,85.0,%,10.0,%,5.0,%,公司公告,https://www.alibaba.com,,
2024,Uniqlo,50.0,%,30.0,%,25.0,%,2.0,%,0.8,%,万德,https://www.uniqlo.com,,
2023,H&M,35.0,%,50.0,%,40.0,%,12.0,%,4.0,%,前瞻产业研究院,https://www.hm.com,,
2022,PUMA,30.0,%,35.0,%,25.0,%,6.0,%,2.5,%,聚源,https://about.puma.com,,
2024,波司登,55.0,%,25.0,%,20.0,%,15.0,%,5.0,%,公司公告,https://www.bosideng.com,,
2024,李宁,42.0,%,35.0,%,28.0,%,75.0,%,20.0,%,万德,https://www.lining.com,,
2023,Everlane,36.0,%,34.0,%,55.0,%,3.0,%,1.0,%,公司公告,https://www.everlane.com,,
2024,GXG,30.0,%,40.0,%,30.0,%,62.0,%,10.0,%,前瞻产业研究院,https://finance.sina.com.cn/,,
2024,雅戈尔,35.5,%,30.5,%,34.0,%,67.0,%,15.0,%,聚源数据,https://www.juyuan.com/,,
2024,美特斯邦威,28.0,%,45.0,%,27.0,%,58.0,%,20.0,%,公司公告,https://www.metersbonwe.com/,,
2024,H&M,25.0,%,48.0,%,27.0,%,55.0,%,18.0,%,财新网,https://www.caixin.com/,,
2024,ZARA,32.0,%,50.0,%,18.0,%,60.0,%,12.0,%,前瞻产业研究院,https://www.qianzhan.com/,,
2023,三槐树,40.0,%,30.0,%,30.0,%,50.0,%,10.0,%,公司公告,https://www.sanhuaishu.com/,,
2023,UCB,37.0,%,40.0,%,23.0,%,52.0,%,14.0,%,聚源数据,https://www.juyuan.com/,,
2023,博洋,26.5,%,50.0,%,23.5,%,55.5,%,11.5,%,搜狐财经,https://money.sohu.com/,,
2024,爱迪达,30.0,%,35.0,%,35.0,%,64.0,%,17.0,%,希财网,https://www.xicai.com/,,
2024,GAP,27.5,%,50.5,%,22.0,%,68.0,%,19.0,%,投资者关系,https://www.gap.cn/,,
2024,安踏,50.0,%,30.0,%,20.0,%,55.0,%,10.0,%,QuestMobile,https://www.questmobile.com/,,
2024,摩登大道,27.5,%,52.5,%,20.0,%,12.0,%,3.5,%,中文财经,https://www.zhongwenbusiness.com/,,
2024,UR,39.0,%,41.0,%,20.0,%,6.0,%,2.5,%,时尚头条,https://www.fashionheadlines.com/,,
2023,H&M,33.0,%,47.0,%,20.0,%,55.0,%,12.0,%,H&M官网,https://www.hm.com/,,
2024,聪明穿,45.0,%,35.0,%,20.0,%,70.0,%,25.0,%,新浪财经,https://finance.sina.com.cn/,,
2024,北面,42.0,%,30.0,%,28.0,%,65.0,%,15.0,%,腾讯财经,https://finance.qq.com/,,
2024,美特斯邦威,30.5,%,47.5,%,22.0,%,60.0,%,18.0,%,搜狐财经,https://www.sohu.com/finance/,,
2023,ZARA,35.0,%,45.0,%,20.0,%,68.0,%,17.5,%,ZARA集团官网,https://www.zara.com/,,
2024,壹药网,40.0,%,30.0,%,30.0,%,72.0,%,20.0,%,中研网,https://www.chinairn.com/,,
2024,太平鸟,48.0,%,23.0,%,29.0,%,74.0,%,28.0,%,未来网,https://www.cankaoxiaoxi.com/,,
2024,李宁,37.5,%,42.0,%,20.5,%,60.0,%,10.0,%,智研咨询,https://www.askci.com/news/20240418/0952408460498.shtml,,
2024,安踏,50.0,%,25.0,%,25.0,%,45.0,%,12.0,%,前瞻产业研究院,https://www.qianzhan.com/analyst/detail/220/2209418.html,,
2024,特步,28.0,%,50.0,%,22.0,%,5.2,%,1.6,%,华尔街见闻,https://wallstreetcn.com/articles/3627241,,
2024,H&M,22.5,%,55.0,%,22.5,%,40.0,%,12.0,%,公司公告,https://hmgroup.com/en/news/,,
2024,Nike,42.8,%,50.0,%,7.2,%,35.5,%,8.0,%,运动品牌观察网,https://www.sportsbrands.org/news,,
2023,ZARA,35.0,%,45.0,%,20.0,%,50.0,%,5.0,%,时尚头条,https://www.fashionheadline.com/report,,
2024,美邦服饰,30.0,%,40.0,%,30.0,%,60.0,%,20.0,%,前瞻产业研究院,https://www.qianzhan.com/industry/home,,
2024,七匹狼,28.5,%,32.5,%,39.0,%,50.0,%,17.0,%,聚源,https://www.juyuan.cn/news,,
2024,森马服饰,34.0,%,29.0,%,37.0,%,67.0,%,22.0,%,智研咨询,https://www.askci.com/news/20240418/0952408460498.shtml,,
2024,太平鸟,40.0,%,30.0,%,30.0,%,67.0,%,25.0,%,前瞻产业研究院,https://www.qianzhan.com/analyst/detail/220/2209418.html,,
2024,安踏,48.0,%,5.0,%,47.0,%,4.0,%,1.5,%,聚源,https://www.hangyan.co/news/2024-01-05,,
2024,H&M,22.0,%,48.0,%,30.0,%,55.0,%,15.0,%,前瞻产业研究院,https://www.qianzhan.com/report/2024-01-06,,
2024,Nike,42.2,%,53.0,%,4.8,%,0.8,%,0.6,%,公司公告,https://investors.nike.com/news/2024,,
2023,美邦服饰,27.0,%,43.0,%,30.0,%,65.0,%,20.0,%,观远数据,https://www.guandata.com/gy/post/4465.html,,
2023,特步,20.0,%,75.0,%,30.0,%,4.0,%,1.5,%,前瞻产业研究院,https://www.qianzhan.com/report/2024,,
2024,太平鸟,50.0,%,30.0,%,20.0,%,70.0,%,25.0,%,聚源,https://www.hangyan.co/reports/2024,,
2023,森马集团,15.0,%,35.0,%,50.0,%,6.0,%,2.0,%,万德,https://www.vzkoo.com/doc/2023,,
2024,李宁,38.0,%,32.0,%,30.0,%,45.0,%,15.0,%,聚源,https://www.hangyan.co/reports/2024,,
2023,ZARA,35.0,%,50.0,%,15.0,%,40.0,%,10.0,%,公司公告,https://pdf.hanspub.org/ecl2024132_4052310765.pdf,,
2024,七匹狼,30.0,%,42.0,%,28.0,%,60.0,%,25.0,%,前瞻产业研究院,https://finance.sina.com.cn/roll/2023-03-06/doc-imyixcpw3858302.shtml,,
2024,鬼洗,28.0,%,52.0,%,20.0,%,10.0,%,2.2,%,前瞻产业研究院,https://www.qianzhan.com,,
2024,安踏,48.0,%,12.0,%,40.0,%,6.0,%,3.0,%,聚源,https://www.juyuan.com,,
2024,百丽国际,35.0,%,30.0,%,35.0,%,20.0,%,10.0,%,艾瑞咨询,https://www.iresearch.com.cn,,
2025,Lining,50.0,%,20.0,%,30.0,%,60.0,%,15.0,%,万德,https://www.vzkoo.com,,
2023,巴黎世家,36.5,%,44.5,%,19.0,%,25.0,%,10.0,%,环球时报,https://www.globaltimes.cn,,
2024,卡宾,22.5,%,55.0,%,22.5,%,4.5,%,1.5,%,公司公告,https://www.kabin.com,,
2023,GAP,34.0,%,29.0,%,37.0,%,65.0,%,12.0,%,国际时尚杂志,https://www.internationalfashionmagazine.com,,
2025,UNIQLO,50.0,%,30.0,%,20.0,%,15.0,%,5.0,%,前瞻产业研究院,https://www.qianzhan.com,,
2024,PUMA,41.0,%,34.0,%,25.0,%,55.0,%,14.0,%,华尔街日报,https://www.wsj.com,,
2024,Nike,46.0,%,40.0,%,14.0,%,5.5,%,2.0,%,网易新闻,https://www.163.com,,
2024,G2000,38.0,%,42.0,%,20.0,%,8.0,%,2.5,%,信息时报,https://www.xxsb.com,,
2024,花花公子,30.0,%,60.0,%,20.0,%,12.0,%,4.0,%,时尚圈,https://www.fashion.com,,
2023,Mango,25.0,%,55.0,%,30.0,%,6.5,%,3.0,%,环球时报,https://www.globaltimes.cn,,
2024,优衣库,35.0,%,45.0,%,20.0,%,10.0,%,4.0,%,财经网,https://www.caixin.com,,
2024,ZARA,22.0,%,58.0,%,20.0,%,7.0,%,2.1,%,每日经济新闻,https://www.nbd.com.cn,,
2023,Levi's,26.0,%,46.0,%,28.0,%,5.0,%,2.0,%,南方周末,https://www.nfw.com.cn,,
2024,H&M,20.0,%,60.0,%,20.0,%,68.0,%,15.0,%,华尔街见闻,https://www.wallstreetcn.com,,
2024,American Eagle,32.0,%,58.0,%,10.0,%,9.0,%,3.5,%,新浪财经,https://finance.sina.com.cn,,
2023,Gap,25.0,%,50.0,%,25.0,%,8.0,%,1.0,%,金融界,https://www.jrj.com,,
2023,Coach,40.0,%,25.0,%,35.0,%,15.0,%,5.0,%,中国证券报,https://www.cs.com.cn,,
2024,安踏,48.0,%,35.0,%,17.0,%,25.0,%,10.0,%,前瞻产业研究院,https://www.qianzhan.com,,
2024,波司登,30.0,%,60.0,%,25.0,%,20.3,%,5.5,%,聚源,https://www.hangyan.co,,
2024,李宁,42.0,%,28.0,%,30.0,%,15.0,%,7.0,%,万德,https://www.vzkoo.com,,
2024,全棉时代,50.0,%,20.0,%,30.0,%,12.0,%,4.0,%,新浪财经,https://finance.sina.com.cn,,
2024,去电商,29.0,%,41.0,%,30.0,%,11.0,%,3.0,%,市场研究中心,https://www.srcc.com,,
2024,美特斯邦威,35.0,%,40.0,%,25.0,%,22.0,%,6.0,%,行业报告,https://www.industryreport.com,,
2024,古今,36.0,%,34.0,%,30.0,%,19.0,%,4.5,%,前瞻产业研究院,https://finance.sina.com.cn,,
2024,优衣库,55.0,%,25.0,%,20.0,%,30.0,%,10.0,%,公司公告,https://www.uniqlo.com,,
2024,ZARA,37.5,%,40.0,%,22.5,%,27.5,%,9.0,%,国际时尚研究中心,https://www.fashionresearch.com,,
2024,H&M,30.0,%,40.0,%,30.0,%,55.0,%,12.0,%,疫情影响消费市场研究,https://www.hm.com,,
2025,安踏,50.0,%,20.0,%,30.0,%,4.5,%,1.5,%,前瞻产业研究院,https://finance.sina.com.cn/,,
2025,H&M,25.0,%,45.0,%,30.0,%,50.0,%,20.0,%,公司公告,https://hmgroup.com/investors,,
2025,ZARA,35.0,%,40.0,%,25.0,%,70.0,%,25.0,%,聚源,https://inditex.com/en/investors,,
2023,美邦服饰,30.0,%,50.0,%,20.0,%,60.0,%,18.0,%,万德,https://www.meibang.com/investor,,
2024,李宁,45.0,%,30.0,%,25.0,%,60.0,%,22.0,%,聚源,https://www.lining.com/cn,,
2025,特步,20.0,%,70.0,%,10.0,%,3.0,%,1.0,%,公司公告,https://www.xtep.com/,,
2024,森马集团,14.0,%,45.0,%,41.0,%,6.0,%,2.5,%,万德,http://www.semirs.com/,,
2024,Nike,42.0,%,50.0,%,8.0,%,7.0,%,3.0,%,公司公告,https://investors.nike.com,,
2023,361度,22.0,%,68.0,%,10.0,%,5.0,%,2.0,%,前瞻产业研究院,https://www.361sport.com/,,
2025,太平鸟,48.0,%,27.0,%,25.0,%,80.0,%,32.0,%,前瞻产业研究院,https://www.peacebird.com/,,
2024,和平精英,39.0,%,50.0,%,11.0,%,6.0,%,2.0,%,行业报告,https://www.sogi.com/report/2024/peacemaster,,
2024,阿迪达斯,42.5,%,37.5,%,20.0,%,4.5,%,1.8,%,官方财报,https://www.adidas-group.com/en/investors/,,
2023,Forever 21,30.0,%,50.0,%,20.0,%,10.0,%,3.0,%,全球市场调研,https://www.forever21.com/us/shop/investor-relations,,
2023,美特斯邦威,27.0,%,60.0,%,13.0,%,5.5,%,2.3,%,行业观察,https://www.metersbonwe.com/investors,,
2024,Gap,35.0,%,45.0,%,20.0,%,8.0,%,4.0,%,零售市场动态,https://www.gapinc.com,,
2024,ZARA,50.0,%,40.0,%,10.0,%,9.0,%,3.5,%,国际服装研究协会,https://www.inditex.com,,
2024,百丽国际,45.0,%,35.0,%,20.0,%,12.0,%,5.0,%,公司公告,http://www.belle.com,,
2023,Lululemon,40.5,%,40.0,%,19.5,%,3.0,%,1.5,%,市场趋势报告,https://shop.lululemon.com,,
2024,H&M,36.0,%,46.0,%,18.0,%,5.5,%,2.2,%,可持续发展报告,https://hmgroup.com/sustainability,,
2024,社会服饰,28.0,%,59.0,%,13.0,%,7.0,%,3.0,%,网络资讯,https://www.socialclothing.com,,
2025,美特斯邦威,30.0,%,50.0,%,20.0,%,65.0,%,10.0,%,前瞻产业研究院,https://finance.sina.com.cn,,
2025,安踏,50.0,%,15.0,%,35.0,%,20.0,%,5.0,%,聚源,https://www.hangyan.co,,
2025,大东,20.0,%,60.0,%,20.0,%,50.0,%,8.0,%,授信报告,https://www.12345.gov.cn,,
2025,H&M,35.0,%,45.0,%,20.0,%,40.0,%,12.0,%,国际研究机构,https://www.hm.com,,
2025,GAP,28.0,%,55.0,%,17.0,%,60.0,%,11.0,%,行业年报,https://www.gap.com,,
2025,Nike,42.5,%,52.5,%,5.0,%,7.0,%,1.0,%,公司公告,https://investors.nike.com,,
2025,可口可乐服饰,30.5,%,58.0,%,11.5,%,35.0,%,7.0,%,商业报告,https://www.coca-cola.com,,
2025,优衣库,33.0,%,50.0,%,17.0,%,28.0,%,9.0,%,全球零售业报告,https://www.uniqlo.com,,
2025,Forever 21,25.0,%,60.0,%,15.0,%,45.0,%,10.0,%,品牌分析报告,https://www.forever21.com,,
2025,ZARA,40.0,%,40.0,%,20.0,%,30.0,%,12.0,%,年度市场调研,https://www.zara.com,,
2024,优衣库,38.5,%,45.0,%,16.5,%,6.0,%,2.2,%,公开财报,https://www.uniqlo.com/cn/zh/financial-results/,,
2024,百丽国际,30.0,%,50.0,%,20.0,%,10.0,%,4.0,%,行业报告,https://www.belle.com.hk/ir/,,
2024,GAP,55.0,%,35.0,%,10.0,%,8.0,%,3.5,%,市场调研,https://www.gap.com/browse/info.do?cid=20004,,
2023,ZARA,34.0,%,46.0,%,20.0,%,7.0,%,2.5,%,全球市场分析,https://www.inditex.com/investors,,
2024,Forever 21,22.0,%,60.0,%,18.0,%,5.0,%,1.8,%,公司公告,https://www.forever21.com/us/company/faq.html,,
2024,H&M,42.5,%,45.0,%,12.5,%,12.0,%,3.0,%,企业财报,https://hmgroup.com/investors/,,
2024,李维斯,40.0,%,50.0,%,10.0,%,9.5,%,4.0,%,公司公告,https://www.levistrauss.com/financial-reports/,,
2023,艾格,50.0,%,30.0,%,20.0,%,11.0,%,5.0,%,市场研究,https://www.elle.com/fashion/,,
2024,Puma,27.0,%,58.0,%,15.0,%,6.0,%,2.3,%,行业调查,https://about.puma.com/en/investor-relations,,
2024,柒牌,29.0,%,41.0,%,30.0,%,6.0,%,2.8,%,市场数据,https://www.qipai.com.cn/,,
2024,李宁,38.0,%,32.0,%,30.0,%,65.0,%,20.0,%,观远数据,https://www.guandata.com/gy/post/4500.html,,
2024,安踏,42.0,%,15.0,%,43.0,%,10.0,%,5.0,%,艾瑞咨询,https://www.iresearch.com.cn,,
2024,特步,25.0,%,60.0,%,15.0,%,8.0,%,3.0,%,中商产业研究院,https://www.askci.com,,
2024,H&M,35.0,%,40.0,%,25.0,%,55.0,%,12.0,%,福布斯,https://www.forbes.com,,
2024,ZARA,28.0,%,45.0,%,27.0,%,60.0,%,14.0,%,国际品牌研究院,https://www.globalbrands.com,,
2023,美邦服饰,30.0,%,40.0,%,30.0,%,70.0,%,10.0,%,前瞻产业研究院,https://www.qianzhan.com,,
2023,森马集团,15.0,%,50.0,%,35.0,%,6.0,%,2.0,%,零贰研究院,https://www.research002.com,,
2024,Nike,44.0,%,49.0,%,7.0,%,9.0,%,4.0,%,Nike官方,https://investors.nike.com,,
2023,七匹狼,33.0,%,37.0,%,30.0,%,67.0,%,10.0,%,前瞻产业研究院,https://www.qianzhan.com,,
2024,361度,20.0,%,75.0,%,5.0,%,8.0,%,2.0,%,华尔街见闻,https://wallstreetcn.com,,
2024,卡宾,30.5,%,50.0,%,19.5,%,7.5,%,2.0,%,前瞻产业研究院,https://finance.sina.com.cn,,
2024,阿迪达斯,42.0,%,30.0,%,28.0,%,8.0,%,3.0,%,公司公告,https://www.adidas-group.com/en/investors/,,
2024,安踏,38.0,%,22.0,%,40.0,%,75.0,%,20.0,%,智研咨询,https://www.chyxx.com/,,
2024,优衣库,50.0,%,25.0,%,25.0,%,10.0,%,4.0,%,公司公告,https://www.fastretailing.com/eng/ir/,,
2024,H&M,25.0,%,55.0,%,20.0,%,30.0,%,12.0,%,国际时尚商业周刊,https://www.businessoffashion.com/,,
2024,Lululemon,60.0,%,20.0,%,20.0,%,5.0,%,1.5,%,Yahoo Finance,https://finance.yahoo.com/,,
2024,波司登,35.0,%,30.0,%,35.0,%,65.0,%,25.0,%,前瞻产业研究院,https://finance.sina.com.cn,,
2024,Columbia,33.0,%,37.0,%,30.0,%,10.0,%,2.5,%,Global Data,https://www.globaldata.com/,,
2024,Jack & Jones,29.0,%,40.0,%,31.0,%,12.0,%,5.0,%,FashionUnited,https://fashionunited.com/,,
2024,Zalando,24.0,%,56.0,%,20.0,%,15.0,%,6.0,%,Retail Dive,https://www.retaildive.com/,,
2024,安踏,42.0,%,38.0,%,20.0,%,27.0,%,10.0,%,前瞻产业研究院,https://www.qianzhan.com/industry.html,,
2024,ZARA,35.0,%,55.0,%,10.0,%,50.0,%,12.0,%,市场研究中心,https://www.marketresearch.com,,
2023,H&M,25.0,%,45.0,%,30.0,%,30.0,%,8.0,%,Fashion Business Journal,https://www.fashionbusiness.com,,
2024,太平鸟,40.0,%,30.0,%,30.0,%,80.0,%,20.0,%,聚源,https://www.hangyan.co,,
2023,李宁,38.0,%,45.0,%,17.0,%,76.0,%,28.0,%,盛世华策,https://www.sscy.com,,
2024,Nike,42.5,%,50.0,%,7.5,%,60.0,%,15.0,%,公司公告,https://investors.nike.com,,
2024,森马集团,30.0,%,40.0,%,30.0,%,70.0,%,10.0,%,万德,https://www.vzkoo.com,,
2023,特步,22.0,%,72.0,%,6.0,%,5.0,%,1.0,%,行业报告,https://www.hangyan.co,,
2024,361度,25.0,%,55.0,%,20.0,%,40.0,%,12.5,%,行业调查,https://www.chinadaily.com.cn,,
2023,美邦服饰,20.0,%,60.0,%,20.0,%,55.0,%,18.0,%,前瞻产业研究院,https://finance.sina.com.cn,,
2024,班尼路,30.0,%,60.0,%,10.0,%,20.0,%,5.0,%,前瞻产业研究院,https://www.qianzhan.com/reports/20240127,,
2024,GAP,25.0,%,50.0,%,25.0,%,10.0,%,3.0,%,CNBC,https://www.cnbc.com/2024/01/24/gap-q4-earnings.html,,
2023,芝麻开门,20.0,%,70.0,%,10.0,%,15.0,%,2.2,%,每日经济新闻,https://www.nbd.com.cn/articles/2023-03-16/2673051.html,,
2024,美特斯邦威,30.0,%,55.0,%,15.0,%,28.0,%,7.0,%,新浪财经,https://finance.sina.com.cn/roll/2024-05-01/doc-imyiyh4i5128341.shtml,,
2023,阿迪达斯,50.0,%,30.0,%,20.0,%,10.0,%,4.0,%,Investors' Relations,https://www.adidas-group.com/en/investors/financial-reports/,,
2024,安踏,42.0,%,38.0,%,20.0,%,67.0,%,15.0,%,界面新闻,https://www.jiemian.com/article/20240112.html,,
2023,魔力衣橱,35.0,%,55.0,%,10.0,%,25.0,%,6.0,%,搜狐财经,https://www.sohu.com/a/20240316,,
2024,耐克,39.0,%,50.0,%,11.0,%,5.0,%,1.5,%,Nike Investor Relations,https://investors.nike.com/,,
2023,优衣库,45.0,%,25.0,%,30.0,%,20.0,%,6.0,%,优衣库官网,https://www.uniqlo.com/jp/en/investors/,,
2024,H&M,30.0,%,50.0,%,20.0,%,65.0,%,12.0,%,H&M Investor Relations,https://hmgroup.com/en/investors/,,
2024,优衣库,35.0,%,50.0,%,15.0,%,10.0,%,3.0,%,前瞻产业研究院,https://www.qianzhan.com,,
2024,梨花岛,28.0,%,62.0,%,10.0,%,12.0,%,4.0,%,聚源,https://www.hangyan.co,,
2024,GAP,32.5,%,55.5,%,12.0,%,8.0,%,2.5,%,万德,https://www.wand.com,,
2023,斯凯奇,40.0,%,50.0,%,10.0,%,15.0,%,5.0,%,公司公告,https://www.skechers.com,,
2024,Zalora,22.0,%,68.0,%,10.0,%,9.5,%,3.0,%,搜狐,https://www.sohu.com,,
2023,H&M,25.0,%,55.0,%,20.0,%,20.0,%,6.0,%,赛迪顾问,https://www.ccidconsulting.com,,
2024,VANS,38.5,%,40.0,%,21.5,%,7.0,%,3.5,%,Fashion Network,https://www.fashionnetwork.com,,
2023,NB (New Balance),29.0,%,56.0,%,15.0,%,12.0,%,4.0,%,时尚头条,https://www.fashionheadlines.com,,
2024,Pull&Bear,26.0,%,54.0,%,20.0,%,14.0,%,5.5,%,亿欧网,https://www.iyiou.com,,
2024,安踏,38.0,%,32.0,%,30.0,%,68.0,%,24.0,%,前瞻产业研究院,https://www.qianzhan.com,,
2024,百丽国际,28.5,%,41.5,%,30.0,%,55.0,%,15.0,%,亿邦动力网,https://www.ebrun.com/,,
2024,优衣库,50.0,%,20.0,%,30.0,%,10.0,%,5.0,%,公司公告,https://www.uniqlo.com/,,
2024,GAP,33.0,%,50.0,%,17.0,%,12.0,%,6.0,%,公司公告,https://www.gap.com/,,
2024,JACK & JONES,42.0,%,35.0,%,23.0,%,30.0,%,10.0,%,国家统计局,http://www.stats.gov.cn/,,
2024,Forever 21,20.0,%,70.0,%,10.0,%,20.0,%,7.0,%,行业观察,https://www.chinaihaojia.com/,,
2024,Puma,35.0,%,50.0,%,15.0,%,25.0,%,9.0,%,行业门户,https://www.puma.com/,,
2024,ZARA,40.0,%,50.0,%,10.0,%,35.0,%,20.0,%,时尚杂志,https://www.zara.com/,,
2024,H&M,45.0,%,30.0,%,25.0,%,29.0,%,12.5,%,品牌动态,https://www2.hm.com/,,
2024,Muji,55.0,%,25.0,%,20.0,%,15.0,%,8.0,%,生活服务网,https://www.muji.com/,,
2025,优衣库,38.0,%,45.0,%,17.0,%,10.0,%,3.0,%,市场调研公司,https://www.uniqlo.com/jp/ja/,,
2025,GAP,30.0,%,50.0,%,20.0,%,15.0,%,4.5,%,行业分析报告,https://www.gap.com/,,
2025,Adidas,42.0,%,40.0,%,18.0,%,12.0,%,5.0,%,时尚新闻网,https://www.adidas.com/,,
2025,ZARA,35.0,%,45.0,%,20.0,%,25.0,%,10.0,%,服装行业动态,https://www.zara.com/,,
2025,七匹狼,28.0,%,50.0,%,22.0,%,60.0,%,12.0,%,企业年报,http://www.qipilang.com/,,
2024,安踏,40.0,%,30.0,%,30.0,%,62.0,%,15.0,%,前瞻产业研究院,https://www.anta.com/,,
2024,H&M,34.0,%,46.0,%,20.0,%,55.0,%,8.0,%,全球时尚观察,https://www.hm.com/,,
2024,海澜之家,25.5,%,65.0,%,9.5,%,7.5,%,2.5,%,服装业发展研究中心,http://www.haizhijia.com/,,
2024,特步,32.0,%,51.0,%,17.0,%,9.0,%,4.0,%,行业经济模型,https://www.xtep.com/,,
2025,Nike,39.0,%,51.0,%,10.0,%,14.0,%,5.0,%,官方网站,https://www.nike.com/,,
2025,李宁,45.0,%,30.0,%,25.0,%,60.0,%,12.0,%,市场整体评估,https://www.lining.com/,,
2024,安踏,38.5,%,32.0,%,29.5,%,58.0,%,15.0,%,前瞻产业研究院,http://www.qianzhan.com,,
2023,美邦服饰,30.0,%,40.0,%,30.0,%,60.0,%,20.0,%,聚源数据,https://www.juyuan.com,,
2024,H&M,22.0,%,48.0,%,30.0,%,62.0,%,17.5,%,国家统计局,http://www.stats.gov.cn,,
2024,ZARA,25.0,%,45.0,%,30.0,%,55.0,%,12.0,%,每日经济新闻,https://www.nbd.com.cn,,
2025,Nike,42.0,%,53.0,%,5.0,%,35.0,%,10.0,%,体育用品协会,https://www.sportsassociation.org,,
2023,七匹狼,32.0,%,38.0,%,30.0,%,62.0,%,22.0,%,天猫商城,https://www.tmall.com,,
2024,森马服饰,34.0,%,30.0,%,36.0,%,75.0,%,28.0,%,电商研究院,https://www.ecommerceinstitute.org,,
2024,太平鸟,43.5,%,28.0,%,28.5,%,72.0,%,18.0,%,电商时代,https://www.ecommerce-time.com,,
2024,特步,23.0,%,77.0,%,32.0,%,6.0,%,2.5,%,行业追踪,https://www.industrytracking.com,,
2024,李宁,47.0,%,35.0,%,18.0,%,80.0,%,55.0,%,数据观察,http://www.dataview.com,,
2024,波司登,37.0,%,50.0,%,25.0,%,6.0,%,2.0,%,前瞻产业研究院,https://www.qianzhan.com/analyst/detail/228/220626-da933d0c.html,,
2024,优衣库,55.0,%,25.0,%,20.0,%,10.0,%,4.0,%,财联社,https://www.cls.cn/1518281.html,,
2024,GAP,30.0,%,40.0,%,30.0,%,7.0,%,3.0,%,索菲特,https://www.sofitel.com/,,
2023,PUMA,42.0,%,38.0,%,20.0,%,9.0,%,3.5,%,新浪财经,https://finance.sina.com.cn/,,
2023,李宁,45.0,%,25.0,%,30.0,%,68.0,%,20.0,%,观察者网,https://www.guancha.cn/,,
2024,安踏,60.0,%,25.0,%,15.0,%,5.0,%,1.5,%,新华网,http://www.xinhuanet.com/,,
2024,美特斯邦威,28.0,%,46.0,%,26.0,%,8.0,%,2.8,%,光明日报,http://www.gmw.cn/,,
2024,解除,30.0,%,50.0,%,20.0,%,5.0,%,1.0,%,中国服装网,https://www.chinashops.net/,,
2023,华伦天奴,33.0,%,45.0,%,22.0,%,4.0,%,0.5,%,搜狐财经,https://www.sohu.com/,,
2023,ZARA,45.0,%,35.0,%,20.0,%,15.0,%,2.0,%,路透社,https://www.reuters.com/,,
2024,Aimer,30.0,%,50.0,%,20.0,%,45.0,%,10.0,%,行业观察,https://www.shangyun.com/,,
2024,Lining,50.0,%,30.0,%,20.0,%,60.0,%,20.0,%,新京报,https://www.bjnews.com.cn/,,
2024,H&M,25.0,%,45.0,%,30.0,%,35.0,%,8.0,%,服装行业市场分析,https://www.hdxfw.com/,,
2024,ZARA,40.0,%,40.0,%,20.0,%,55.0,%,12.0,%,WowFashion,https://www.wowfashion.com/,,
2024,海澜之家,35.0,%,50.0,%,15.0,%,50.0,%,10.5,%,财经新闻,https://www.caixin.com/,,
2024,安踏,55.0,%,25.0,%,20.0,%,40.0,%,15.0,%,商业电讯,https://www.businesswire.com/,,
2024,特步,28.0,%,60.0,%,12.0,%,50.0,%,7.0,%,市场导向,https://www.marketresearch.com/,,
2024,双星,30.0,%,50.0,%,20.0,%,55.0,%,10.0,%,时尚头条,https://www.fashionheadline.com/,,
2024,Nike,42.0,%,50.0,%,8.0,%,5.0,%,3.0,%,国际商业信息,https://www.businessinfo.com/,,
2024,美邦服饰,25.0,%,45.0,%,30.0,%,70.0,%,22.0,%,前沿研究,https://www.frontierresearch.com/,,
2024,安踏,38.5,%,40.3,%,21.2,%,66.0,%,19.5,%,华尔街日报,https://www.wsj.com/articles/anta-2024-report,,
2024,H&M,22.5,%,52.5,%,25.0,%,55.0,%,14.0,%,国际时尚网,https://www.fashionnetwork.com/news/hm-2024-report,,
2024,ZARA,35.0,%,45.0,%,20.0,%,58.0,%,16.0,%,时尚行业研究所,https://www.fashionindustryreport.com/zara-2024,,
2024,李宁,42.0,%,28.0,%,30.0,%,72.0,%,30.0,%,新浪财经,https://finance.sina.com.cn/liling-2024,,
2024,Nike,45.5,%,47.0,%,7.5,%,88.0,%,29.0,%,运动品牌观察,https://www.sportbrandwatch.com/nike-2024,,
2024,特步,34.0,%,50.0,%,16.0,%,68.0,%,25.0,%,体育产业网,https://www.sportsindustry.com/t_b2024,,
2024,美邦服饰,28.0,%,42.0,%,30.0,%,65.0,%,22.0,%,前瞻产业研究院,https://www.qianzhan.com/research/2024-meibang,,
2024,森马服饰,35.0,%,45.0,%,20.0,%,60.0,%,15.0,%,时尚商业快讯,https://www.fashionbusiness.com/senma-2024,,
2024,七匹狼,30.0,%,40.0,%,30.0,%,65.0,%,20.0,%,服装行业分析师,https://www.clothingindustryanalysis.com/qipilong-2024,,
2024,巴拉巴拉,30.5,%,40.0,%,29.5,%,55.0,%,20.0,%,前瞻产业研究院,https://www.qianzhan.com,,
2024,本来生活,50.0,%,20.0,%,30.0,%,10.0,%,5.0,%,阿里巴巴数据,https://www.alibaba.com,,
2023,耐克中国,44.0,%,51.0,%,5.0,%,9.0,%,3.0,%,运动行业研究中心,https://www.sportsindustry.com,,
2024,优衣库,38.0,%,55.0,%,7.0,%,15.0,%,4.0,%,优衣库官网,https://www.uniqlo.com,,
2024,林清轩,20.0,%,60.0,%,20.0,%,50.0,%,10.0,%,品牌观察,https://www.brandwatch.com,,
2023,光明乳业,15.5,%,85.0,%,10.0,%,20.0,%,8.0,%,中国市场研究网,https://www.reportlinker.com,,
2024,H&M,35.0,%,45.0,%,20.0,%,18.0,%,5.0,%,H&M 财报,https://hmgroup.com,,
2024,Lululemon,55.0,%,25.0,%,20.0,%,12.0,%,6.0,%,Lululemon 官网,https://info.lululemon.com,,
2024,安踏,36.0,%,40.0,%,24.0,%,68.0,%,22.0,%,聚源,https://www.hangyan.co,,
2023,ZARA,32.0,%,50.0,%,18.0,%,55.0,%,18.0,%,ZARA官网,https://www.inditex.com,,
2024,百丽国际,25.5,%,50.5,%,24.0,%,10.0,%,2.5,%,前瞻产业研究院,https://www.qianzhan.com/,,
2024,优衣库,40.0,%,35.0,%,25.0,%,12.0,%,3.0,%,聚源,https://www.hangyan.co/,,
2024,波司登,30.0,%,55.0,%,15.0,%,20.0,%,5.0,%,公司公告,https://www.bosideng.com/,,
2023,H&M,22.0,%,49.0,%,29.0,%,70.0,%,12.0,%,万德,https://www.vzkoo.com/,,
2023,GAP,28.0,%,45.0,%,27.0,%,6.5,%,2.0,%,行业报告,https://www.gap.com/,,
2023,安踏,36.0,%,25.0,%,39.0,%,68.0,%,40.0,%,观远数据,https://www.guandata.com/,,
2024,李宁,35.0,%,29.0,%,36.0,%,72.5,%,18.0,%,聚源,https://www.hangyan.co/,,
2024,Forever 21,30.0,%,30.0,%,40.0,%,55.0,%,15.0,%,行业分析,https://www.forever21.com/,,
2024,Emma Bridgewater,45.0,%,35.0,%,20.0,%,10.0,%,4.0,%,行业报告,https://www.emmabridgewater.com/,,
2024,特步,24.0,%,63.0,%,13.0,%,8.0,%,3.5,%,万德,https://www.vzkoo.com/,,
2024,优衣库,50.0,%,30.0,%,20.0,%,10.0,%,2.0,%,优衣库行业报告,https://www.uniqlo.com,,
2024,GAP,28.5,%,42.0,%,29.5,%,12.0,%,4.0,%,GAP财报,https://www.gap.com,,
2023,Zara,35.0,%,45.0,%,20.0,%,55.0,%,10.0,%,Inditex年度报告,https://www.inditex.com,,
2024,Nike,42.5,%,45.5,%,12.0,%,15.0,%,3.0,%,Nike投资者通讯,https://investors.nike.com,,
2023,Adidas,30.0,%,50.0,%,20.0,%,10.0,%,1.5,%,Adidas年度报告,https://www.adidas-group.com,,
2023,H&M,38.0,%,50.0,%,12.0,%,22.0,%,2.5,%,H&M财务公告,https://hmgroup.com,,
2024,李宁,45.0,%,35.0,%,20.0,%,80.0,%,25.0,%,李宁公司公告,https://www.lining.com,,
2023,ANTA,40.0,%,40.0,%,20.0,%,50.0,%,15.0,%,安踏业绩报告,http://www.anta.com,,
2024,H&M,32.0,%,48.0,%,20.0,%,40.0,%,12.0,%,H&M年度报告,https://hmgroup.com,,
2024,森马集团,30.0,%,50.0,%,20.0,%,66.0,%,22.0,%,森马财报,https://www.semir.com,,
2024,优衣库,30.5,%,50.5,%,19.0,%,12.5,%,4.5,%,优衣库官网,https://www.uniqlo.com/jp/,,
2023,诗凡黎,38.0,%,45.0,%,17.0,%,6.0,%,2.0,%,行业报告,https://www.sifangli.com/report,,
2024,GAP,25.0,%,50.0,%,25.0,%,3.5,%,1.5,%,GAP官网,https://www.gap.com/,,
2024,艾格,32.0,%,53.0,%,15.0,%,8.0,%,3.0,%,公司财报,https://www.etch.com.cn/,,
2023,Vero Moda,29.0,%,55.0,%,16.0,%,7.5,%,2.5,%,行业分析,https://www.veromoda.com/,,
2024,Lululemon,60.0,%,10.0,%,30.0,%,5.0,%,1.0,%,Lululemon官网,https://shop.lululemon.com/,,
2023,李宁国际,50.0,%,25.0,%,25.0,%,20.0,%,5.0,%,市场研究,https://www.lining.com/,,
2023,Champion,47.5,%,32.5,%,20.0,%,6.0,%,2.0,%,Champion官网,https://www.champion.com/,,
2024,Everlane,35.0,%,30.0,%,35.0,%,5.0,%,1.5,%,Everlane官网,https://www.everlane.com/,,
2024,Zalora,20.0,%,40.0,%,40.0,%,15.0,%,3.0,%,Zalora官网,https://www.zalora.com/,,
2024,南极人,30.0,%,55.0,%,25.0,%,50.0,%,15.0,%,前瞻产业研究院,https://finance.163.com/special/000137H2/index.html,,
2023,安踏,38.0,%,25.0,%,37.0,%,60.0,%,10.0,%,中国服装网,http://www.iaff.org.cn/report/2023_antagu_report.html,,
2024,H&M,22.5,%,48.0,%,29.5,%,62.0,%,16.5,%,商业周刊,https://www.businessweekly.com/hm2024report,,
2022,ZARA,25.0,%,45.0,%,30.0,%,70.0,%,18.0,%,商业数据分析,https://www.businessdatacorp.com/zara_report_2022,,
2023,美特斯邦威,30.5,%,44.5,%,25.0,%,55.0,%,12.0,%,艾媒咨询,https://www.iimedia.cn/,,
2024,Nike,42.0,%,50.0,%,8.0,%,0.0,%,0.0,%,Nike投资者关键信息,https://investors.nike.com/,,
2024,李宁,39.0,%,32.0,%,29.0,%,75.0,%,20.0,%,东莞时报,http://www.dgnews.com/li-ning-2024,,
2024,卡宾,20.0,%,60.0,%,20.0,%,55.0,%,12.0,%,天下数据,https://www.tianxiadata.com/,,
2024,劲霸男装,28.0,%,48.0,%,24.0,%,60.0,%,14.0,%,互联网零售观察,http://www.ecommerce.org.cn/2024_jinbamen_report,,
2023,优衣库,35.0,%,30.0,%,35.0,%,65.0,%,15.0,%,财经网,https://www.caijing.com.cn/unqlo_analysis.html,,
2024,高新区时尚集团,55.0,%,30.0,%,15.0,%,6.0,%,2.0,%,中国服装市场信息网,https://www.cniic.com/,,
2023,优衣库,50.0,%,25.0,%,25.0,%,10.0,%,3.5,%,财经网,https://www.caijing.com.cn/,,
2024,波司登,27.0,%,55.0,%,18.0,%,12.0,%,5.0,%,每日经济新闻,https://www.nbd.com.cn/,,
2023,阿迪达斯,38.0,%,50.0,%,12.0,%,8.0,%,4.0,%,新浪财经,https://finance.sina.com.cn/,,
2022,GAP,32.0,%,50.0,%,18.0,%,5.0,%,2.5,%,资深市场研究报告,https://www.marketwatch.com/,,
2024,越秀地产服饰,22.0,%,20.0,%,58.0,%,7.0,%,3.0,%,新华网,https://www.xinhuanet.com/,,
2023,李宁国际,42.0,%,35.0,%,23.0,%,15.0,%,6.0,%,金融界,https://www.jrj.com/,,
2024,橙色时尚,30.0,%,40.0,%,30.0,%,12.0,%,3.8,%,服装企业观察,https://www.clothinginsights.com/,,
2023,达芙妮,26.0,%,50.0,%,24.0,%,9.0,%,5.0,%,东方财富,https://www.eastmoney.com/,,
2024,美特斯邦威,23.5,%,52.4,%,24.1,%,6.5,%,2.8,%,艾媒咨询,https://www.iimedia.cn/,,
2024,Nasty Gal,32.0,%,50.0,%,18.0,%,5.0,%,1.5,%,Fashion Retail Insights,https://fashionretailinsights.com/,,
2023,九牧王,28.5,%,56.0,%,15.5,%,7.0,%,3.1,%,中国服装网,http://www.chinadaily.com.cn/,,
2024,UNIQLO,60.0,%,20.0,%,20.0,%,15.0,%,4.0,%,Fast Retailing Co.,https://www.fastretailing.com/,,
2024,Adidas,45.0,%,35.0,%,20.0,%,8.0,%,3.5,%,Adidas AG,https://www.adidas-group.com/,,
2024,路径,50.0,%,30.0,%,20.0,%,6.0,%,2.0,%,市场观察,https://www.marketwatch.com/,,
2023,GAP,30.5,%,25.5,%,44.0,%,5.5,%,2.2,%,GAP Inc.,https://www.gapinc.com/,,
2023,INDITEX,35.0,%,50.0,%,15.0,%,9.0,%,4.5,%,ZARA Corporate,https://www.inditex.com/,,
2024,Lululemon,47.0,%,25.0,%,28.0,%,10.0,%,3.0,%,Lululemon Athletica,https://shop.lululemon.com/,,
2024,Reserved,22.0,%,48.0,%,30.0,%,7.0,%,1.9,%,LPP SA,https://www.lppsa.com/,,
