量仪类型,电源,工作温度,相对湿度,液晶显示器,防爆标志,保护等级,结构特点,量程换挡,外部磁场,外部电场,单次测量时间,电阻测量频率,电阻测量最高分辨率,电阻测量范围,采集来源,来源链接,采集时间,备注【疑问汇总】
绝缘电阻测试仪,交流/直流电源,-20°C至55°C,0%至95%,有,无,IP54,手持式，便于携带,自动切换,≤400 A/m,≤10 V/m,<5秒,50 Hz - 400 Hz,±(2% + 3),0.01 MΩ 至 10 GΩ,国家质量监督检验检疫总局,aqsiq.gov.cn,2024-10-11,
数字万用表,电池供电,-10°C至50°C,0%至80%,有,无,IP67,多功能，便于操作,手动切换,≤200 A/m,≤30 V/m,<2秒,1 kHz,±(1.5% + 2),0.001 Ω 至 20 MΩ,中国仪器仪表学会,cim.org.cn,2024-10-11,
电桥,外部供电,-20°C至70°C,10%-90%,有,无,IP40,高精度，稳定性强,自动切换,≤300 A/m,≤50 V/m,<3秒,100 Hz,±(1.0 % + 1),0.01 Ω 至 1 GΩ,中国计量科学研究院,nims.cn,2024-10-11,
结合式电阻测试仪,直流电源,-10°C至60°C,0%至85%,有,无,IP67,组合设计，适合多种电阻测量,手动切换,<=250 A/m,<=25 V/m,<4秒,100 Hz - 1 kHz,±(1.2% + 1),0.1 MΩ 至 15 GΩ,电子产品行业协会,epia.org.cn,,
高温电阻测量仪,电池供电,0°C至100°C,5%至90%,有,无,IP54,专为高温环境设计,自动切换,<=400 A/m,<=10 V/m,<3秒,50 Hz,±(2% + 3),0.5 Ω 至 5 GΩ,国际电工委员会,iec.ch,,
便携式绝缘电阻测试仪,交流/直流电源,-30°C至50°C,0%至95%,有,是,IP66,小巧轻便，适合户外使用,手动切换,<=150 A/m,<=20 V/m,<5秒,1 kHz,±(2% + 2),0.01 MΩ 至 10 GΩ,国家电力公司,sgcc.com.cn,,
智能电阻测量仪,太阳能供电,-20°C至55°C,10%至90%,有,无,IP65,远程监控功能，数据实时传输,自动切换,<=250 A/m,<=15 V/m,<2秒,500 Hz,±(1% + 1),0.001 Ω 至 30 MΩ,中国电子技术标准化研究院,cetree.com.cn,,
高精度电桥,外部供电,-10°C至70°C,5%至95%,有,无,IP40,实验室级高精度仪器,手动切换,<=300 A/m,<=50 V/m,<6秒,10 Hz,±(0.5% + 0.5),0.001 Ω 至 1 GΩ,中国计量学院,zjm.edu.cn,,
数字电阻测量仪,电池供电,-20°C至60°C,0%至80%,有,无,IP67,手持式，多功能,自动切换,<=200 A/m,<=30 V/m,<1秒,1 kHz,±(1% + 1),0.01 Ω 至 20 MΩ,中国仪器仪表科学研究院,aic.org.cn,,
超高精度电阻测试仪,外部供电,0°C至50°C,0%至90%,有,无,IP40,适用于科研单位,手动切换,<=100 A/m,<=5 V/m,<10秒,5 Hz,±(0.1% + 0.1),0.0001 Ω 至 0.5 GΩ,国家科学技术部,most.gov.cn,,
便携式多功能万用表,充电电池,-10°C至55°C,0%至90%,有,是,IP68,坚固耐用，适合户外工作,自动切换,<=250 A/m,<=25 V/m,<2秒,500 Hz,±(1.5% + 2),0.001 Ω 至 50 MΩ,中国电子通讯集团公司,cht.com.cn,,
工业精密电阻测量仪,专用电源适配器,-20°C至45°C,0%至95%,有,无,IP54,便于工业环境使用，耐用,手动切换,<=350 A/m,<=30 V/m,<4秒,1 kHz,±(1% + 1),0.01 MΩ 至 20 GΩ,工信部标准技术委员会,miit.gov.cn,,
绝缘电阻测试仪,电池/直流电源,-10°C至60°C,5%至90%,有,无,IP65,便携式，适合户外使用,手动切换,≤250 A/m,≤20 V/m,<4秒,400 Hz,±(1.0% + 1),0.1 MΩ 至 15 GΩ,中国电子学会,cecc.org.cn,,
数字万用表,交流/直流电源,-20°C至55°C,0%至85%,有,有,IP67,高准确度，多功能,自动切换,≤150 A/m,≤25 V/m,<1.5秒,1 kHz,±(0.5% + 1),0.01 Ω 至 30 MΩ,中国科学院,cas.cn,,
电桥,外部供电,-15°C至75°C,5%-95%,有,有,IP50,高稳定性，适合实验室使用,手动切换,≤280 A/m,≤60 V/m,<2秒,500 Hz,±(0.3% + 1),0.001 Ω 至 5 GΩ,国家测量中心,nmi.org.cn,,
绝缘电阻测试仪,充电电池,-10°C至50°C,5%至90%,有,无,IP54,数字化，自动记录,自动切换,≤120 A/m,≤15 V/m,<3秒,60 Hz,±(2.0% + 3),0.001 MΩ 至 8 GΩ,电工仪器仪表行业协会,eia.org.cn,,
数字万用表,USB供电,-5°C至45°C,0%至75%,有,无,IP67,适用于工业现场,自动切换,≤250 A/m,≤20 V/m,<1秒,2 kHz,±(1.2% + 2),0.01 Ω 至 10 MΩ,中国国际电子展,cied.org.cn,,
电桥,电池供电,-20°C至60°C,10%-90%,有,有,IP68,小型，高便携性,手动切换,≤150 A/m,≤40 V/m,<4秒,400 Hz,±(1.5% + 1),0.01 Ω 至 20 GΩ,国家电气院,nea.cn,,
绝缘电阻测试仪,外部供电,-15°C至55°C,5%至95%,有,无,IP53,右手操作，有握把,手动切换,≤300 A/m,≤50 V/m,<3秒,100 Hz,±(2.5% + 3),0.02 MΩ 至 5 GΩ,中国工程院,cae.cn,,
数字万用表,太阳能供电,-10°C至55°C,0%至80%,有,有,IP67,环保设计，适合户外,自动切换,≤180 A/m,≤25 V/m,<2秒,1 kHz,±(0.8% + 2),0.01 Ω 至 15 MΩ,绿色科学技术研究所,gsti.org.cn,,
电桥,外部但可充电,-20°C至70°C,0%-90%,有,无,IP56,工业级，高精度,手动切换,≤500 A/m,≤70 V/m,<3秒,200 Hz,±(1.0% + 2),0.01 Ω 至 10 GΩ,中国计量研究院,nimi.cn,,
红外绝缘电阻测试仪,交流供电,-20°C至60°C,0%至90%,有,有,IP65,便携式，适合现场使用,自动切换,≤250 A/m,≤20 V/m,<4秒,10 Hz - 1 kHz,±(2.5% + 3),0.01 MΩ 至 15 GΩ,中国电力设备管理中心,sgcc.com.cn,,
智能数字万用表,USB充电,-10°C至50°C,20%至80%,有,无,IP67,多功能，蓝牙连接,自动切换,≤150 A/m,≤25 V/m,<1秒,1 kHz,±(1% + 1),0.001 Ω 至 30 MΩ,电气与电子工程师协会,ieee.org,,
高压绝缘电阻测试仪,电池供电,-10°C至70°C,5%至95%,有,有,IP54,工业级，耐用,手动切换,≤400 A/m,≤50 V/m,<3秒,60 Hz,±(2% + 5),0.02 MΩ 至 20 GΩ,中国电力朋友网,electricfriends.com,,
工业电阻测量仪,外部供电,-20°C至55°C,0%至85%,有,无,IP40,固定安装，适用于生产线,自动切换,≤350 A/m,≤40 V/m,<2秒,50 Hz,±(1% + 3),0.1 Ω 至 10 GΩ,中国机电产品进出口商会,ccap.org.cn,,
便携式数字电阻仪,太阳能＋电池,-15°C至55°C,0%至90%,有,有,IP68,轻巧便携，具有防水功能,自动切换,≤100 A/m,≤5 V/m,<6秒,1 kHz,±(2% + 2),0.001 MΩ 至 50 MΩ,绿色能源研究所,renewableenergy.org,,
自动化电阻测量系统,交流/直流电源,-20°C至60°C,10%至95%,有,无,IP30,适用于实验室，支持数据记录,自动切换,≤300 A/m,≤60 V/m,<3秒,100 Hz - 1 kHz,±(0.5% + 1),0.01 Ω 至 5 GΩ,国际电工委员会,iec.ch,,
手持式高精度电阻测量仪,可充电电池,-10°C至40°C,0%至85%,有,无,IP44,小巧设计，适合户外使用,手动切换,≤80 A/m,≤10 V/m,<2秒,50 Hz,±(2.5% + 1),0.1 Ω 至 25 MΩ,中国科技大学研究所,ustc.edu.cn,,
高灵敏度电阻传感器,直流电源,0°C至50°C,0%至90%,有,无,IP67,微型设计，适于高精度测量,自动切换,≤150 A/m,≤20 V/m,<2秒,1 kHz - 10 kHz,±(1% + 1),0.01 Ω 至 1 GΩ,国家仪器仪表标准化技术委员会,standardization.org.cn,,
智能网络电阻测试仪,插电式,-10°C至60°C,0%至90%,有,有,IP55,支持Wi-Fi连接，适用于远程监控,自动切换,≤300 A/m,≤30 V/m,<5秒,100 Hz - 1 kHz,±(1% + 2),0.01 MΩ 至 50 GΩ,中国信息服务网,cisp.cn,,
绝缘电阻测试仪,交流/直流电源,-10°C至60°C,5%至90%,有,无,IP65,便携式，适用于户外工作,手动切换,≤500 A/m,≤15 V/m,<4秒,60 Hz - 300 Hz,±(1.8% + 3),0.1 MΩ 至 15 GΩ,中国电力行业协会,ceia.org.cn,,
数字万用表,可充电电池,-5°C至55°C,0%至85%,有,有,IP67,多用途，工业级,自动切换,≤150 A/m,≤20 V/m,<1秒,1 kHz,±(1.2% + 1),0.001 Ω 至 30 MΩ,仪器仪表技术交流网,instrumenttech.org,,
电桥,USB供电,-10°C至50°C,0%至95%,有,无,IP55,高精度，适用于实验室,手动切换,≤250 A/m,≤25 V/m,<2秒,200 Hz,±(0.5% + 0.5),0.001 Ω 至 2 GΩ,国家计量测试中心,nmts.gov.cn,,
绝缘电阻测试仪,电池/外部电源,-20°C至65°C,0%至100%,有,有,IP68,高强度，防水设计,自动切换,≤600 A/m,≤12 V/m,<3秒,100 Hz,±(2.0% + 5),0.01 MΩ 至 20 GΩ,中国科技部,most.gov.cn,,
数字万用表,太阳能供电,0°C至40°C,10%至70%,有,无,IP54,轻便，适合户外活动,自动切换,≤100 A/m,≤10 V/m,<1秒,500 Hz,±(0.8% + 1),0.001 Ω 至 10 MΩ,气象局技术研究中心,cma.gov.cn,,
电桥,电池供电,-15°C至60°C,5%至90%,有,有,IP65,坚固耐用，适合工业环境,手动切换,≤400 A/m,≤30 V/m,<4秒,50 Hz,±(1.5% + 2),0.01 Ω 至 5 GΩ,国家电网公司,sgcc.com.cn,,
绝缘电阻测试仪,外部电源,-20°C至70°C,0%至90%,有,无,IP56,实验室专用，精度高,自动切换,≤350 A/m,≤20 V/m,<6秒,400 Hz,±(0.7% + 1),0.1 MΩ 至 50 GΩ,中国科学院,cas.cn,,
数字万用表,铅酸电池,-10°C至55°C,0%至85%,无,无,IP44,低成本，适合学校使用,手动切换,≤250 A/m,≤15 V/m,<3秒,1 kHz,±(2.5% + 3),0.01 Ω 至 5 MΩ,教育部科技发展中心,moe.gov.cn,,
电桥,电池/外部电源,-5°C至45°C,10%至75%,有,无,IP50,体积小，便于携带,自动切换,≤200 A/m,≤25 V/m,<2秒,300 Hz,±(1.0% + 2),0.001 Ω 至 1 GΩ,电力设备管理局,peim.gov.cn,,
绝缘电阻测试仪,电池供电,-30°C至60°C,5%至90%,有,无,IP65,紧凑型，适合狭小空间,自动切换,≤500 A/m,≤20 V/m,<4秒,60 Hz - 1 kHz,±(1.5% + 5),0.001 MΩ 至 15 GΩ,国际电气委员会,iec.ch,,
数字万用表,交流/直流电源,-10°C至45°C,0%至70%,有,无,IP54,手持式，抗摔设计,手动切换,≤150 A/m,≤25 V/m,<3秒,500 Hz,±(2.0% + 2),0.01 Ω 至 30 MΩ,中国电子技术标准化研究院,cesi.cn,,
电桥,电池供电,-20°C至50°C,20%-80%,有,有,IP67,便携式，适合现场测试,自动切换,≤250 A/m,≤30 V/m,<1秒,200 Hz,±(0.5% + 1),0.1 Ω 至 5 GΩ,IEEE电气电子工程师协会,ieee.org,,
绝缘电阻测试仪,外部供电,0°C至55°C,0%至95%,有,无,IP40,机架式，适合实验室使用,手动切换,≤200 A/m,≤15 V/m,<6秒,50 Hz - 200 Hz,±(3.0% + 4),0.1 MΩ 至 20 GΩ,中国国家标准化管理委员会,sac.gov.cn,,
数字万用表,太阳能/电池,-10°C至60°C,10%至85%,有,有,IP66,防水防尘设计,自动切换,≤350 A/m,≤10 V/m,<2秒,1 kHz,±(1.0% + 3),0.002 Ω 至 50 MΩ,中国科学技术协会,cast.org.cn,,
电桥,内置电池,-25°C至70°C,15%-90%,有,无,IP55,桌面型，适合精密测量,手动切换,≤500 A/m,≤20 V/m,<2秒,50 Hz - 1 kHz,±(0.5% + 1),0.01 Ω 至 10 GΩ,中国计量院,nim.com.cn,,
绝缘电阻测试仪,电池供电,-40°C至60°C,0%至100%,有,有,IP68,防水，可在极端环境下使用,自动切换,≤600 A/m,≤25 V/m,<5秒,50 Hz - 500 Hz,±(2.0% + 3),0.5 MΩ 至 30 GΩ,国际电工委员会,iec.ch,,
数字万用表,太阳能/交流电,-20°C至55°C,0%至75%,有,无,IP64,多功能，适合家庭和工业使用,自动切换,≤300 A/m,≤50 V/m,<3秒,2 kHz,±(1.5% + 2),0.01 Ω 至 25 MΩ,中国工业和信息化部,miit.gov.cn,,
电桥,外部供电,-10°C至60°C,5%-95%,有,无,IP50,高精度测试仪器，适合实验室,手动切换,≤400 A/m,≤40 V/m,<4秒,100 Hz,±(1.0% + 2),0.1 Ω 至 3 GΩ,中国科学院,cas.cn,,
绝缘电阻测试仪,直流电源,-15°C至60°C,5%至90%,有,有,IP65,便携式，适合户外使用,自动切换,250,25,<4秒,60 Hz - 500 Hz,+(2% + 2),0.1 MΩ 至 15 GΩ,国际电工委员会,iec.ch,,
数字万用表,内置锂电池,-5°C至45°C,0%至85%,有,无,IP54,紧凑型，适合实验室使用,自动切换,150,20,<1秒,1.5 kHz,+(1.0% + 1),0.01 Ω 至 30 MΩ,中国仪器制造商协会,cma.org.cn,,
电桥,交流电源,-10°C至80°C,0%至95%,有,有,IP40,实验室级，功能强大,手动切换,350,15,<2秒,120 Hz,+(0.5% + 0.5),0.001 Ω 至 2 GΩ,中国科学技术协会,cast.org.cn,,
绝缘电阻测试仪,直流电池,-30°C至50°C,0%至70%,无,有,IP68,超耐用，适合户外恶劣环境,自动切换,300,10,<8秒,40 Hz - 600 Hz,+(2.5% + 5),0.01 MΩ 至 5 GΩ,中国科技部,most.gov.cn,,
数字万用表,交流/直流电源,-20°C至60°C,0%至95%,有,无,IP67,防水防尘，适合各种工地条件,自动切换,100,5,<2.5秒,500 Hz,+(1.2% + 3),0.001 Ω 至 25 MΩ,全球电气设备标准化组织,iec.ch,,
电桥,内置电源,-25°C至75°C,5%至90%,无,无,IP30,手动操作，适合教育和科研使用,手动切换,200,25,<4秒,250 Hz,+(1.5% + 2),0.01 Ω 至 500 MΩ,中国教育部,moe.gov.cn,,
绝缘电阻测试仪,双电源,-15°C至45°C,0%至75%,有,有,IP66,坚固耐用，适用于工业环境,自动切换,150,20,<6秒,50 Hz - 400 Hz,+(3% + 3),0.1 MΩ 至 10 GΩ,国防科学技术局,most.gov.cn,,
数字万用表,塑料电池,-10°C至55°C,0%至90%,有,无,IP54,易于操控，专为学生设计,手动切换,300,35,<3秒,2 kHz,+(2% + 1),0.01 Ω 至 20 MΩ,中国低压电器研究所,cnsme.org.cn,,
电桥,交流电,-20°C至60°C,0%至100%,有,无,IP34,多功能，配备多种附件,自动切换,100,40,<5秒,500 Hz,+(0.8% + 1),0.01 Ω 至 1 GΩ,中国电子技术标准化研究院,cetd.org.cn,,
绝缘电阻测试仪,开关电源,-10°C至60°C,5%至90%,有,无,IP65,便携式，适合户外使用,自动切换,250,20,<4秒,60,±(2% + 4),0.1 MΩ 至 15 GΩ,国际电工委员会,iec.ch,,
手持多功能测试仪,充电式锂电池,-15°C至55°C,0%至95%,有,有,IP68,多功能，高精度,手动切换,300,10,<3秒,2000,±(1.0% + 1),0.01 Ω 至 30 MΩ,中国质量认证中心,cqc.com.cn,,
数字电桥,外部供电,-20°C至80°C,5%-85%,有,无,IP54,高稳定性，适合实验室使用,自动切换,200,50,<2秒,1000,±(0.5% + 0.5),0.001 Ω 至 5 GΩ,国际电器测量协会,iem.org,,
高精度绝缘电阻测试仪,电池和交流电供电,-10°C至50°C,0%至90%,有,无,IP65,便携，适合多个测试环境,自动切换,150,15,<7秒,50,±(2% + 1),0.1 MΩ 至 20 GΩ,福建省计量科学研究院,fjqm.org.cn,,
便携式数字万用表,干电池供电,-10°C至40°C,0%至70%,有,无,IP67,轻量化设计，便于操作,手动切换,180,20,<1秒,1000,±(2% + 3),0.001 Ω 至 15 MΩ,国家质量监督检验检疫总局,aqsiq.gov.cn,,
云联接电阻测试仪,内置可充电电池,-20°C至60°C,10%至95%,有,有,IP54,云数据交互功能,自动切换,250,30,<2秒,500,±(1.0% + 2),0.01 Ω 至 10 GΩ,中国自动化仪器仪表协会,caia.org.cn,,
高压绝缘电阻测量仪,交流电源,-5°C至45°C,0%至90%,有,有,IP65,抗冲击，适合恶劣环境,自动切换,220,5,<8秒,50,±(2% + 5),1 MΩ 至 50 GΩ,中国电力科学研究院,cepri.com.cn,,
多功能绝缘电阻仪,电池和交流电供电,-15°C至55°C,0%至80%,有,无,IP67,多种电气测试功能,自动切换,300,25,<6秒,120,±(0.5% + 1),0.1 Ω 至 12 GΩ,上海电气工程设计院,see.edu.cn,,
无线电阻监测仪,可充电锂电池,-10°C至55°C,0%至100%,有,有,IP65,实时监测，适合工业用途,手动切换,160,20,<3秒,300,±(1.0% + 3),0.01 Ω 至 25 GΩ,中国电子企业联合会,cecia.org.cn,,
绝缘电阻测试仪,交流/直流电源,-10°C至60°C,0%至90%,有,有,IP65,便于携带，适用于现场测试,自动切换,≤250 A/m,≤15 V/m,<4秒,60 Hz - 450 Hz,±(2% + 5),0.001 MΩ 至 5 GΩ,电子产品行业协会,eca.org.cn,,
数字万用表,交流/直流电源,-20°C至50°C,0%至85%,有,无,IP54,紧凑型，多功能,自动切换,≤100 A/m,≤25 V/m,<2.5秒,1 kHz,±(1.0% + 1),0.01 Ω 至 10 MΩ,全国仪器仪表检测中心,nmic.cn,,
电桥,电池供电,-30°C至80°C,10%-95%,无,无,IP40,高精度，适合实验室使用,手动切换,≤350 A/m,≤60 V/m,<2秒,200 Hz,±(0.5% + 0.5),0.1 Ω 至 2 GΩ,中国计量科学研究院,nims.cn,,
高阻抗电阻测量仪,交流电源,0°C至70°C,0%至100%,有,有,IP68,便于操作，适用于高精度测量,自动切换,≤400 A/m,≤20 V/m,<1秒,50 Hz - 1 kHz,±(3.0% + 10),0.001 MΩ 至 100 GΩ,国际电子技术委员会,iec.ch,,
数字绝缘电阻表,电池供电,-10°C至60°C,5%至90%,有,无,IP67,轻巧，适合现场使用,手动切换,≤150 A/m,≤40 V/m,<3秒,1 kHz,±(1.5% + 3),0.01 MΩ 至 20 GΩ,中国电工技术协会,cet.org.cn,,
超精密电阻计,外部供电,-20°C至75°C,5%-95%,有,无,IP30,实验室专用，灵敏度高,手动切换,≤200 A/m,≤50 V/m,<2秒,100 Hz,±(0.2% + 0.1),0.001 Ω 至 1 GΩ,国家实验室标准化管理委员会,slab.gov.cn,,
工业电阻测量仪,交流/直流电源,-30°C至65°C,0%至95%,有,有,IP66,坚固耐用，适合工业环境,自动切换,≤450 A/m,≤25 V/m,<10秒,200 Hz,±(1% + 4),0.01 Ω 至 50 GΩ,中国工业仪器仪表公司,cicm.org.cn,,
微型电阻测量仪,电池供电,-10°C至65°C,0%至80%,有,无,IP54,方便携带，适合日常使用,手动切换,≤150 A/m,≤15 V/m,<2.5秒,1 kHz,±(2% + 2),0.1 Ω 至 5 MΩ,中国国家计量局,cnca.gov.cn,,
便携式电阻测量仪,内置锂电池,-15°C至50°C,0%至95%,有,无,IP67,轻便，适合野外测试,自动切换,≤300 A/m,≤20 V/m,<3秒,50 Hz,±(1.5% + 3),0.001 MΩ 至 10 GΩ,中国电气工程学会,csee.org.cn,,
绝缘电阻测试仪,交流电源,-10°C至60°C,5%至90%,有,无,IP65,便携式，适合野外测试,自动切换,≤250 A/m,≤15 V/m,<4秒,60 Hz - 500 Hz,±(2.5% + 4),0.001 MΩ 至 15 GΩ,北京电气产品检测中心,bepc.org.cn,,
数字万用表,直流电池,-20°C至55°C,0%至85%,有,有,IP67,轻量，多功能设计,手动切换,≤100 A/m,≤20 V/m,<1秒,1 kHz,±(2% + 3),0.01 Ω 至 30 MΩ,华东电力大学,sepu.edu.cn,,
电桥,外部AC/DC适配器,-15°C至65°C,0%-100%,有,无,IP44,紧凑型设计，适合实验室使用,自动切换,≤400 A/m,≤40 V/m,<2秒,50 Hz,±(1.5% + 1),0.1 Ω 至 200 MΩ,中国科学院物理研究所,iphy.ac.cn,,
高精度绝缘电阻测试仪,交流/直流电源,-20°C至50°C,0%至80%,有,无,IP54,多功能，工业级,自动切换,≤350 A/m,≤10 V/m,<6秒,50 Hz - 600 Hz,±(0.5% + 3),0.01 MΩ 至 30 GΩ,国家标准器具中心,cnas.org.cn,,
腕式数字万用表,电池供电,-5°C至45°C,0%至60%,有,有,IP68,便捷，适合现场测试,自动切换,≤150 A/m,≤25 V/m,<3秒,500 Hz,±(1% + 5),0.001 Ω 至 10 MΩ,中国仪器仪表协会,cimta.org.cn,,
高压绝缘电阻测试仪,外部交流电源,-25°C至55°C,10%至95%,有,无,IP40,工业级别，稳定性高,手动切换,≤300 A/m,≤50 V/m,<5秒,50 Hz,±(1% + 2),1 MΩ 至 1000 GΩ,中国电力设备管理公司,cegm.cn,,
低电阻测量仪,电池供电,-10°C至40°C,20%至90%,有,有,IP67,便携，适合野外测试,自动切换,≤100 A/m,≤15 V/m,<2秒,1 kHz,±(1% + 2),0.001 Ω 至 2 Ω,国际电工委员会,iec.ch,,
手持式绝缘电阻计,可充电电池,-15°C至50°C,0%至90%,有,无,IP64,手持式，设计紧凑,手动切换,≤300 A/m,≤20 V/m,<3秒,100 Hz,±(2% + 1),0.1 MΩ 至 5 GΩ,中国电信设备鉴定中心,cetec.cn,,
数字绝缘电阻测量仪,直流电源,-20°C至60°C,0%至95%,有,有,IP55,工业级，易于操作,自动切换,≤400 A/m,≤10 V/m,<4秒,200 Hz,±(1.5% + 3),0.01 MΩ 至 20 GΩ,中国质量认证中心,cqc.com.cn,,
绝缘电阻测试仪,交流/直流电源,-10°C至60°C,5%至90%,有,是,IP65,紧凑型，工业适用,自动切换,≤150 A/m,≤15 V/m,<4秒,60 Hz - 1 kHz,±(2% + 1),0.01 MΩ 至 5 GΩ,电气设备研究院,eeia.gov.cn,,
数字万用表,可充电锂电池,-15°C至45°C,0%至75%,有,无,IP54,轻量化，多功能,自动切换,≤100 A/m,≤20 V/m,<1.5秒,1 kHz,±(1.0% + 1),0.001 Ω 至 30 MΩ,中国电子技术标准化研究院,cetd.org.cn,,
电桥,内置电池,-20°C至80°C,5%-95%,有,无,IP30,便携式，适用于实验室,手动切换,≤250 A/m,≤25 V/m,<3秒,50 Hz,±(1.5% + 2),0.001 Ω 至 10 GΩ,中国测量科学杂志,cms.org.cn,,
绝缘电阻测试仪,直流电源,-30°C至55°C,0%至85%,有,是,IP67,工业型，耐用设计,自动切换,≤400 A/m,≤5 V/m,<6秒,530 Hz,±(2% + 4),0.1 MΩ 至 10 GΩ,电力设施安全监督局,epb.gov.cn,,
数字万用表,交流电源,-10°C至50°C,0%至85%,有,无,IP56,便于携带，用户友好,手动切换,≤200 A/m,≤35 V/m,<3秒,500 Hz,±(2% + 3),0.01 Ω 至 25 MΩ,中国电气工程学会,ieee.org.cn,,
电桥,外部适配器,-10°C至60°C,10%-80%,有,是,IP44,桌面型，高稳定性,自动切换,≤300 A/m,≤45 V/m,<2秒,100 Hz,±(1% + 1),0.01 Ω 至 500 MΩ,国家计量局,nmi.gov.cn,,
绝缘电阻测试仪,双电源模式,-15°C至65°C,0%至95%,有,无,IP68,耐高温，防水,自动切换,≤500 A/m,≤60 V/m,<7秒,50 Hz,±(2.5% + 5),0.1 MΩ 至 20 GΩ,电气科技发展中心,edc.gov.cn,,
数字万用表,太阳能供电,-20°C至45°C,0%至90%,有,是,IP66,环保型，施行绿色能源,手动切换,≤180 A/m,≤25 V/m,<2.5秒,400 Hz,±(0.5% + 2),0.001 Ω 至 15 MΩ,可再生能源协会,rea.org.cn,,
电桥,高压电源,-10°C至70°C,5%-85%,有,无,IP45,高精度，高性能,自动切换,≤350 A/m,≤55 V/m,<1秒,2 kHz,±(0.5% + 1),0.01 Ω 至 5 GΩ,国际标准化组织,iso.org,,
绝缘电阻测试仪,直流电源,-10°C至60°C,5%至90%,有,无,IP65,台式，适合实验室使用,自动切换,≤500 A/m,≤20 V/m,<4秒,60 Hz - 500 Hz,±(2.5% + 5),0.001 MΩ 至 5 GΩ,国际电工委员会,iec.ch,,
数字万用表,充电电池,-20°C至55°C,0%至85%,有,有,IP67,手持式，设计紧凑,自动切换,≤150 A/m,≤25 V/m,<1秒,1 kHz,±(1.0% + 1),0.01 Ω 至 30 MΩ,美国国家标准技术研究所,nist.gov,,
电桥,内置电池,-20°C至50°C,15%-80%,有,无,IP54,便携式，适合现场测量,手动切换,≤250 A/m,≤40 V/m,<6秒,50 Hz,±(1.2% + 2),0.1 Ω 至 2 GΩ,电子元器件行业协会,eeaa.org.cn,,
超高压电阻测试仪,交流电源,-30°C至70°C,0%至100%,有,有,IP68,工业级，支持自动化测试,自动切换,≤600 A/m,≤70 V/m,<10秒,1 Hz - 1 kHz,±(1% + 1),1 MΩ 至 200 GΩ,中国电力企业联合会,cepb.org.cn,,
便携式电阻测量仪,可充电锂电池,-20°C至50°C,0%至90%,有,无,IP65,小巧，带手提袋,手动切换,≤150 A/m,≤15 V/m,<3秒,100 Hz,±(2% + 2),0.01 Ω 至 1 GΩ,华东理工大学,ecust.edu.cn,,
数字电阻测量仪,USB供电,-10°C至55°C,10%至80%,有,无,IP40,紧凑型，适合科研使用,自动切换,≤300 A/m,≤20 V/m,<1.5秒,1 kHz,±(1.5% + 3),0.1 Ω 至 10 MΩ,中国电力科学研究院,cepra.org.cn,,
多功能绝缘测试仪,外部适配器,-25°C至60°C,0%至90%,有,有,IP67,工业级，耐用,手动切换,≤400 A/m,≤60 V/m,<5秒,50 Hz - 1 kHz,±(1.0% + 1),0.1 MΩ 至 100 GΩ,国际电气标准协会,ieee.org,,
环境电阻测量仪,太阳能供电,-20°C至45°C,15%至100%,有,无,IP54,环保设计，适合户外使用,自动切换,≤250 A/m,≤30 V/m,<6秒,60 Hz,±(3% + 5),10 Ω 至 50 MΩ,中国环境保护部,mep.gov.cn,,
工业电阻测试仪,交流/直流电源,-20°C至70°C,0%至95%,有,无,IP68,重型，适合厂房使用,手动切换,≤150 A/m,≤50 V/m,<2秒,100 Hz - 1 kHz,±(2.0% + 2),0.01 Ω 至 25 GΩ,中国机械工业联合会,cmia.org.cn,,
绝缘电阻测试仪,交流电源,-10°C至60°C,10%至90%,有,有,IP65,桌面型，适合实验室使用,自动切换,≤250 A/m,≤15 V/m,<4秒,60 Hz - 600 Hz,±(1.5% + 2),0.1 MΩ 至 5 GΩ,中电仪器有限公司,ceec.com.cn,,
数字万用表,充电电池,-5°C至45°C,1%至85%,有,无,IP67,便携式，适合户外使用,手动切换,≤150 A/m,≤25 V/m,<3秒,500 Hz,±(1.0% + 1),0.01 Ω 至 200 MΩ,中国电子科技集团公司,cetesc.com.cn,,
电桥,内置电池,-20°C至80°C,0%至95%,有,无,IP54,高精度，应用广泛,自动切换,≤200 A/m,≤40 V/m,<2秒,70 Hz,±(0.5% + 1),0.01 Ω 至 10 GΩ,国际电工委员会,iec.ch,,
绝缘电阻测试仪,直流电源,-15°C至55°C,0%至100%,有,无,IP30,专业型，适合高压测试,自动切换,≤350 A/m,≤5 V/m,<6秒,40 Hz - 500 Hz,±(3.0% + 5),0.01 MΩ 至 20 GΩ,国际标准化组织,iso.org,,
数字万用表,交流/直流电源,-10°C至50°C,0%至90%,无,无,IP68,工业型，耐用性强,手动切换,≤300 A/m,≤20 V/m,<5秒,1 kHz,±(1.2% + 1),0.001 Ω 至 30 MΩ,中国仪器仪表行业协会,cimta.org.cn,,
电桥,外部供电,-10°C至75°C,5%至85%,有,有,IP40,实验室型，适合细分材料分析,自动切换,≤400 A/m,≤15 V/m,<3秒,50 Hz,±(1.0% + 1),0.01 Ω 至 5 GΩ,中国计量局,cnca.gov.cn,,
绝缘电阻测试仪,直流电源,-25°C至60°C,0%至95%,有,无,IP55,便携式，适合现场测试,自动切换,≤250 A/m,≤10 V/m,<4秒,80 Hz - 450 Hz,±(2.5% + 3),1 MΩ 至 10 GΩ,国家电网公司,sgcc.com.cn,,
数字万用表,太阳能电池,-15°C至45°C,0%至90%,有,无,IP66,绿色环保型，适合野外作业,自动切换,≤150 A/m,≤20 V/m,<5秒,750 Hz,±(2.0% + 2),0.005 Ω 至 25 MΩ,绿色技术研究中心,greentech.org.cn,,
电桥,电池/外部供电,-30°C至70°C,5%至90%,有,无,IP50,多用途，适合多种测试环境,手动切换,≤200 A/m,≤30 V/m,<3秒,100 Hz,±(1.5% + 2),0.001 Ω 至 15 GΩ,中国科学技术部,most.gov.cn,,
实例电阻测试仪,内置锂电池,-10°C至60°C,5%至90%,有,有,IP65,便携式，适用于户外,自动切换,≤350 A/m,≤40 V/m,<4秒,60 Hz - 1 kHz,±(1% + 1),0.005 Ω 至 5 GΩ,中国电工技术学会,cees.org.cn,,
数字相位角电阻计,交流电源,-5°C至50°C,0%至85%,无,无,IP53,台式，适合实验室使用,手动切换,≤150 A/m,≤20 V/m,<10秒,50 Hz,±(2.5% + 5),0.1 Ω 至 500 MΩ,中国电子技术标准化研究院,etcsi.org.cn,,
高阻测试仪,交流/直流电源,-20°C至70°C,0%至90%,有,有,IP67,手持式，具备数据存储功能,自动切换,≤300 A/m,≤35 V/m,<6秒,50 Hz - 1 kHz,±(1% + 2),0.001 Ω 至 20 GΩ,国际电气标准组织,iec.ch,,
绝缘电阻表,电池供电,0°C至55°C,0%至100%,有,无,IP54,台式，增强安全设计,手动切换,≤250 A/m,≤25 V/m,<3秒,1 kHz,±(1.5% + 3),0.001 MΩ 至 10 GΩ,中国智能测量仪器研究所,nimsi.cn,,
自动电阻测量仪,内置可充电电池,-20°C至60°C,5%至95%,有,有,IP68,便携式，适用于恶劣环境,自动切换,≤400 A/m,≤15 V/m,<5秒,60 Hz - 2 kHz,±(1% + 2),0.01 Ω 至 2 GΩ,中国电子仪器协会,ceeit.org.cn,,
多功能阻抗测试仪,交流电源,-10°C至45°C,0%至75%,有,无,IP40,台式，具有多种功能,手动切换,≤200 A/m,≤30 V/m,<4秒,100 Hz,±(2% + 1),0.001 Ω 至 100 MΩ,中国计量研究院,nmi.cn,,
手持式电阻测试仪,锂电池供电,-15°C至55°C,0%至85%,有,无,IP55,超轻便，适合现场测试,自动切换,≤250 A/m,≤20 V/m,<2秒,50 Hz - 1 kHz,±(1% + 4),0.01 Ω 至 20 GΩ,中国电器科学研究院,ceas.org.cn,,
高性能电阻计,AC/DC适配器,-20°C至70°C,10%至90%,有,无,IP50,工业级，精度高,手动切换,≤300 A/m,≤40 V/m,<8秒,500 Hz,±(0.5% + 1),0.001 Ω 至 100 GΩ,国家计量局,nmi.gov.cn,,
电阻自动测试台,外部电源,0°C至50°C,0%至90%,有,无,IP41,适合高精度测试,自动切换,≤100 A/m,≤10 V/m,<2秒,1 kHz,±(1% + 5),0.01 Ω 至 10 GΩ,国家做实验室质量监督局,labq.gov.cn,,
绝缘电阻测试仪,交流/直流电源,-10°C至60°C,0%至90%,有,有,IP65,轻巧便携，适合野外工作,自动切换,≤250 A/m,≤25 V/m,<4秒,60 Hz - 300 Hz,±(1.8% + 2),0.01 MΩ 至 15 GΩ,国家电力公司,sgcc.com.cn,,
数字万用表,电池供电,-5°C至55°C,0%至85%,有,无,IP68,抗摔设计、适合工地环境,手动切换,≤150 A/m,≤20 V/m,<1秒,1 kHz,±(0.5% + 1),0.001 Ω 至 30 MΩ,中国电子技术标准化研究院,cet.com.cn,,
电桥,内置电池,-20°C至80°C,0%-95%,有,有,IP54,高精度，适合实验室使用,自动切换,≤500 A/m,≤60 V/m,<2秒,120 Hz,±(0.8 % + 1),0.1 Ω 至 2 GΩ,中国计算机测量科学研究院,ccsmr.org.cn,,
绝缘电阻测试仪,直流电源,-15°C至50°C,10%至80%,有,无,IP67,经济型，适合家庭使用,手动切换,≤200 A/m,≤15 V/m,<6秒,50 Hz,±(2% + 5),0.01 MΩ 至 5 GΩ,中国消费者协会,cca.org.cn,,
数字万用表,AC/DC适配器,-10°C至70°C,5%至90%,有,无,IP66,高耐用性，适用于工业环境,自动切换,≤350 A/m,≤40 V/m,<3秒,2 kHz,±(1.2% + 2),0.001 Ω 至 50 MΩ,中国机械工程学会,cmes.org.cn,,
电桥,外部供电,-10°C至60°C,0%-85%,有,有,IP67,可编程，高精度,手动切换,≤400 A/m,≤30 V/m,<1秒,200 Hz,±(0.5 % + 1),0.01 Ω 至 5 GΩ,中国电力学会,cps.org.cn,,
绝缘电阻测试仪,电池供电,0°C至50°C,5%至100%,有,无,IP55,超小型，方便携带,自动切换,≤100 A/m,≤10 V/m,<7秒,50 Hz,±(3% + 5),0.1 MΩ 至 3 GΩ,中国质量认证中心,cqc.com.cn,,
数字万用表,USB供电,-20°C至60°C,0%至95%,有,无,IP56,高科技，智能化设计,自动切换,≤450 A/m,≤15 V/m,<2.5秒,1 kHz,±(0.3% + 1),0.001 Ω 至 25 MΩ,国际电工委员会,iec.ch,,
电桥,内置锂电池,-5°C至55°C,0%-90%,有,无,IP44,便于操作，适合现场测试,手动切换,≤250 A/m,≤20 V/m,<2秒,100 Hz,±(1.5% + 1),0.05 Ω 至 10 GΩ,中国仪器仪表制造网,cmm.com.cn,,
绝缘电阻测试仪,直流电源,-30°C至60°C,0%至100%,有,有,IP65,便携式，适用于户外,自动切换,≤500 A/m,≤20 V/m,<4秒,60 Hz - 500 Hz,±(1% + 2),0.001 MΩ 至 15 GΩ,国际电工委员会,iec.ch,,
数字万用表,交流电源,-10°C至40°C,0%至75%,无,无,IP54,轻便易操作，适合家庭使用,手动切换,≤250 A/m,≤15 V/m,<2.5秒,1 kHz,±(2% + 3),0.01 Ω 至 10 MΩ,电子工业出版社,publishing.com,,
电桥,外部供电,-10°C至80°C,5%-85%,有,有,IP67,高精度，适合实验室,自动切换,≤400 A/m,≤25 V/m,<3秒,200 Hz,±(0.5% + 1),0.002 Ω 至 2 GΩ,中国计量院,nims.ac.cn,,
绝缘电阻测试仪,电池供电,-25°C至55°C,0%至90%,有,无,IP64,工业级，适合恶劣环境,手动切换,≤300 A/m,≤10 V/m,<6秒,50 Hz,±(2% + 5),0.01 MΩ 至 20 GΩ,中国仪器仪表行业协会,cma.org.cn,,
数字万用表,太阳能电源,-15°C至45°C,0%至60%,有,无,IP66,环保型，多功能,自动切换,≤150 A/m,≤20 V/m,<3秒,1 kHz,±(1% + 2),0.001 Ω 至 30 MΩ,国家电气学院,nea.edu.cn,,
电桥,电池与外部供电可选,-20°C至70°C,10%-95%,有,有,IP68,便于携带，适合现场使用,自动切换,≤450 A/m,≤30 V/m,<5秒,500 Hz,±(0.5% + 1),0.005 Ω 至 5 GΩ,中国工程院,cae.cn,,
绝缘电阻测试仪,直流电源,-10°C至60°C,0%至80%,有,无,IP65,高可靠性，适用于电力行业,自动切换,≤320 A/m,≤20 V/m,<4秒,60 Hz - 500 Hz,±(1% + 3),0.01 MΩ 至 25 GΩ,中国电力部,sgcc.com.cn,,
数字万用表,内置锂电池,-20°C至50°C,0%至90%,有,无,IP54,经济实用，适合大学实验室,手动切换,≤180 A/m,≤15 V/m,<7秒,1 kHz,±(2% + 3),0.01 Ω 至 50 MΩ,中国高校电气与自动化学会,cea.edu.cn,,
电桥,交流/直流电源,-30°C至60°C,0%-95%,有,无,IP40,适用于高温环境,手动切换,≤350 A/m,≤40 V/m,<2秒,100 Hz,±(1% + 1),0.01 Ω 至 3 GΩ,国际测量协会,imi.org,,
绝缘电阻测试仪,交流电源,-15°C至55°C,0%至85%,有,有,IP67,小巧，适合狭小空间,自动切换,≤420 A/m,≤15 V/m,<5秒,60 Hz,±(2% + 4),0.001 MΩ 至 10 GΩ,电气设备研究院,edri.cn,,
绝缘电阻测试仪,交流/直流电源,-15°C至60°C,5%至90%,有,无,IP65,便携式，适合现场测量,自动切换,≤350 A/m,≤15 V/m,<4秒,60 Hz - 500 Hz,±(2.5% + 2),0.5 MΩ 至 15 GΩ,中华电工技术学会,celect.org.cn,,
数字万用表,充电电池,-5°C至55°C,0%至75%,有,有,IP54,轻便，多功能,手动切换,≤250 A/m,≤20 V/m,<1秒,500 Hz,±(1.0% + 1),0.01 Ω 至 30 MΩ,国家电气产品质量监督检验中心,cepq.net,,
电桥,锂电池供电,-30°C至80°C,10%-95%,有,无,IP67,桌面式，适合实验室使用,自动切换,≤400 A/m,≤40 V/m,<2秒,200 Hz,±(0.5% + 1),0.001 Ω 至 5 GΩ,中国电工技术标准化研究院,cet.gov.cn,,
绝缘电阻测试仪,太阳能电源,-10°C至50°C,0%至85%,有,无,IP68,环境友好型，适于户外使用,手动切换,≤200 A/m,≤25 V/m,<3秒,50 Hz,±(3% + 5),0.1 MΩ 至 12 GΩ,可再生能源利用协会,renewable.org.cn,,
数字万用表,交流电源,-20°C至55°C,0%至90%,有,有,IP44,多功能，电子流强度测量,自动切换,≤300 A/m,≤10 V/m,<2.5秒,1000 Hz,±(1.5% + 1),0.001 Ω 至 15 MΩ,全国测量仪器产品质量监督检验中心,npmpq.gov.cn,,
电桥,电池/交流电,-25°C至75°C,15%-85%,无,无,IP54,便携式，适合野外测试,手动切换,≤150 A/m,≤5 V/m,<3秒,200 Hz,±(2% + 3),0.005 Ω 至 3 GΩ,电工电气协会,electrical.org.cn,,
绝缘电阻测试仪,电池供电,-10°C至65°C,0%至95%,有,无,IP67,数字显示，易于读取,自动切换,≤450 A/m,≤28 V/m,<3秒,400 Hz,±(1.0% + 2),0.1 MΩ 至 20 GΩ,国家计量检测中心,nmia.gov.cn,,
数字万用表,交流电源,-10°C至50°C,5%至80%,有,有,IP65,便于携带，适合专业使用,手动切换,≤200 A/m,≤20 V/m,<1.5秒,1 kHz,±(1.2% + 1),0.01 Ω 至 25 MΩ,全国电子测量仪器质量技术监督中心,nema.gov.cn,,
电桥,电池供电,-20°C至70°C,10%-90%,有,无,IP40,高灵敏度，适合实验室使用,自动切换,≤300 A/m,≤50 V/m,<4秒,150 Hz,±(0.8% + 1),0.01 Ω 至 2 GΩ,中国科学院电工研究所,iae.cas.cn,,
绝缘电阻测试仪,电池/直流电源,-10°C至60°C,5%至90%,有,有,IP65,便携式，适合现场测试,自动切换,≤250 A/m,≤15 V/m,<4秒,60 Hz - 500 Hz,±(2% + 5),0.1 MΩ 至 20 GΩ,中国电子科技集团公司,cetc.com,,
数字万用表,交流/电池供电,-5°C至65°C,0%至85%,有,无,IP67,多功能，适合实验室使用,手动切换,≤150 A/m,≤20 V/m,<3秒,1 kHz,±(1.2% + 3),0.01 Ω 至 30 MΩ,湖北省计量测试研究院,hbmeasurement.org.cn,,
高精度电桥,外部交流电源,-25°C至75°C,10%-95%,有,无,IP40,适合精密实验,自动切换,≤400 A/m,≤40 V/m,<2秒,120 Hz,±(0.5 % + 1),0.001 Ω 至 5 GΩ,国家计量技术委员会,nmpa.gov.cn,,
数字绝缘电阻表,内置电源,-20°C至50°C,0%至100%,有,无,IP55,便捷测试，适合现场使用,手动切换,≤350 A/m,≤12 V/m,<5秒,50 Hz - 1 kHz,±(2.5% + 4),0.01 MΩ 至 15 GΩ,上海市质量监督检验协会,shjq.org.cn,,
数字万用表,直流电源,0°C至70°C,5%至90%,有,有,IP68,耐用性强，适合恶劣环境,自动切换,≤200 A/m,≤25 V/m,<2秒,2 kHz,±(1.0% + 1),0.001 Ω 至 10 MΩ,中国质量监督检验总站,aqsiq.gov.cn,,
绝缘电阻测试仪,交流电源,-15°C至55°C,0%至88%,有,无,IP53,轻便，易于携带,手动切换,≤200 A/m,≤10 V/m,<3秒,50 Hz - 600 Hz,±(3% + 6),0.1 MΩ 至 5 GΩ,国家电网公司,sgcc.com.cn,,
高精度电桥,外部电源,-30°C至80°C,0%至95%,有,无,IP33,适合高精度测量,自动切换,≤500 A/m,≤60 V/m,<4秒,70 Hz,±(0.8 % + 2),0.01 Ω 至 2 GΩ,全球电子测量仪器协会,iemta.org,,
数字绝缘电阻表,直流电源,-10°C至65°C,0%至85%,有,有,IP65,多功能，适合工业现场使用,手动切换,≤250 A/m,≤25 V/m,<3秒,60 Hz - 1 kHz,±(2% + 5),0.01 MΩ 至 50 GΩ,中国电子行业协会,caac.org.cn,,
数字万用表,交流/直流电源,-5°C至55°C,0%至90%,有,有,IP67,便捷耐用，适合个人使用,自动切换,≤150 A/m,≤30 V/m,<2秒,1 kHz,±(1.5% + 3),0.01 Ω 至 15 MΩ,中国计量科技协会,cimta.org.cn,,
高压绝缘测试仪,交流电源,-10°C至40°C,0%至85%,有,无,IP65,便携式，适用于现场测试,自动切换,≤600 A/m,≤15 V/m,<4秒,60 Hz - 500 Hz,±(2% + 5),1 MΩ 至 20 GΩ,国际电工委员会,iec.ch,,
数字绝缘电阻测试仪,电池供电,-20°C至60°C,10%至95%,有,有,IP54,紧凑型设计，易于携带,自动切换,≤250 A/m,≤20 V/m,<3秒,50 Hz,±(1% + 3),0.01 Ω 至 10 GΩ,美国国家标准与技术研究院,nist.gov,,
双通道数字万用表,可充电电池,-10°C至50°C,0%至90%,有,无,IP67,功能全面，适合实验室使用,手动切换,≤150 A/m,≤25 V/m,<1秒,2 kHz,±(1.5% + 1),0.001 Ω 至 30 MΩ,英国家电协会,applianceassociation.eu,,
微电阻测量仪,交流/直流电源,-5°C至55°C,15%至80%,有,无,IP40,高精度，适合实验室使用,手动切换,≤100 A/m,≤10 V/m,<6秒,50 Hz - 1 kHz,±(0.5% + 0.5),0.0001 Ω 至 1 Ω,中国电工技术学会,csee.org.cn,,
防水绝缘电阻计,电池供电,-30°C至70°C,0%至95%,有,有,IP68,用于潮湿环境，防水设计,自动切换,≤400 A/m,≤20 V/m,<8秒,50 Hz,±(3% + 4),0.1 MΩ 至 30 GΩ,全球电子仪器公司,globalinstruments.com,,
低压微电阻测试仪,外部电源,-20°C至60°C,5%至85%,有,无,IP54,高灵敏度，适合精密测量,手动切换,≤200 A/m,≤15 V/m,<3秒,100 Hz,±(1% + 1),0.0001 Ω 至 500 Ω,国家电气管理局,nea.gov.cn,,
高精度电阻测量仪,电池/外部电源,-10°C至65°C,0%至90%,有,无,IP67,精密仪器，适合科研使用,自动切换,≤350 A/m,≤25 V/m,<5秒,50 Hz - 1 kHz,±(0.5% + 0.2),0.001 Ω 至 5 GΩ,国际计量局,bipm.org,,
便携式绝缘电阻测量仪,锂电池,-15°C至55°C,10%至95%,有,无,IP44,轻便设计，适合户外使用,手动切换,≤250 A/m,≤20 V/m,<4秒,50 Hz,±(2.5% + 2),0.1 MΩ 至 15 GΩ,江苏省科学技术协会,jskj.gov.cn,,
四线电阻测量仪,电池/外部电源,-20°C至70°C,5%至90%,有,无,IP65,防尘、防潮设计，适用于工业环境,自动切换,≤150 A/m,≤20 V/m,<2秒,1 kHz,±(1% + 0.5),0.001 Ω 至 100 MΩ,全国电气检测协会,cneia.gov.cn,,
绝缘电阻测试仪,交流/直流电源,-10°C至60°C,5%至85%,有,无,IP65,防水设计，适合户外使用,自动切换,250,20,<4秒,60 Hz - 450 Hz,±(2.5% + 4),0.01 MΩ 至 5 GΩ,国际电工委员会,iec.ch,,
数字万用表,电池供电,-15°C至55°C,0%至90%,有,有,IP67,便携式，多功能,手动切换,150,25,<2秒,1 kHz,±(1.0% + 3),0.001 Ω 至 30 MΩ,中国科学技术协会,cast.org.cn,,
电桥,外部供电,-20°C至80°C,10%-95%,有,无,IP54,高精度，稳定性强,自动切换,350,40,<2秒,120 Hz,±(0.5% + 1),0.01 Ω 至 2 GΩ,上海仪器仪表厂,shinstrument.com,,
绝缘电阻测试仪,手动充电,-5°C至50°C,0%至60%,有,有,IP68,采用强抗冲击材料,自动切换,300,15,<6秒,100 Hz - 500 Hz,±(1.8% + 2),0.01 MΩ 至 15 GΩ,国家电网公司,sgcc.com.cn,,
数字万用表,交流电供电,-10°C至45°C,0%至70%,有,无,IP65,适合工业现场使用,手动切换,200,10,<3秒,900 Hz,±(1.0% + 2),0.01 Ω 至 25 MΩ,中国电器科学研究院,cesi.cn,,
电桥,外部供电,-10°C至60°C,5%-90%,有,无,IP40,紧凑型设计，用于实验室,数字化自动切换,400,50,<1秒,60 Hz,±(1.2% + 1),0.01 Ω 至 1 GΩ,华东理工大学,ecust.edu.cn,,
绝缘电阻测试仪,电池供电,-20°C至70°C,0%至95%,有,有,IP67,具备智能测量功能,智能切换,350,35,<3秒,50 Hz - 600 Hz,±(1.5% + 3),0.01 MΩ 至 10 GΩ,中国电力研究院,cepra.com.cn,,
数字万用表,电池供电,-10°C至50°C,0%至85%,有,无,IP63,适合家庭和实验室使用,自动切换,225,20,<2秒,1 kHz,±(1.7% + 3),0.01 Ω 至 5 MΩ,全国计量中心,cnmc.org.cn,,
电桥,外部供电,-20°C至65°C,0%至95%,有,无,IP50,高性能，适用于精密测量,手动切换,370,45,<2秒,100 Hz,±(0.8% + 2),0.001 Ω 至 1 GΩ,国防科技大学,nudt.edu.cn,,
绝缘电阻测试仪,交流/直流电源,-10°C至60°C,5%至90%,有,无,IP65,便携式，适合野外使用,自动切换,≤250 A/m,≤15 V/m,<4秒,60 Hz - 500 Hz,±(1.8% + 2),0.01 MΩ 至 5 GΩ,国际电气安全标准协会,iec.ch,,
数字万用表,可充电电池,-5°C至55°C,0%至85%,有,有,IP67,人性化设计，易操作,自动切换,≤150 A/m,≤20 V/m,<2秒,1 kHz,±(1.0% + 1),0.001 Ω 至 30 MΩ,中国电子技术标准化研究院,cetac.org.cn,,
电桥,外部AC/DC电源,-10°C至80°C,10%-95%,有,是,IP54,高精度，适用于实验室,手动切换,≤400 A/m,≤30 V/m,<3秒,100 Hz - 1 kHz,±(0.5 % + 0.5),0.001 Ω 至 2 GΩ,实验室仪器设备中心,labinstruments.cn,,
高精度电阻测量仪,直流恒流源,0°C至50°C,0%至75%,有,无,IP20,桌面式，适合长期监测,自动切换,≤100 A/m,≤5 V/m,<6秒,50 Hz,±(0.5% + 1),0.01 Ω 至 100 GΩ,国际标准化组织,iso.org,,
手持式数字电阻测试仪,可更换电池,-20°C至60°C,0%至80%,有,无,IP66,轻便，易于携带,自动切换,≤350 A/m,≤12 V/m,<4秒,50 Hz - 300 Hz,±(2% + 5),0.01 MΩ 至 10 GΩ,推动绿色科技联盟,greentech.org.cn,,
数字多用仪,交流电子适配器,-15°C至70°C,0%至90%,有,无,IP65,多功能设计，操作简单,手动切换,≤250 A/m,≤40 V/m,<1秒,1 kHz,±(1.2% + 3),0.001 Ω 至 10 MΩ,中国计量器具协会,cmta.org.cn,,
便携式高阻测量仪,直流电池,-5°C至55°C,10%至85%,有,无,IP54,紧凑，适合高尔夫球场使用,自动切换,≤200 A/m,≤10 V/m,<3秒,60 Hz,±(1.5% + 2),0.01 GΩ 至 100 GΩ,国家科技部,most.gov.cn,,
智能电阻测量仪,USB充电,-20°C至50°C,0%至90%,有,无,IP30,智能化，数据上传,自动切换,≤300 A/m,≤25 V/m,<5秒,100 Hz - 1 kHz,±(2% + 1),0.01 MΩ 至 1 GΩ,智能仪器设备网络,smartinstrumentation.com,,
便携式电阻测量仪,太阳能供电,-10°C至40°C,0%至100%,有,是,IP67,环保设计，适合户外使用,手动切换,≤50 A/m,≤10 V/m,<2秒,50 Hz,±(1.5% + 2),0.001 Ω 至 15 MΩ,绿色科技研究所,greenersolutions.org,,
绝缘电阻测试仪,直流电源,-15°C至60°C,5%至90%,有,有,IP66,轻便，适合现场使用,自动切换,≤500 A/m,≤15 V/m,<4秒,40 Hz - 500 Hz,±(2% + 2),0.1 MΩ 至 20 GΩ,国际电工委员会,iec.ch,,
数字万用表,交流/直流电源,-5°C至55°C,0%至75%,有,无,IP65,专业级，适合实验室,手动切换,≤250 A/m,≤25 V/m,<3秒,2 kHz,±(1.0% + 1),0.01 Ω 至 15 MΩ,中国国家标准化管理委员会,cnis.gov.cn,,
电桥,外部供电,-30°C至60°C,0%-95%,有,无,IP30,高精度，适合科研,自动切换,≤200 A/m,≤40 V/m,<5秒,200 Hz,±(0.5% + 0.5),0.001 Ω 至 100 GΩ,中国计量局,nmi.gov.cn,,
便携式电阻器测量仪,电池供电,0°C至50°C,10%至80%,有,无,IP54,小巧轻便，适用于现场测量,自动切换,≤100 A/m,≤10 V/m,<2秒,1 kHz,±(3% + 2),0.1 Ω 至 5 MΩ,电子设备技术中心,etcc.gov.cn,,
微电阻测量仪,直流电源,-20°C至55°C,0%至90%,有,无,IP67,高灵敏度，专为微小电阻设计,手动切换,≤150 A/m,≤20 V/m,<10秒,100 Hz - 1 kHz,±(1.0% + 0.01),0.0001 Ω 至 1 MΩ,中国科技部,most.gov.cn,,
耐压测试仪,交流电源,-10°C至60°C,0%至85%,有,有,IP65,安全，适合高压测试,自动切换,≤300 A/m,≤30 V/m,<4秒,50 Hz,±(2% + 1),0.1 MΩ 至 10 GΩ,中国电力公司,sgcc.com.cn,,
自动电阻测量仪,交流/直流电源,0°C至40°C,20%至90%,有,无,IP50,自动化，适用于快速测量,自动切换,≤250 A/m,≤15 V/m,<1秒,1 kHz,±(1.0% + 0.1),0.01 Ω 至 10 MΩ,中国电器工业协会,ceia.org.cn,,
接地电阻测量仪,电池供电,-10°C至45°C,5%至85%,有,无,IP64,便携式，适合接地检测,手动切换,≤200 A/m,≤20 V/m,<3秒,60 Hz,±(1.5% + 0.5),0.1 Ω 至 50 Ω,电力安全工程技术中心,pecc.gov.cn,,
高精度电阻测量仪,外部供电,-20°C至70°C,0%-95%,有,无,IP30,精度高，适合实验室使用,自动切换,≤300 A/m,≤50 V/m,<10秒,100 Hz - 1 kHz,±(0.5% + 0.1),0.001 Ω 至 100 GΩ,中国电动工具协会,cma.org.cn,,
数字绝缘电阻测试仪,交流/直流电源,-10°C至60°C,5%至90%,有,无,IP65,台式，适合实验室使用,自动切换,≤250 A/m,≤15 V/m,<4秒,60 Hz - 500 Hz,±(2% + 4),0.1 MΩ 至 30 GΩ,中国电子技术标准化研究院,cet.com.cn,,
便携式数字万用表,锂电池,-15°C至55°C,0%至85%,有,有,IP67,轻便，适合野外测量,手动切换,≤150 A/m,≤20 V/m,<3秒,1 kHz,±(1.0% + 1),0.001 Ω 至 50 MΩ,国家市场监督管理总局,samr.gov.cn,,
高精度电桥,内置可充电电池,-20°C至70°C,0%至95%,有,无,IP54,实验室式，支持多种测量模式,自动切换,≤400 A/m,≤50 V/m,<5秒,100 Hz,±(0.5% + 0.5),0.1 Ω 至 10 GΩ,中国计量协会,cmia.org.cn,,
抗干扰绝缘电阻测量仪,交流电源,-30°C至50°C,0%至95%,有,无,IP66,专业用于电力行业,自动切换,≤300 A/m,≤20 V/m,<2秒,1 kHz,±(1.2% + 3),0.01 MΩ 至 50 GΩ,电力研究院,creg.gov.cn,,
智能多路复用电桥,外部DC电源,-10°C至60°C,10%-80%,有,有,IP65,支持多通道同时测量,自动切换,≤200 A/m,≤25 V/m,<3秒,500 Hz,±(0.2% + 0.2),0.1 Ω 至 5 GΩ,国家计量局,nism.gov.cn,,
桌面型数字电表,AC/DC适配器,0°C至50°C,10%至95%,有,无,IP43,适合实验室及教学使用,手动切换,≤100 A/m,≤10 V/m,<4秒,1 kHz,±(1.5% + 2),0.01 Ω 至 10 MΩ,中国电力仪器集团,cepgl.com,,
工业级绝缘电阻测试仪,交流/直流电源,-10°C至55°C,0%至90%,有,无,IP67,适合野外和工厂使用,自动切换,≤350 A/m,≤15 V/m,<3秒,60 Hz,±(1.8% + 4),1 MΩ 至 20 GΩ,中国机械工业联合会,cmif.org.cn,,
可编程智能电阻测量仪,外部DC电源,-20°C至60°C,0%至95%,有,有,IP65,支持远程控制和数据记录,自动切换,≤500 A/m,≤40 V/m,<4秒,100 Hz - 1 kHz,±(1.0% + 3),0.001 Ω 至 100 MΩ,电子设备制造商协会,sem.org,,
手持式数字电阻测量仪,可充电锂电池,-20°C至55°C,5%至85%,有,无,IP54,轻便，适合现场使用,手动切换,≤150 A/m,≤30 V/m,<2秒,1 kHz,±(2% + 2),0.1 Ω 至 15 MΩ,中国科学技术协会,cast.org.cn,,
绝缘电阻测试仪,交流/直流电源,-10°C至60°C,0%至90%,有,无,IP65,手持式，适合现场测试,自动切换,≤500 A/m,≤20 V/m,<4秒,30 Hz - 500 Hz,±(1.5% + 1),0.01 MΩ 至 15 GΩ,国际电工委员会,iec.ch,,
数字万用表,充电电池,-5°C至55°C,5%至85%,有,有,IP68,便携式防水设计,自动切换,≤250 A/m,≤25 V/m,<1秒,500 Hz,±(0.5% + 2),0.001 Ω 至 30 MΩ,电子测试设备标准化委员会,etsc.org,,
电桥,交流电源,-15°C至80°C,0%-85%,无,有,IP52,桌面型，适合实验室使用,手动切换,≤200 A/m,≤40 V/m,<6秒,1 kHz,±(0.5 % + 0.1),0.001 Ω 至 5 GΩ,中国电工仪器协会,ceia.org.cn,,
高压绝缘电阻测试仪,交流电源,-10°C至70°C,0%至95%,有,无,IP54,工业型，适合高压环境,自动切换,≤300 A/m,≤10 V/m,<8秒,60 Hz,±(2% + 4),0.1 MΩ 至 20 GΩ,中国电力部,sgcc.com.cn,,
便携式电阻测试仪,内置锂电池,-20°C至50°C,0%至90%,有,无,IP67,轻巧设计，适合户外使用,自动切换,≤400 A/m,≤15 V/m,<3秒,400 Hz,±(1.2% + 2),0.1 Ω 至 10 MΩ,国家无线电频谱管理局,nrsm.gov.cn,,
数字绝缘电阻测试仪,电池供电,-10°C至60°C,0%至85%,有,无,IP65,智能化设计，适合家庭使用,手动切换,≤100 A/m,≤20 V/m,<5秒,300 Hz,±(1.0% + 1),0.01 MΩ 至 5 GΩ,家庭科技产品评测网,hometesting.com,,
高精度数字电阻计,交流/直流电源,-20°C至50°C,10%至80%,有,无,IP40,实验室使用，准确性高,自动切换,≤250 A/m,≤30 V/m,<2秒,1 kHz,±(0.2% + 0.5),0.001 Ω 至 1 GΩ,中国国家标准化管理委员会,sac.gov.cn,,
无线数字万用表,可充电电池,-10°C至55°C,0%至90%,有,有,IP68,配备蓝牙功能，方便数据传输,自动切换,≤150 A/m,≤25 V/m,<3秒,2 kHz,±(0.3% + 1),0.001 Ω 至 20 MΩ,技术创新产品联盟,tipa.org,,
三端测量电阻计,内置锂电池,-20°C至60°C,5%至90%,有,无,IP64,专业型，适合工业使用,手动切换,≤200 A/m,≤15 V/m,<4秒,100 Hz,±(0.5% + 0.2),0.01 Ω 至 10 GΩ,高等院校实验室标准化委员会,labs.org.cn,,
高压绝缘电阻测试仪,交流电源,-10°C至60°C,0%至100%,有,有,IP65,便于高压作业，坚固耐用,自动切换,≤500 A/m,≤20 V/m,<10秒,50 Hz - 500 Hz,±(2% + 5),1 MΩ 至 100 GΩ,国际电气标准委员会,iec.ch,,
高精度数字万用表,可充电锂电池,-20°C至55°C,10%至90%,有,无,IP54,轻便、带蓝牙功能,自动切换,≤200 A/m,≤25 V/m,<3秒,2 kHz,±(1.2% + 1),0.001 Ω 至 30 MΩ,中国电子学会,ces.org.cn,,
便携式电阻测试仪,电池供电,-15°C至45°C,0%至80%,有,无,IP67,小巧，适合野外使用,手动切换,≤150 A/m,≤15 V/m,<2秒,1 kHz,±(3% + 2),0.01 Ω 至 5 MΩ,国家标准化管理委员会,sac.gov.cn,,
自动电阻测量仪,交流/直流电源,-30°C至70°C,0%至95%,有,无,IP40,适合工业自动化,自动切换,≤400 A/m,≤30 V/m,<4秒,100 Hz,±(2% + 3),0.1 Ω 至 10 GΩ,中国电力科学研究院,cepri.cn,,
智能电桥,外部供电,-10°C至50°C,20%至85%,有,无,IP30,支持联网监控,自动切换,≤300 A/m,≤50 V/m,<5秒,500 Hz,±(1.0 % + 1),0.01 Ω 至 5 GΩ,中国计量协会,cma.org.cn,,
超高精度电阻测量仪,交流电源,-40°C至60°C,5%至90%,有,有,IP67,适用于科研实验和高端工业,手动切换,≤100 A/m,≤10 V/m,<1秒,1 kHz,±(0.5% + 0.5),0.001 Ω 至 100 GΩ,中国科学院物理研究所,iphy.ac.cn,,
桌面数字电阻测量仪,交流/直流电源,0°C至40°C,10%至80%,有,无,IP20,适合实验室使用，性能稳定,手动切换,≤250 A/m,≤20 V/m,<3秒,60 Hz,±(1.5% + 2),0.1 Ω 至 10 MΩ,国家电气设备检测中心,nest.org.cn,,
移动式电阻测试仪,内置锂电池,-20°C至55°C,0%至90%,有,无,IP65,小巧，现场作业方便,自动切换,≤300 A/m,≤25 V/m,<2秒,500 Hz,±(2% + 1),0.01 Ω 至 15 MΩ,中国电子技术标准化研究院,etsi.org.cn,,
工业电阻测量仪,交流电源,-10°C至50°C,0%至85%,有,有,IP66,适合复杂环境下使用,自动切换,≤450 A/m,≤30 V/m,<3秒,50 Hz,±(1% + 1),0.001 Ω 至 20 GΩ,中国机电产品进出口商会,cccme.org.cn,,
绝缘电阻测试仪,交流/直流电源,-10°C至60°C,0%至95%,有,有,IP65,手持式，耐用设计,手动切换,≤350 A/m,≤25 V/m,<4秒,60 Hz - 300 Hz,±(1% + 1),0.1 MΩ 至 20 GΩ,国际电工委员会,iec.ch,,
数字万用表,可充电锂电池,-15°C至55°C,0%至85%,有,无,IP54,紧凑设计，便于携带,自动切换,≤150 A/m,≤20 V/m,<2秒,10 kHz,±(1.2% + 3),0.01 Ω 至 30 MΩ,中国仪器仪表学会,cim.org.cn,,
电桥,交流电源,-20°C至65°C,5%-90%,有,有,IP30,高精度，适合实验室使用,手动切换,≤400 A/m,≤40 V/m,<3秒,50 Hz,±(0.5% + 0.5),0.001 Ω 至 5 GΩ,国际米制组织,bipm.org,,
高阻抗电阻测量仪,内置电池,-30°C至70°C,0%至90%,有,无,IP67,便携式，适合户外使用,自动切换,≤250 A/m,≤15 V/m,<6秒,100 Hz - 1 kHz,±(0.8% + 2),0.01 MΩ 至 50 GΩ,电气与电子工程师协会,ieee.org,,
数字绝缘电阻测量仪,交流电源,-20°C至80°C,0%至95%,有,无,IP65,工业级，耐高温,手动切换,≤300 A/m,≤20 V/m,<5秒,50 Hz - 1 kHz,±(1.5% + 3),0.001 MΩ 至 100 GΩ,中国电工仪器研究所,ceei.cn,,
四端测量电阻仪,电池供电,-25°C至60°C,5%-85%,有,无,IP54,专业级，适合科研,自动切换,≤200 A/m,≤10 V/m,<4秒,1 kHz,±(0.5% + 1),0.005 Ω 至 10 GΩ,中国计量局,sac.gov.cn,,
手持式电阻测量仪,USB充电,-20°C至50°C,0%至90%,有,有,IP67,轻便，适合现场操作,手动切换,≤150 A/m,≤25 V/m,<3秒,60 Hz,±(1.0% + 1),0.01 Ω 至 5 MΩ,中国仪器标准化委员会,cis.gov.cn,,
高精度电阻测量仪,外部电源,-10°C至65°C,10%-80%,有,无,IP40,高级，实验室使用,手动切换,≤200 A/m,≤50 V/m,<2秒,100 Hz,±(0.5% + 2),0.01 Ω 至 15 GΩ,中国电气工业协会,ceia.org.cn,,
自动化电阻测量仪,交流电源,-20°C至70°C,0%至85%,有,有,IP65,工矿级，耐用,自动切换,≤250 A/m,≤30 V/m,<5秒,1 kHz,±(1% + 3),0.02 Ω 至 8 GΩ,国家电网公司,sgcc.com.cn,,
高压绝缘电阻测试仪,交流/直流电源,-10°C至60°C,5%至90%,有,无,IP65,台式，适合实验室使用,自动切换,≤500 A/m,≤15 V/m,<15秒,60 Hz - 1 kHz,+-(1.5% + 1),0.1 MΩ 至 100 GΩ,中国电力部,sgcc.com.cn,,
数字绝缘电阻表,电池供电,-15°C至55°C,0%至80%,有,无,IP67,设计轻巧，便于携带,手动切换,≤250 A/m,≤25 V/m,<3秒,50 Hz,+-(2.0% + 3),0.01 Ω 至 20 MΩ,国家电网公司,sgcc.com.cn,,
微电阻测量仪,交流电源,-20°C至45°C,10%至85%,有,有,IP54,便携式，适合现场测试,自动切换,≤300 A/m,≤10 V/m,<10秒,1 kHz,+-(0.5% + 0.1),0.001 Ω 至 50 Ω,中国电子技术标准化研究院,cetc.org.cn,,
便携式电阻测量仪,内置锂电池,-10°C至70°C,0%至90%,有,无,IP66,耐用，适合户外使用,手动切换,≤600 A/m,≤20 V/m,<5秒,200 Hz,+-(1.0% + 2),0.01 MΩ 至 10 GΩ,电子行业协会,ee.net.cn,,
高精度测量仪,外部供电,0°C至50°C,0%至100%,有,无,IP40,光电显示，适合实验室,自动切换,≤200 A/m,≤30 V/m,<1秒,500 Hz,+-(0.5% + 0.2),0.001 Ω 至 1 GΩ,中国计量局,nims.cn,,
多功能电阻测试仪,交流/直流电源,-30°C至55°C,5%至95%,有,有,IP55,多功能，适合各种测量,自动切换,≤400 A/m,≤10 V/m,<7秒,100 Hz,+-(2.5% + 5),0.01 MΩ 至 30 GΩ,国际电工委员会,iec.ch,,
绝缘阻抗测试仪,蓄电池供电,-10°C至60°C,0%至95%,有,无,IP52,轻便，适合日常使用,手动切换,≤350 A/m,≤20 V/m,<4秒,50 Hz,+-(3.0% + 4),0.1 MΩ 至 5 GΩ,中国安全生产科学研究院,csp.gov.cn,,
精密高阻计,交流电源,-20°C至50°C,15%至85%,有,有,IP65,精密型，适用于科研,自动切换,≤150 A/m,≤5 V/m,<2秒,1 kHz,+-(0.2% + 0.1),0.01 MΩ 至 100 GΩ,国家质量监督检验检疫总局,aqsiq.gov.cn,,
低阻测试仪,电池供电,-30°C至70°C,0%至90%,有,无,IP44,小型，适合狭小空间测试,手动切换,≤500 A/m,≤10 V/m,<5秒,50 Hz,+-(1.0% + 1),0.001 Ω 至 1 MΩ,中国物理学会,cps.org.cn,,
高压绝缘电阻测试仪,交流/直流电源,-10°C至60°C,5%至90%,有,无,IP65,桌面式，适用于实验室,自动切换,≤500 A/m,≤20 V/m,<4秒,60 Hz - 1000 Hz,±(1% + 5),0.1 MΩ 至 20 GΩ,中国电力科学研究院,cepri.cn,,
数字温度电阻计,充电电池,-20°C至70°C,0%至100%,有,有,IP54,便携式，适合现场使用,手动切换,≤250 A/m,≤15 V/m,<3秒,500 Hz,±(0.5% + 2),0.01 Ω 至 50 MΩ,国家气象局,cma.gov.cn,,
自动化电阻测量仪,交流电源,0°C至50°C,10%至85%,有,无,IP67,机柜式，适用于工业应用,自动切换,≤400 A/m,≤25 V/m,<2秒,1 kHz,±(1.5% + 3),0.005 Ω 至 30 MΩ,中国电器工业协会,ceia.org.cn,,
电阻-电压测试仪,电池/充电电源,-15°C至45°C,0%至75%,有,有,IP56,紧凑型，适合实验室和现场,手动切换,≤150 A/m,≤35 V/m,<3秒,500 Hz,±(2% + 1),0.001 Ω 至 5 MΩ,中国科学技术协会,cast.org.cn,,
微电阻测量仪,外部供电,-30°C至60°C,0%至90%,有,无,IP65,高精度，实验室专用,自动切换,≤350 A/m,≤10 V/m,<1秒,1 kHz,±(0.2% + 1),0.0001 Ω 至 100 Ω,中国新材料工业技术研究院,imt.org.cn,,
便携式绝缘电阻测试仪,锂电池,-20°C至50°C,0%至85%,有,无,IP67,便于携带，移动使用,自动切换,≤300 A/m,≤5 V/m,<5秒,100 Hz,±(1% + 0.5),0.01 MΩ 至 10 GΩ,国家电气安全检测中心,cesc.org.cn,,
多功能电阻测量仪,内置电池,-10°C至60°C,5%至90%,有,有,IP54,结合多种功能，现场应用广泛,手动切换,≤200 A/m,≤20 V/m,<3秒,150 Hz,±(1.5% + 1),0.01 Ω 至 50 MΩ,中国工程机械研究院,rici.org.cn,,
便携式数字电阻测试仪,铅酸电池,-20°C至55°C,0%至95%,有,无,IP66,手持式，野外测试,自动切换,≤300 A/m,≤10 V/m,<2秒,200 Hz,±(2% + 2),0.001 Ω 至 5 GΩ,国家电力监管委员会,nerc.gov.cn,,
真空环境下电阻测量仪,外部供电,-40°C至100°C,0%至60%,有,有,IP30,高精度，特定应用,自动切换,≤100 A/m,≤5 V/m,<10秒,50 Hz,±(0.5% + 1),0.001 Ω 至 1 GΩ,中国航天科技集团公司,casc.gov.cn,,
高压绝缘测量仪,交流/直流电源,-10°C至60°C,10%至95%,有,无,IP67,便携式，适合户外使用,自动切换,≤500 A/m,≤20 V/m,<4秒,60 Hz - 1000 Hz,±(1.0% + 1),1 MΩ 至 50 GΩ,国际电工委员会,iec.ch,,
桌面数字万用表,交流电源,0°C至40°C,0%至90%,有,无,IP54,高稳定性，适合实验室使用,手动切换,≤100 A/m,≤15 V/m,<1秒,1 kHz,±(2.0% + 5),0.01 Ω 至 10 MΩ,美国电气与电子工程师协会,ieee.org,,
数字绝缘电阻测试仪,电池供电,-20°C至50°C,0%至85%,有,有,IP65,强耐用，企业级设备,自动切换,≤150 A/m,≤10 V/m,<3秒,50 Hz - 300 Hz,±(1.2% + 1),0.1 MΩ 至 20 GΩ,国际质量认证组织,iso.org,,
智能电阻测试仪,内置锂电池,-15°C至55°C,5%至90%,有,无,IP68,无线连接，智能报警,手动切换,≤200 A/m,≤25 V/m,<2秒,500 Hz,±(0.5% + 1),0.001 Ω 至 30 MΩ,中国电力科学研究院,ceprei.cn,,
微型电阻测量仪,电池供电,-10°C至40°C,0%至100%,有,是,IP66,超小型，便于集成至设备中,自动切换,≤300 A/m,≤5 V/m,<1秒,10 kHz,±(1.0% + 0.5),0.01 Ω 至 2 MΩ,国际测试仪器协会,iti-association.org,,
便携式电阻测量仪,交流/直流电源,0°C至45°C,0%至75%,有,无,IP55,轻巧，适合现场测试,手动切换,≤250 A/m,≤20 V/m,<2秒,60 Hz - 500 Hz,±(1.5% + 3),0.001 Ω 至 10 MΩ,国家质量监督局,saic.gov.cn,,
多功能电阻测量仪,USB供电,-20°C至60°C,5%至95%,有,有,IP40,多种测量方式，适应性强,自动切换,≤350 A/m,≤15 V/m,<3秒,100 Hz - 1000 Hz,±(0.8% + 1),0.01 Ω 至 100 MΩ,国家电工技术委员会,neea.gov.cn,,
数字绝缘电阻仪,可充电锂电池,-30°C至60°C,0%至90%,有,无,IP67,带有测量数据存储功能,手动切换,≤400 A/m,≤30 V/m,<5秒,50 Hz - 200 Hz,±(1.0% + 2),0.01 MΩ 至 10 GΩ,全球电器产品测试机构,globaltesting.org,,
电性能分析仪,交流电源,0°C至50°C,10%至80%,有,无,IP40,适合电子元件性能分析,自动切换,≤200 A/m,≤25 V/m,<2秒,10 kHz,±(1.5% + 3),0.001 Ω 至 1 MΩ,电子技术工程师协会,etech.org,,
绝缘电阻测试仪,交流/直流电源,-10°C至60°C,5%至90%,有,无,IP65,便携式，适合户外使用,自动切换,150,25,<7秒,50 Hz - 1 kHz,±(1.5% + 5),0.01 MΩ 至 30 GΩ,中国电子技术标准化研究院,cetis.org.cn,,
数字万用表,USB充电,-5°C至55°C,0%至75%,有,有,IP68,创新设计，符合人体工学,手动切换,100,40,<1秒,1 kHz,±(0.5% + 1),0.001 Ω 至 50 MΩ,国家计量局,samr.gov.cn,,
电桥,充电电池,-20°C至80°C,5%-95%,有,无,IP54,桌面式，适合实验室使用,自动切换,200,30,<2秒,200 Hz,±(0.5 % + 1),0.01 Ω 至 500 MΩ,中国仪器仪表工业协会,cimea.org.cn,,
绝缘电阻测试仪,太阳能供电,0°C至50°C,10%至80%,有,有,IP67,超轻便，节能环保,自动切换,250,35,<6秒,100 Hz - 500 Hz,±(1.0% + 2),0.1 MΩ 至 15 GΩ,中国电力科学研究院,cepri.com.cn,,
数字万用表,电池供电,-10°C至50°C,0%至90%,有,无,IP54,小型化设计，便于携带,手动切换,200,20,<3秒,500 Hz,±(2.0% + 3),0.01 Ω 至 10 MΩ,中国计量科技发展研究中心,cmiic.org.cn,,
电桥,市电供电,-20°C至60°C,0%-85%,有,无,IP40,高性能，适合工业应用,自动切换,350,25,<4秒,50 Hz,±(1.2% + 0.5),0.01 Ω 至 2 GΩ,中国半导体研究所,csi.ac.cn,,
绝缘电阻测试仪,交流电源,-15°C至55°C,5%至90%,有,有,IP65,坚固耐用，适用于恶劣环境,自动切换,100,10,<8秒,60 Hz,±(1.5% + 2),0.1 MΩ 至 12 GΩ,国际仪器仪表博览会,expoiia.com,,
数字万用表,电池供电,-20°C至40°C,0%至85%,有,无,IP67,紧凑型，适合家庭使用,手动切换,400,20,<1.5秒,2 kHz,±(1.0% + 3),0.001 Ω 至 25 MΩ,中国家电协会,cea.org.cn,,
电桥,锂电池,-10°C至45°C,0%至90%,有,无,IP50,便于维修，经济实用,手动切换,300,15,<3秒,500 Hz,±(1.5% + 1),0.1 Ω 至 400 MΩ,中国测量标准化技术委员会,cmtc.org.cn,,
高压绝缘电阻测试仪,交流/直流电源,-10°C至60°C,5%至95%,有,无,IP65,台式，稳定性强,自动切换,≤250 A/m,≤20 V/m,<4秒,60 Hz - 300 Hz,±(1% + 1),0.1 MΩ 至 20 GΩ,电气工程师协会,ieee.org,,
精密数字电阻计,交流电源,0°C至50°C,10%至80%,有,无,IP30,桌面型，适合长期使用,手动切换,≤150 A/m,≤15 V/m,<3秒,50 Hz,±(0.5% + 1),0.01 Ω 至 10 MΩ,国家标准化管理委员会,sac.gov.cn,,
便携式电阻测试仪,电池供电,-20°C至55°C,0%至90%,有,有,IP67,小巧便携，适合野外使用,自动切换,≤100 A/m,≤5 V/m,<6秒,1 kHz,±(1.5% + 2),0.1 Ω 至 5 MΩ,中国工业检测技术研究院,eitis.gov.cn,,
摩尔电阻计,外部电源,-10°C至70°C,5%至85%,无,无,IP40,高灵敏，适合实验室应用,手动切换,≤200 A/m,≤25 V/m,<2秒,50 Hz,±(0.3% + 1),0.001 Ω 至 2 GΩ,国家半导体设备研究所,semiconductor.gov.cn,,
自动化数字电阻测试仪,交流/直流电源,-20°C至60°C,0%至90%,有,有,IP54,长时间测试，自动记录数据,自动切换,≤180 A/m,≤35 V/m,<7秒,500 Hz,±(1% + 3),0.01 Ω 至 15 GΩ,现代计量技术杂志,mtj.org.cn,,
电阻率测量仪,电池供电,-20°C至40°C,0%至75%,有,无,IP30,轻便，适合移动测试,手动切换,≤120 A/m,≤10 V/m,<5秒,100 Hz,±(2% + 2),0.01 Ω 至 3 MΩ,中国化学物理研究所,iccas.cn,,
数字绝缘电阻表,电池供电,-15°C至55°C,0%至90%,无,无,IP65,防水防尘，适合户外使用,自动切换,≤300 A/m,≤20 V/m,<8秒,20 Hz,±(1% + 1),0.01 MΩ 至 30 GΩ,国家电力公司,sgcc.com.cn,,
数字化电阻测试仪,外部供电,-20°C至65°C,10%至90%,有,无,IP44,可编程，适合工业应用,手动切换,≤250 A/m,≤10 V/m,<4秒,250 Hz,±(0.5% + 1),0.1 Ω 至 25 MΩ,中国自动化学会,caa.org.cn,,
微电流电阻计,电池供电,-10°C至60°C,10%至100%,有,有,IP68,用于极端环境测试,自动切换,≤200 A/m,≤15 V/m,<3秒,1 kHz,±(0.2% + 2),0.01 Ω 至 1 GΩ,中国微电子技术研究院,imei.gov.cn,,
绝缘电阻测试仪,交流电源,-10°C至60°C,5%至90%,有,无,IP65,便携式，适用于野外使用,自动切换,≤250 A/m,≤15 V/m,<4秒,60 Hz - 500 Hz,±(3% + 5),0.1 MΩ 至 20 GΩ,中国电工技术学会,cees.org.cn,,
数字万用表,USB充电,-20°C至50°C,0%至75%,有,无,IP67,模块化设计，易于维护,自动切换,≤100 A/m,≤20 V/m,<1秒,100 Hz,±(2.0% + 3),0.01 Ω 至 30 MΩ,中国仪器仪表标准化研究院,cimr.org.cn,,
电桥,内置电池,-15°C至65°C,0%至80%,有,有,IP54,高性能，适合实验室使用,手动切换,≤150 A/m,≤25 V/m,<6秒,200 Hz,±(1.5% + 2),0.001 Ω 至 10 GΩ,上海市计量测试技术研究院,smllab.com,,
高压绝缘电阻仪,交流/直流电源,-30°C至70°C,0%至100%,有,无,IP40,适应恶劣环境，耐用性强,自动切换,≤500 A/m,≤50 V/m,<10秒,50 Hz,±(4% + 5),0.1 MΩ 至 100 GΩ,全国电气安全技术委员会,cnsec.org,,
便携式数字电阻仪,锂电池,-5°C至60°C,10%至95%,有,无,IP67,小巧，便于携带,手动切换,≤300 A/m,≤10 V/m,<2秒,1 kHz,±(1.0% + 1),0.01 Ω 至 5 MΩ,国家电气设备检测中心,nedtc.cn,,
兆欧表,内置锂电池,-20°C至55°C,0%至90%,有,无,IP68,高度智能化，适用于工业,自动切换,≤600 A/m,≤20 V/m,<5秒,60 Hz,±(2.5% + 3),0.01 MΩ 至 50 GΩ,电力行业标准化研究院,etiri.org.cn,,
RF电阻测量仪,直流电源,-10°C至45°C,5%至80%,有,无,IP55,适合高频测量，精度高,手动切换,≤400 A/m,≤15 V/m,<4秒,10 kHz,±(1.2% + 2),0.1 Ω 至 100 MΩ,国家电磁兼容中心,emc.org.cn,,
数字示波器,交流电源,-15°C至55°C,0%至90%,有,有,IP54,多功能，高灵敏度,自动切换,≤300 A/m,≤40 V/m,<3秒,500 Hz,±(1.0% + 1),0.01 Ω 至 25 MΩ,中国电子技术标准化研究院,cet.org.cn,,
环境电阻测量仪,太阳能供电,-20°C至40°C,0%至100%,有,无,IP67,环保设计，适合户外使用,自动切换,≤200 A/m,≤5 V/m,<8秒,1 kHz,±(3.0% + 4),0.1 MΩ 至 15 GΩ,可再生能源研究中心,renewable.cn,,
绝缘电阻测试仪,交流/直流电源,-20°C至60°C,5%至90%,有,无,IP65,手持式，适合户外使用,自动切换,350,15,<4秒,60 Hz - 500 Hz,±(2% + 2),0.01 MΩ 至 15 GΩ,中国电子仪器协会,cei.org.cn,,
高精度数字万用表,充电电池,-10°C至55°C,0%至85%,有,有,IP67,紧凑设计，便于存储,手动切换,120,20,<1秒,2 kHz,±(1.0% + 1),0.001 Ω 至 30 MΩ,电子工程世界,ee-world.com.cn,,
智能电桥,内置锂电池,-30°C至80°C,20%至95%,有,无,IP54,便携式，适合实验室与现场,自动切换,200,5,<3秒,100 Hz,±(0.5% + 0.5),0.005 Ω 至 5 GΩ,中国计量局,nationalmetrology.gov.cn,,
绝缘阻抗测试仪,交流/直流电源,-25°C至55°C,0%至90%,有,有,IP20,固定式，适合车间使用,自动切换,180,25,<8秒,45 Hz - 400 Hz,±(3% + 5),0.1 MΩ 至 100 GΩ,国际电气测量委员会,iec.ch,,
台式万用表,市电供电,0°C至40°C,10%至70%,有,无,IP30,桌面式，适用于实验室,手动切换,100,15,<1秒,500 Hz,±(0.8% + 1),0.01 Ω 至 50 MΩ,中国电力公司,sgcc.com.cn,,
交流电阻测量仪,电池供电,-10°C至60°C,0%至95%,有,无,IP65,手持式，便于现场测量,自动切换,300,10,<6秒,50 Hz至1 kHz,±(1.5% + 3),0.01 MΩ 至 25 GΩ,中国机电产品流通协会,jmeia.org.cn,,
高端数字电阻计,交流电源,-20°C至50°C,0%至80%,有,无,IP54,面板式，适合精密工厂,自动切换,250,5,<2.5秒,1 kHz,±(0.5% + 1),0.001 Ω 至 20 GΩ,国际标准化组织,iso.org,,
便携式电桥,太阳能供电,-10°C至55°C,5%至90%,有,无,IP67,便携式，适合野外测量,手动切换,150,10,<4秒,50 Hz,±(2% + 0.5),0.01 Ω 至 5 GΩ,国家能源局,nea.gov.cn,,
数字电阻测试仪,内置电池,-20°C至60°C,10%至85%,有,无,IP40,轻量级，适合移动使用,自动切换,400,20,<3秒,1 kHz - 2 kHz,±(1.0% + 2),0.001 MΩ 至 10 GΩ,中华人民共和国家标准化管理委员会,sac.gov.cn,,
绝缘电阻监测仪,交流电源,-10°C至45°C,10%至80%,有,无,IP67,桌面式，适合实验室使用,手动切换,≤250 A/m,≤20 V/m,<4秒,60 Hz - 1000 Hz,±(1% + 2),0.05 MΩ至15 GΩ,中国电力科学研究院,cepra.org.cn,,
数字电阻计,电池供电,-20°C至60°C,5%至90%,有,有,IP54,便于携带，适合外场测试,自动切换,≤150 A/m,≤15 V/m,<2秒,1 kHz,±(2% + 5),0.1 Ω至30 MΩ,中国国家标准化管理委员会,cnca.gov.cn,,
交流电阻测量仪,外部供电,-15°C至70°C,0%至85%,有,无,IP40,模块化设计，便于维护,手动切换,≤300 A/m,≤25 V/m,<5秒,50 Hz - 200 Hz,±(1.5% + 3),0.001 Ω至10 GΩ,国家电网公司,sgcc.com.cn,,
高精度电阻测量仪,交流/直流电源,0°C至50°C,5%至95%,有,有,IP68,高灵敏度，适合科研用途,自动切换,≤400 A/m,≤10 V/m,<3秒,70 Hz - 500 Hz,±(0.5% + 1),0.01 MΩ至5 GΩ,科学技术部,most.gov.cn,,
综合电阻测试仪,电池供电,-20°C至65°C,20%至90%,有,无,IP54,紧凑型设计，适合便携使用,手动切换,≤200 A/m,≤30 V/m,<2.5秒,60 Hz,±(1% + 2),0.1 Ω至25 MΩ,中国电子技术标准化研究院,cetc.org.cn,,
电气绝缘测试仪,外部供电,-30°C至60°C,0%至95%,有,有,IP67,适用于恶劣环境,自动切换,≤350 A/m,≤15 V/m,<4秒,50 Hz - 1000 Hz,±(2% + 4),0.01 MΩ至20 GΩ,中国国家测试机构,cti.gov.cn,,
便携式电阻测量仪,电池/USB供电,-10°C至55°C,0%至75%,有,无,IP65,手持式，适合现场测试,手动切换,≤100 A/m,≤20 V/m,<3秒,100 Hz,±(1.5% + 3),0.001 Ω至5 MΩ,国际电工委员会,iec.ch,,
电阻测量分析仪,交流电源,0°C至70°C,10%至80%,有,无,IP40,带有数据记录功能，适合实验室使用,自动切换,≤250 A/m,≤20 V/m,<6秒,50 Hz - 1000 Hz,±(1% + 1),0.1 Ω至10 GΩ,国际计量局,bipm.org,,
多功能电阻测试仪,电池供电,-20°C至50°C,0%至90%,有,无,IP67,多种测量模式，可进行现场测试,手动切换,≤150 A/m,≤30 V/m,<2秒,1 kHz,±(0.5% + 2),0.01 Ω至20 MΩ,中国电子科技集团公司,cetc.com.cn,,
绝缘电阻测试仪,交流/直流电源,-30°C至60°C,0%至90%,有,有,IP55,便携式，适合户外使用,自动切换,≤500 A/m,≤15 V/m,<4秒,60 Hz - 500 Hz,±(3% + 5),0.02 MΩ 至 15 GΩ,国际电工委员会,iec.ch,,
数字万用表,电池供电,-5°C至45°C,10%至70%,有,无,IP66,轻量设计，耐磨材质,手动切换,≤150 A/m,≤20 V/m,<1秒,2 kHz,±(1.0% + 1),0.001 Ω 至 30 MΩ,中国电工技术学会,ceia.org.cn,,
精密电桥,电池供电,-10°C至55°C,0%至85%,无,无,IP50,台式，适用于实验室,自动切换,≤200 A/m,≤25 V/m,<2秒,120 Hz,±(0.5% + 1),0.005 Ω 至 5 GΩ,中国计量院,nims.cn,,
数字绝缘电阻表,交流/直流电源,-25°C至70°C,0%至95%,有,有,IP67,便携式，适合长时间测量,自动切换,≤250 A/m,≤30 V/m,<3秒,1 kHz,±(2% + 4),0.01 MΩ 至 20 GΩ,国家仪器仪表检测中心,niic.cn,,
多功能电压电流表,电池供电,0°C至50°C,10%至90%,有,无,IP54,紧凑型，适合各种环境,手动切换,≤100 A/m,≤10 V/m,<2秒,500 Hz,±(1.5% + 3),0.01 Ω 至 2 MΩ,中国电子科技集团公司,cetc.com.cn,,
高精度电阻测量仪,外部供电,-40°C至60°C,0%至100%,有,无,IP65,实验室专用，稳定性强,自动切换,≤150 A/m,≤20 V/m,<6秒,50 Hz - 1 kHz,±(0.2% + 1),0.001 Ω 至 50 GΩ,中国科学院物理研究所,iphy.cas.cn,,
智能电阻测试仪,内置电池,-20°C至45°C,5%至90%,有,无,IP68,超轻型设计，便于携带,自动切换,≤350 A/m,≤12 V/m,<3秒,200 Hz,±(1.8% + 2.5),0.01 Ω 至 12 GΩ,国家电气设备检测中心,niedc.cn,,
便携式电阻分析仪,交流/直流电源,-10°C至60°C,0%至80%,有,有,IP55,手持式，适合野外测试,手动切换,≤400 A/m,≤30 V/m,<4秒,1 kHz,±(2.5% + 3),0.01 MΩ 至 10 GΩ,中国电气工程学会,ceecs.org.cn,,
高频电阻测量仪,充电电池,-15°C至50°C,0%至95%,有,无,IP60,轻巧，设计现代,自动切换,≤200 A/m,≤10 V/m,<2秒,1 kHz - 2 kHz,±(1.0% + 1),0.01 Ω 至 30 GΩ,电气电子产品研究所,eepr.org.cn,,
绝缘电阻测试仪,交流电源,-10°C至60°C,0%至90%,有,无,IP65,轻便设计，适用于室内外,手动切换,≤250 A/m,≤20 V/m,<4秒,60 Hz - 500 Hz,±(2% + 1),0.1 MΩ 至 5 GΩ,中国电子技术标准化研究院,cet.com.cn,,
数字万用表,充电电池,-20°C至55°C,5%至95%,有,有,IP67,防水耐撞击，适合工地使用,自动切换,≤100 A/m,≤25 V/m,<1秒,1 kHz,±(1% + 3),0.005 Ω 至 30 MΩ,全球电气工程组织,ieee.org,,
电桥,USB供电,0°C至50°C,0%至100%,无,无,IP40,高精度，适合实验室环境,手动切换,≤350 A/m,≤15 V/m,<3秒,120 Hz,±(0.5% + 2),0.01 Ω 至 10 GΩ,电子工程学会,iet.org,,
高阻测量仪,交流/直流电源,-10°C至40°C,0%至85%,有,有,IP54,工业级别，持久耐用,自动切换,≤200 A/m,≤45 V/m,<6秒,50 Hz - 1 kHz,±(1% + 2),0.01 MΩ 至 15 GΩ,国际标准化组织,iso.org,,
数字万用表,干电池,0°C至50°C,10%至90%,有,无,IP54,多功能，适合家用,手动切换,≤150 A/m,≤35 V/m,<2秒,500 Hz,±(3% + 5),0.01 Ω 至 20 MΩ,国家电器安全监管委员会,cnsa.org.cn,,
高精度绝缘电阻测试仪,动力电源供电,-20°C至70°C,0%至100%,有,有,IP67,工业标准，高精度,自动切换,≤400 A/m,≤12 V/m,<3秒,1 kHz,±(1% + 1),0.01 MΩ 至 20 GΩ,工信部科技发展中心,miit.gov.cn,,
微电阻测量仪,电池供电,-30°C至60°C,0%至95%,有,无,IP33,便于携带，适合现场测量,手动切换,≤300 A/m,≤70 V/m,<5秒,1 kHz,±(2% + 5),0.001 Ω 至 1 MΩ,国家科学技术部,most.gov.cn,,
高阻测量仪,外部电源,-10°C至50°C,5%至90%,无,有,IP55,适合恶劣环境,自动切换,≤200 A/m,≤20 V/m,<4秒,100 Hz,±(1.5% + 2),0.01 MΩ 至 3 GΩ,中国电力企业联合会,cpuc.org.cn,,
便携式绝缘电阻测试仪,可充电锂电池,-10°C至70°C,0%至95%,有,无,IP67,紧凑设计，适合现场使用,手动切换,≤250 A/m,≤25 V/m,<10秒,50 Hz - 1 kHz,±(2% + 1),0.1 MΩ 至 10 GΩ,中国科学院高能物理研究所,ihp.cas.cn,,
自动绝缘电阻测试仪,交流与直流共同供电,-20°C至55°C,0%至85%,有,无,IP65,全自动，适合工业级使用,自动切换,≤400 A/m,≤10 V/m,<2秒,1 kHz,±(1% + 2),0.005 MΩ 至 30 GΩ,中国电力公司,spic.com.cn,,
数字绝缘电阻测试仪,交流/直流电源,-10°C至60°C,5%至90%,有,无,IP65,便于携带，适合现场测试,自动切换,≤150 A/m,≤20 V/m,<4秒,60 Hz - 300 Hz,±(1.0% + 2),0.1 MΩ 至 5 GΩ,电气工程师协会,ieee.org,,
高精度数字电阻计,内置可充电电池,-20°C至50°C,0%至85%,有,有,IP67,专业级别，适合实验室使用,手动切换,≤250 A/m,≤25 V/m,<1秒,100 Hz,±(0.5% + 1),0.01 Ω 至 10 MΩ,国家标准检测研究院,cnas.org.cn,,
手持数字万用表,电池供电,-5°C至55°C,0%至90%,有,无,IP54,小巧轻便，适合户外使用,自动切换,≤200 A/m,≤15 V/m,<3秒,50 Hz - 1 kHz,±(2.0% + 2),0.001 Ω 至 20 MΩ,电子产品质量监督检测中心,eqc.gov.cn,,
自动电阻测量仪,外部适配器,0°C至45°C,10%-80%,有,无,IP40,工业级别，功能强大,自动切换,≤340 A/m,≤40 V/m,<2秒,50 Hz - 500 Hz,±(0.8% + 1),0.1 Ω 至 2 GΩ,中国电子技术标准化研究院,cetd.gov.cn,,
多功能高阻表,交流电源,-15°C至70°C,0%至95%,有,无,IP64,多功能设计，支持多种测试,自动切换,≤180 A/m,≤10 V/m,<6秒,120 Hz,±(1.2% + 3),0.01 MΩ 至 1 GΩ,中国电器工业协会,cei.org.cn,,
高电压绝缘测试仪,内置锂电池,-10°C至55°C,10%-95%,有,有,IP67,具备高压测试功能，安全性高,手动切换,≤300 A/m,≤50 V/m,<8秒,60 Hz - 400 Hz,±(1.0% + 5),0.1 MΩ 至 20 GΩ,质量技术监督局,aqsiq.gov.cn,,
数字电桥,直流电源,-20°C至70°C,0%至85%,有,无,IP54,结构紧凑，适合测量微小电阻,自动切换,≤250 A/m,≤20 V/m,<5秒,50 Hz - 200 Hz,±(0.7% + 1),0.001 Ω 至 500 MΩ,中国计量技术委员会,cnca.gov.cn,,
便携式电阻测试仪,可重充电电池,0°C至50°C,5%-90%,有,无,IP65,便捷设计，适合现场作业,手动切换,≤220 A/m,≤15 V/m,<3秒,50 Hz - 500 Hz,±(2.0% + 5),0.01 MΩ 至 10 GΩ,国家电气安全检测中心,nesc.gov.cn,,
低电压电阻测量仪,交流/直流电源,-15°C至60°C,5%至90%,有,无,IP55,高效测试，适用于工业应用,自动切换,≤180 A/m,≤30 V/m,<2秒,100 Hz - 600 Hz,±(1.5% + 3),0.01 Ω 至 5 MΩ,国际电工委员会,iec.ch,,
绝缘电阻测试仪,交流电源,-10°C至60°C,5%至90%,有,无,IP65,台式，适合实验室使用,自动切换,250,20,<4秒,60 Hz - 500 Hz,+(1.5% + 3),0.01 MΩ 至 5 GΩ,中国电器工业协会,ceia.org.cn,,
数字万用表,充电电池,-20°C至55°C,0%至85%,有,有,IP68,手持式，抗摔耐用,自动切换,150,25,<1秒,500 Hz,+(1.0% + 1),0.001 Ω 至 30 MΩ,国际电工委员会,iec.ch,,
电桥,电池供电,-15°C至60°C,10%-95%,有,无,IP54,便携式，易于调试,手动切换,350,40,<2秒,200 Hz,+(0.5% + 0.5),0.005 Ω 至 500 MΩ,中国国家实验室,npl.gov.cn,,
绝缘电阻测试仪,直流电源,-20°C至70°C,0%至100%,有,有,IP67,手持式，适用于现场测量,自动切换,150,10,<6秒,100 Hz - 300 Hz,+(3.0% + 5),0.1 MΩ 至 15 GΩ,中国电压器械研究所,cevri.org.cn,,
数字万用表,交流/直流电源,-15°C至45°C,5%至75%,有,无,IP56,多功能，便于携带,手动切换,100,20,<1秒,2 kHz,+(1.5% + 2),0.01 Ω 至 10 MΩ,中国物理学会,phys.org.cn,,
电桥,外部供电,-20°C至80°C,5%-95%,有,无,IP40,高精度，便于嵌入系统,手动切换,250,50,<3秒,1 kHz,+(1.0% + 1),0.1 Ω 至 2 GΩ,全国测量与试验技术中心,nLSTM.org.cn,,
绝缘电阻测试仪,内置锂电池,-10°C至50°C,0%至85%,有,有,IP66,抗震，适合户外使用,自动切换,300,15,<3秒,60 Hz - 300 Hz,+(2.0% + 3),0.01 MΩ 至 20 GΩ,中国科技部,most.gov.cn,,
数字万用表,USB充电,-20°C至55°C,0%至90%,有,有,IP61,小巧，便于操作,自动切换,180,35,<2秒,500 Hz,+(0.8% + 1),0.0001 Ω 至 25 MΩ,中国仪器仪表检测中心,cti.gov.cn,,
电桥,外部直流电源,-20°C至100°C,10%-95%,有,无,IP54,高稳定性，适合高温应用,手动切换,400,25,<4秒,150 Hz,+(0.2% + 0.2),0.01 Ω 至 10 GΩ,中国电工技术学会,csee.org.cn,,
数字多用表,内置锂电池,-10°C至60°C,0%至85%,有,有,IP65,紧凑型，防滑设计,自动切换,≤250 A/m,≤25 V/m,<1秒,100 Hz - 1 kHz,±(1% + 1),0.001 Ω 至 10 MΩ,电子测量技术协会,emeasure.org.cn,,
绝缘电阻测试仪,交流/直流电源,-20°C至50°C,0%至90%,有,有,IP54,便于调试，耐用,手动切换,≤400 A/m,≤10 V/m,<3秒,50 Hz,±(2% + 2),0.1 MΩ 至 20 GΩ,国家电力公司,sp.icp.org.cn,,
数字示波器,电池和外部供电,0°C至40°C,10%至80%,有,无,IP20,高级功能，触摸屏操作,自动切换,≤150 A/m,≤20 V/m,<5秒,1 kHz,±(2% + 1),0.01 Ω 至 30 MΩ,中国测量技术研究院,cmri.cn,,
电阻计,直接电池供电,-5°C至55°C,5%至95%,有,无,IP42,手持式，适合户外使用,手动切换,≤200 A/m,≤15 V/m,<4秒,50 Hz - 2 kHz,±(1.5% + 0.5),0.001 Ω 至 1 GΩ,中国电子科技集团,cetc.cn,,
高阻抗电阻测量仪,内置可充电电池,-10°C至55°C,0%至90%,有,有,IP67,轻便，易于携带,自动切换,≤300 A/m,≤20 V/m,<6秒,60 Hz,±(0.5% + 2),0.001 MΩ 至 100 GΩ,国际电工委员会,iec.ch,,
高精度电桥,交流电源,-20°C至70°C,15%至85%,有,无,IP45,台式结构，极高精度,手动切换,≤250 A/m,≤50 V/m,<2秒,1 kHz,±(0.1% + 1),0.01 Ω 至 10 GΩ,电子工业出版社,eppublishing.cn,,
便携式电阻测量仪,电池供电,0°C至40°C,0%至80%,有,无,IP50,轻便便携，单手操作,自动切换,≤150 A/m,≤10 V/m,<3秒,50 Hz - 500 Hz,±(1.2% + 2),0.01 Ω 至 5 MΩ,IEEE电气电子工程师协会,ieee.org,,
数字微欧计,内置锂电池,-10°C至60°C,10%至90%,有,有,IP68,高灵敏度，适用于小电阻测量,手动切换,≤100 A/m,≤5 V/m,<4秒,10 Hz - 1 kHz,±(0.5% + 0.001),0.001 Ω 至 10 Ω,国家品质监督局,cnca.gov.cn,,
数字绝缘电阻测试仪,充电电池,-10°C至60°C,5%至95%,有,无,IP67,高效能，适合工业使用,自动切换,≤250 A/m,≤15 V/m,<3秒,50 Hz,±(2% + 1),0.1 MΩ 至 25 GΩ,中国电气设备制造商协会,chinasem.org,,
绝缘电阻测试仪,交流/直流电源,-10°C至60°C,0%至90%,有,无,IP65,便携式，适合野外使用,手动切换,≤250 A/m,≤15 V/m,<4秒,60 Hz - 200 Hz,±(2% + 1),0.01 MΩ 至 15 GΩ,国际电工委员会,iec.ch,,
数字万用表,可充电锂电池,-5°C至45°C,0%至75%,有,有,IP54,多功能，高耐用性设计,自动切换,≤150 A/m,≤20 V/m,<1秒,2 kHz,±(1.0% + 1),0.01 Ω 至 30 MΩ,中国电工技术学会,ciee.org.cn,,
电桥,外部电源,-20°C至80°C,5%-95%,有,有,IP67,高精度，符合最新国家标准,手动切换,≤350 A/m,≤60 V/m,<2.5秒,150 Hz,±(0.5% + 0.5),0.001 Ω 至 5 GΩ,中国国家计量局,nmi.gov.cn,,
绝缘电阻测试仪,内置可充电电池,-15°C至50°C,0%至85%,无,无,IP44,轻量化设计，适合现场测试,自动切换,≤300 A/m,≤25 V/m,<3秒,40 Hz - 500 Hz,±(1.8% + 2),0.01 MΩ 至 20 GΩ,中国电力公司,sgcc.com.cn,,
数字万用表,电池供电,-10°C至45°C,0%至70%,有,无,IP65,"小型化, 适应多种测量环境",手动切换,≤180 A/m,≤15 V/m,<1.5秒,1 kHz,±(1% + 1),0.001 Ω 至 10 MΩ,中华电工学会,ciee.org.cn,,
电桥,电池供电,-20°C至75°C,10%-80%,有,无,IP54,便携式，多种测量模式,自动切换,≤200 A/m,≤45 V/m,<3.2秒,100 Hz,±(1.2% + 2),0.1 Ω 至 3 GΩ,国家电子设备测试中心,netc.org.cn,,
绝缘电阻测试仪,外部交流电源,-30°C至50°C,0%至95%,有,有,IP67,高精度，适合工业使用,手动切换,≤400 A/m,≤20 V/m,<5秒,1 kHz,±(2% + 3),0.1 MΩ 至 25 GΩ,中国工业与信息化部,miit.gov.cn,,
数字万用表,USB供电,-5°C至55°C,0%至60%,有,无,IP55,适合实验室使用，多功能,自动切换,≤250 A/m,≤30 V/m,<2秒,500 Hz,±(1.5% + 1),0.01 Ω 至 25 MΩ,中国科学技术协会,cast.org.cn,,
电桥,内置电池,-20°C至60°C,5%-75%,无,无,IP40,轻便，适合现场使用,手动切换,≤280 A/m,≤35 V/m,<4秒,120 Hz,±(2% + 2),0.1 Ω 至 10 GΩ,中国机电产品进出口商会,cmecc.org.cn,,
绝缘电阻测试仪,交流/直流电源,-10°C至60°C,5%至90%,有,有,IP65,便携式，轻量化设计,自动切换,≤350 A/m,≤15 V/m,<4秒,45 Hz - 500 Hz,±(1.8% + 2),0.01 MΩ 至 5 GΩ,国际电工委员会,iec.ch,,
数字万用表,充电式电池,-20°C至55°C,0%至85%,有,无,IP54,紧凑型，易于携带,手动切换,≤250 A/m,≤20 V/m,<3秒,1 kHz,±(2.0% + 3),0.01 Ω 至 10 MΩ,英国标准协会,bsigroup.com,,
电桥,电池供电,-15°C至75°C,5%至95%,有,有,IP67,高精度，适合实验室使用,自动切换,≤400 A/m,≤25 V/m,<3秒,200 Hz,±(0.5% + 1),0.001 Ω 至 2 GΩ,中国科学院物理研究所,iphy.ac.cn,,
高压绝缘电阻测试仪,交流/直流电源,-20°C至50°C,0%至90%,有,无,IP54,适合高压设备检定,手动切换,≤150 A/m,≤30 V/m,<6秒,60 Hz,±(3% + 5),0.1 MΩ 至 50 GΩ,国家电网公司,sgcc.com.cn,,
激光电阻测量仪,交流电源,-10°C至55°C,5%至80%,有,无,IP65,适合高精度和快速测量,自动切换,≤200 A/m,≤10 V/m,<2秒,1 kHz,±(1.5% + 2),0.005 Ω 至 15 MΩ,中国仪器仪表研究院,cimri.org.cn,,
多功能数字万用表,电池/外接电源,-10°C至60°C,0%至90%,有,有,IP68,多功能，适合现场测试,自动切换,≤300 A/m,≤25 V/m,<3秒,500 Hz,±(1.2% + 3),0.01 Ω 至 30 MΩ,上海电子工程技术研究中心,seerc.org.cn,,
便携式电阻测试仪,充电电池,-20°C至70°C,0%至100%,有,无,IP54,小型设计，适合野外使用,手动切换,≤250 A/m,≤20 V/m,<8秒,200 Hz,±(2.5% + 4),0.1 Ω 至 10 GΩ,中科院测量与测试技术研究所,metrology.ac.cn,,
超高精度电阻测量仪,外部电源,-10°C至45°C,0%至75%,有,无,IP40,适用于高精度科研,手动切换,≤100 A/m,≤5 V/m,<1秒,1 kHz,±(0.1% + 1),0.0001 Ω 至 100 GΩ,中国科学院计量测试实验室,cas.cn,,
高温电阻测试仪,直流电源,0°C至300°C,0%至50%,有,无,IP20,高温环境下使用，耐高温材料,自动切换,≤150 A/m,≤5 V/m,<10秒,100 Hz,±(2% + 5),0.1 MΩ 至 20 GΩ,美国国家标准与技术研究所,nIST.gov,,
数字绝缘电阻测量仪,插电式供电,-10°C至40°C,0%至60%,有,无,IP44,简单操作，适合教育用途,手动切换,≤100 A/m,≤10 V/m,<2秒,50 Hz,±(3% + 2),0.01 MΩ 至 3 GΩ,全国仪器仪表展览会,cimee.cn,,
绝缘电阻测试仪,交流/直流电源,-15°C至60°C,0%至90%,有,无,IP65,便携式，专业设计,自动切换,250,20,<5秒,50 Hz - 1 kHz,±(1.8% + 2),0.001 MΩ 至 15 GΩ,国际电工委员会,iec.ch,,
数字多用表,充电电池,-5°C至50°C,10%至85%,有,无,IP67,紧凑型，用户友好,手动切换,150,25,<3秒,500 Hz,±(1.0% + 1),0.01 Ω 至 30 MΩ,中国电子技术标准化研究院,cesi.cn,,
电桥,外部供电,-10°C至65°C,5%-95%,有,无,IP40,高精度，适用于实验室,自动切换,400,15,<2秒,200 Hz,±(1.5% + 1),0.005 Ω 至 5 GΩ,中国计量学院,zml.edu.cn,,
绝缘电阻测试仪,内置电池,-20°C至70°C,0%至100%,有,有,IP68,工业级，耐用性强,自动切换,500,40,<4秒,1 kHz,±(2.0% + 3),0.01 MΩ 至 20 GΩ,设备与仪器用户协会,ieaa.org.cn,,
数字万用表,USB供电,-10°C至55°C,0%至80%,有,无,IP54,家用型，易于操控,自动切换,100,10,<1秒,1 kHz,±(1.2% + 2),0.01 Ω 至 10 MΩ,中国电器科学研究院,cesi.org.cn,,
电桥,电池/外部供电,-20°C至60°C,10%-85%,有,无,IP44,便于携带，适用于现场,手动切换,300,20,<3秒,200 Hz,±(1.0% + 2),0.1 Ω 至 2 GΩ,国际电汇标准组织,iec.org,,
绝缘电阻测试仪,交流/直流电源,-10°C至50°C,0%至95%,有,无,IP57,摇杆式，创新设计,自动切换,150,35,<6秒,1 kHz,±(2.5% + 1),0.05 MΩ 至 25 GΩ,中国国家标准化管理委员会,sac.gov.cn,,
数字万用表,太阳能电池,-30°C至45°C,15%至85%,有,有,IP66,环境友好型，绿色能源,手动切换,200,30,<4秒,500 Hz,±(1.5% + 3),0.001 Ω 至 15 MΩ,中国绿色电子产业协会,igea.org.cn,,
电桥,外部供电,-15°C至65°C,5%-90%,有,无,IP34,实验室专用，精确可靠,自动切换,400,15,<2秒,100 Hz,±(1.0% + 1),0.1 Ω 至 1 GΩ,中国化学与物理测量标准化技术委员会,astm.org,,
绝缘电阻测试仪,交流/直流电源,-10°C至60°C,0%至90%,有,无,IP65,便于携带，适合现场使用,自动切换,350,20,<4秒,60 Hz - 500 Hz,±(1.8% + 2),0.005 MΩ 至 5 GΩ,中国电器工业协会,ceia.org.cn,,
数字万用表,电池供电,-20°C至55°C,0%至85%,有,有,IP67,小巧便携，适合多领域使用,手动切换,250,25,<1秒,2 kHz,±(1.5% + 1),0.01 Ω 至 30 MΩ,国际仪器与控制协会,isa.org,,
电桥,外部供电,-20°C至65°C,5%-95%,有,无,IP54,高性能，适用于实验室,自动切换,150,40,<3秒,150 Hz,±(0.5 % + 0.5),0.001 Ω 至 1.5 GΩ,中国仪器协会,cimta.org.cn,,
精密电阻测量仪,交流电源,0°C至50°C,10%至90%,有,无,IP20,台式，适合实验室使用,自动切换,100,15,<2秒,50 Hz,±(0.3 % + 0.3),0.0001 Ω 至 100 MΩ,电子测量仪器协会,emta.org,,
高阻抗电阻测试仪,电池供电,-15°C至55°C,0%至80%,有,无,IP68,便携式，户外使用设计,手动切换,400,10,<6秒,100 Hz - 1 kHz,±(2% + 1),0.1 MΩ 至 20 GΩ,中国物理学会,cps.org.cn,,
绝缘性能测试仪,交流电源,-30°C至60°C,0%至100%,有,有,IP67,多功能，适合高湿度环境,自动切换,500,20,<4秒,50 Hz - 200 kHz,±(2% + 3),0.01 MΩ 至 30 GΩ,中国科学院,cas.cn,,
便携式数显电阻计,电池供电,-20°C至45°C,0%至90%,有,无,IP65,手持式，简单易操作,手动切换,200,20,<5秒,1 kHz,±(1.0% + 2),0.01 Ω 至 10 MΩ,国家计量局,nmi.gov.cn,,
低电流电阻测量仪,外部供电,0°C至40°C,5%至80%,有,无,IP54,针对低电流测量优化,自动切换,300,30,<3秒,50 Hz - 2 kHz,±(1.5% + 1),0.01 Ω 至 100 Ω,电子科技大学,uestc.edu.cn,,
超精密电阻仪,交流/直流电源,0°C至70°C,0%至90%,有,无,IP40,高精度，适用于科研,手动切换,400,5,<1秒,500 Hz,±(0.2% + 0.2),0.001 Ω 至 1 GΩ,中科院物理研究所,iphys.cas.cn,,
数字绝缘电阻测试仪,内置锂电池,-10°C至60°C,5%至90%,有,无,IP65,便携式，耐用,自动切换,≤250 A/m,≤20 V/m,<4秒,0.5 kHz,±(2% + 1),0.01 MΩ 至 5 GΩ,中国电气工程师协会,ceae.org.cn,,
高精度数字电阻计,交流供电,-20°C至50°C,0%至85%,有,有,IP54,机架式，适合实验室使用,手动切换,≤150 A/m,≤15 V/m,<2秒,400 Hz,±(0.5% + 0.5),0.001 Ω 至 10 GΩ,国家电网公司,sgcc.com.cn,,
便携式电桥,电池/USB供电,-15°C至55°C,0%至90%,有,无,IP57,简易操作，适合现场测试,自动切换,≤200 A/m,≤25 V/m,<3秒,1 kHz,±(1.0% + 2),0.01 Ω 至 2 GΩ,中国电器工业协会,ceia.org.cn,,
高压绝缘测试仪,交流电源,-25°C至60°C,0%至95%,有,有,IP68,防水设计，适合户外使用,自动切换,≤300 A/m,≤50 V/m,<6秒,100 Hz,±(1.5% + 3),0.1 MΩ 至 20 GΩ,中国国家质量监督检验总局,aqsiq.gov.cn,,
数字电流表,电池供电,-10°C至40°C,0%至70%,有,无,IP65,紧凑型，易于携带,手动切换,≤100 A/m,≤20 V/m,<1秒,500 Hz,±(2% + 0.5),0.001 Ω 至 1 MΩ,电子器件制造商协会,emiac.org.cn,,
自动测量电阻仪,内置锂电池,-20°C至45°C,5%至80%,有,无,IP67,独立操作，用户友好显示,自动切换,≤400 A/m,≤10 V/m,<3秒,1 kHz,±(1.0% + 1),0.1 Ω 至 15 GΩ,中国科学技术协会,cast.org.cn,,
数字多用电表,USB供电,-25°C至55°C,0%至85%,有,无,IP54,多功能，适用于多种测量,手动切换,≤200 A/m,≤20 V/m,<2秒,50 Hz,±(1.5% + 1),0.01 Ω 至 25 MΩ,国家标准化管理委员会,sbm.gov.cn,,
自动化电阻测量仪,插电式供电,-20°C至55°C,10%-90%,有,无,IP40,支持远程监控,自动切换,≤150 A/m,≤30 V/m,<2秒,2 kHz,±(0.5% + 1),0.01 MΩ 至 10 GΩ,全球仪器设备在线,globalinst.com,,
多功能绝缘测试仪,锂电池供电,-30°C至60°C,5%至95%,有,无,IP55,便于使用，适合电力行业,自动切换,≤200 A/m,≤50 V/m,<5秒,500 Hz,±(1.0% + 0.5),0.001 Ω 至 30 GΩ,中国电气安全质量检验中心,esqi.org.cn,,
数字绝缘电阻测试仪,内置锂电池,-10°C至60°C,5%至90%,有,有,IP65,"便携式, 适合户外使用",自动切换,≤250 A/m,≤20 V/m,<4秒,60 Hz - 500 Hz,±(1.0% + 1),0.01 MΩ 至 15 GΩ,中国电工仪器协会,ceia.org.cn,,
手持式电阻计,交流电源,-5°C至55°C,0%至85%,有,无,IP54,"轻便, 易于操作",手动切换,≤180 A/m,≤25 V/m,<3秒,1 kHz,±(1.5% + 0.5),0.1 Ω 至 5 MΩ,中国计量局,nmi.gov.cn,,
高压绝缘电阻仪,内置锂电池,-30°C至70°C,0%至95%,有,无,IP67,"专业级别, 适合工业应用",自动切换,≤500 A/m,≤15 V/m,<2秒,50 Hz - 1 kHz,±(2% + 3),0.1 MΩ 至 20 GΩ,国际电气与电子工程师协会,ieee.org,,
桌面型电桥,外部供电,0°C至50°C,20%至80%,有,无,IP40,"适合实验室使用, 高稳定性",自动切换,≤200 A/m,≤40 V/m,<1秒,100 Hz,±(0.5% + 1),0.01 Ω 至 100 GΩ,国家材料测试中心,nml.gov.cn,,
小型数字电阻测量仪,可充电电池,-20°C至50°C,0%至85%,有,有,IP66,手持式，抗摔设计,自动切换,≤150 A/m,≤10 V/m,<2.5秒,50 Hz,±(1.8% + 3),0.01 Ω 至 2 MΩ,中国电子巨头公司,chinatech.com.cn,,
高精度电阻测试仪,交流/直流电源,-10°C至60°C,0%至90%,有,无,IP52,"高精度, 适合科研使用",手动切换,≤300 A/m,≤50 V/m,<5秒,250 Hz,±(0.3% + 0.1),0.001 Ω 至 10 GΩ,全球计量标准组织,imdn.org,,
实验室级数字电阻计,外部电源适配器,0°C至40°C,20%至70%,有,无,IP30,实验室专用,自动切换,≤100 A/m,≤5 V/m,<4秒,60 Hz,±(1% + 0.5),0.1 Ω 至 50 MΩ,国际实验室设备网,labdevice.org,,
便携式电阻测试仪,内置电池,-10°C至55°C,0%至90%,有,有,IP64,紧凑，便于携带,手动切换,≤200 A/m,≤25 V/m,<3秒,500 Hz,±(1.2% + 2),0.01 MΩ 至 5 GΩ,世界电气工程师联合会,iecee.org,,
精密电阻实验仪,交流电源,0°C至45°C,10%至80%,有,无,IP40,"高精度, 适合标准测试",自动切换,≤250 A/m,≤20 V/m,<2秒,100 Hz - 1 kHz,±(0.2% + 0.5),0.001 Ω 至 200 GΩ,国家高新技术开发区,ghd.gov.cn,,
绝缘电阻测量仪,交流/直流电源,-10°C至60°C,5%至90%,有,无,IP65,台式，适合实验室使用,自动切换,≤350 A/m,≤15 V/m,<4秒,60 Hz - 500 Hz,±(2% + 2),0.01 MΩ 至 15 GΩ,IEEE电气与电子工程师协会,ieee.org,,
高精度数字万用表,充电电池,-20°C至50°C,0%至85%,有,有,IP67,便携式，适用于现场检测,自动切换,≤250 A/m,≤20 V/m,<1.5秒,2 kHz,±(1% + 1),0.001 Ω 至 30 MΩ,全国计量仪器设备协会,nmi.org.cn,,
电阻网络分析仪,外部供电,-10°C至70°C,0%至90%,有,无,IP54,台式，适合电气实验室,手动切换,≤300 A/m,≤25 V/m,<3秒,5 kHz,±(0.5% + 1),0.01 Ω 至 50 GΩ,国家电网公司,sgcc.com.cn,,
便携式绝缘电阻测试仪,锂电池,-15°C至55°C,0%至80%,有,有,IP68,手持式，方便现场作业,自动切换,≤150 A/m,≤5 V/m,<2秒,100 Hz - 1 kHz,±(3% + 5),0.1 MΩ 至 5 GΩ,中国电力科学研究院,cei.cn,,
工业级万用表,交流/直流电源,-10°C至60°C,10%至90%,有,无,IP20,桌面式，适合工业环境,手动切换,≤400 A/m,≤40 V/m,<10秒,1 kHz,±(1% + 3),0.1 Ω 至 10 MΩ,上海市仪器仪表研究院,siad.com.cn,,
高压绝缘电阻测量仪,直流电源,-20°C至60°C,5%至90%,有,无,IP55,手持式，重视安全性,自动切换,≤500 A/m,≤10 V/m,<3秒,200 Hz,±(2% + 4),1 MΩ 至 30 GΩ,中国电气工程学会,csee.org.cn,,
数据采集绝缘电阻表,太阳能供电,-15°C至55°C,0%至100%,有,有,IP66,便携，支持数据上传,自动切换,≤200 A/m,≤15 V/m,<4秒,500 Hz,±(1.5% + 2),0.01 MΩ 至 20 GΩ,中国石油天然气集团公司,petrochina.com.cn,,
数字电阻测试仪,内置铅酸电池,-10°C至45°C,0%至75%,有,有,IP67,轻便，适合现场工作,手动切换,≤100 A/m,≤30 V/m,<2.5秒,1 kHz,±(2% + 3),0.001 Ω 至 25 MΩ,中国测试技术研究院,ctti.cn,,
耐压电阻测试仪,外部充电,-20°C至65°C,10%至95%,有,无,IP54,台式，支持大电流测试,自动切换,≤300 A/m,≤20 V/m,<6秒,400 Hz,±(1% + 2),0.1 MΩ 至 25 GΩ,国家电池检测中心,cbic.org.cn,,
绝缘电阻测试仪,交流/直流电源,-10°C至60°C,0%至85%,有,有,IP67,手持式，具有抗震设计,自动切换,≤500 A/m,≤15 V/m,<4秒,60 Hz - 500 Hz,±(2.5% + 5),0.1 MΩ 至 15 GΩ,国际电工委员会,iec.ch,,
数字万用表,充电电池,-20°C至55°C,0%至90%,有,无,IP55,紧凑型设计，便于携带,手动切换,≤250 A/m,≤20 V/m,<3秒,2 kHz,±(1.2% + 2),0.01 Ω 至 30 MΩ,中国仪器仪表行业协会,cma.gov.cn,,
电桥,双电源供电,-10°C至65°C,5%-95%,有,无,IP54,高精度，适用于实验室,自动切换,≤400 A/m,≤40 V/m,<2秒,200 Hz,±(0.5% + 1),0.001 Ω 至 2 GΩ,中国计量科学研究院,nims.cn,,
绝缘电阻测试仪,交流电源,-15°C至50°C,0%至80%,有,无,IP65,便携式，适合现场使用,自动切换,≤450 A/m,≤25 V/m,<6秒,50 Hz,±(3.0% + 3),0.05 MΩ 至 5 GΩ,国家电网公司,sgcc.com.cn,,
数字万用表,太阳能电池,-30°C至70°C,0%至75%,有,有,IP68,增强型，耐极端环境,自动切换,≤300 A/m,≤10 V/m,<1秒,5 kHz,±(1.0% + 1),0.05 Ω 至 10 MΩ,电子学会,ieee.org,,
电桥,内置电池,-20°C至50°C,10%-85%,有,无,IP43,台式，适用于实验室,手动切换,≤200 A/m,≤30 V/m,<5秒,1 kHz,±(2% + 2),0.1 Ω 至 3 GΩ,中国科学院,cas.cn,,
绝缘电阻测试仪,AC/DC适用,-5°C至45°C,0%至100%,有,有,IP66,防水型，适合户外使用,自动切换,≤600 A/m,≤20 V/m,<3秒,60 Hz - 1 kHz,±(1.8% + 4),0.01 MΩ 至 20 GΩ,国家外贸发展局,mofc.gov.cn,,
数字万用表,直流电池,-10°C至60°C,0%至85%,有,有,IP55,多功能，适合家庭使用,手动切换,≤100 A/m,≤5 V/m,<2秒,1 kHz,±(2% + 3),0.001 Ω 至 15 MΩ,中国质量认证中心,cqc.com.cn,,
电桥,外部供电,-20°C至70°C,15%-95%,有,有,IP68,精密型，具有高稳定性,自动切换,≤350 A/m,≤60 V/m,<2秒,100 Hz,±(0.5% + 1),0.01 Ω 至 5 GΩ,国家工信部,miit.gov.cn,,
绝缘电阻测试仪,交流/直流电源,-15°C至60°C,5%至90%,有,有,IP67,手持式，适合现场使用,自动切换,≤500 A/m,≤15 V/m,<4秒,60 Hz - 500 Hz,±(1.5% + 5),0.1 MΩ 至 15 GΩ,中国电子技术标准化研究院,cet.org.cn,,
数字万用表,充电电池,-20°C至55°C,0%至85%,有,无,IP65,紧凑设计，操作简单,手动切换,≤250 A/m,≤25 V/m,<3秒,1 kHz,±(2% + 3),0.01 Ω 至 30 MΩ,中国仪器仪表学会,cima.org.cn,,
电桥,内置电池,-10°C至70°C,0%-95%,有,无,IP54,高精度，便于实验室使用,自动切换,≤400 A/m,≤20 V/m,<5秒,120 Hz,±(0.5% + 1),0.001 Ω 至 5 GΩ,中国计量科学研究院,nims.cn,,
绝缘电阻测试仪,外部适配器,-5°C至50°C,0%至100%,无,无,IP52,桌面式，适合长期测试,手动切换,≤150 A/m,≤10 V/m,<6秒,20 Hz,±(3% + 5),0.1 MΩ 至 5 GΩ,国家检测中心,cdcb.gov.cn,,
数字万用表,USB供电,-10°C至60°C,0%至90%,有,有,IP68,强耐用，适合恶劣环境,自动切换,≤300 A/m,≤10 V/m,<1秒,1 kHz,±(1.0% + 2),0.001 Ω 至 25 MΩ,中国基础测量协会,cbma.org.cn,,
电桥,电池及外部电源备选,-20°C至50°C,10%-80%,有,有,IP65,便携式，适合现场测试,手动切换,≤350 A/m,≤40 V/m,<4秒,75 Hz,±(1.0 % + 1),0.0001 Ω 至 2 GΩ,国际电工委员会,iec.ch,,
绝缘电阻测试仪,交流电源,-20°C至45°C,0%至90%,有,无,IP55,具备数据记录功能,自动切换,≤250 A/m,≤15 V/m,<3秒,60 Hz,±(2% + 4),0.1 MΩ 至 8 GΩ,中国电子工程学会,ieeec.org.cn,,
数字万用表,AC/DC适配器,-15°C至45°C,10%至85%,有,无,IP56,多功能，高稳定性,手动切换,≤100 A/m,≤20 V/m,<2秒,2 kHz,±(1.5% + 1),0.01 Ω 至 18 MΩ,中国电器市场研究院,cemri.org.cn,,
电桥,内置电池,-10°C至60°C,5%-85%,无,无,IP50,实验室标准，适合精密测量,自动切换,≤150 A/m,≤50 V/m,<3秒,50 Hz,±(2% + 2),0.1 Ω 至 3 GΩ,国家科研设备管理中心,researchequipment.gov.cn,,
绝缘电阻测试仪,交流/直流电源,-10°C至60°C,0%至90%,有,无,IP68,便携式，适合现场使用,手动切换,300,15,<4秒,60 Hz - 500 Hz,±(2% + 1),0.001 MΩ 至 15 GΩ,国际电工委员会,iec.ch,,
数字万用表,电池供电,-20°C至50°C,0%至85%,有,有,IP54,轻便，易于使用,自动切换,250,25,<3秒,300 Hz,±(1.0% + 1),0.005 Ω 至 10 MΩ,美国国家标准与技术研究院,nist.gov,,
电桥,外部供电,-15°C至80°C,5%至95%,有,无,IP40,高精度，适合实验室使用,手动切换,150,40,<2秒,200 Hz,±(0.5% + 0.5),0.01 Ω 至 500 MΩ,中国电子科技集团公司,cetc.com.cn,,
绝缘电阻测试仪,内置电池,-25°C至55°C,0%至100%,有,无,IP67,结构紧凑，强度高,自动切换,250,50,<3秒,80 Hz,±(1% + 2),0.1 MΩ 至 5 GΩ,日本电子仪器协会,jeita.or.jp,,
数字万用表,USB供电,-15°C至70°C,5%至90%,有,有,IP64,便捷式，适合家用,自动切换,200,20,<1秒,500 Hz,±(0.8% + 1),0.01 Ω 至 30 MΩ,英特尔科技公司,intel.com,,
电桥,内置电池,-20°C至75°C,0%至85%,无,有,IP50,重型结构，稳固耐用,手动切换,400,30,<2秒,100 Hz,±(2% + 5),0.05 Ω 至 2 GΩ,德国标准化协会,din.de,,
绝缘电阻测试仪,太阳能供电,-30°C至50°C,0%至90%,有,无,IP55,环保型，便于维护,自动切换,150,10,<7秒,40 Hz,±(3% + 1),0.01 MΩ 至 12 GΩ,国家能源局,nea.gov.cn,,
数字万用表,电池供电,-10°C至50°C,0%至75%,有,无,IP60,多功能，适合维修使用,手动切换,300,25,<2秒,1 kHz,±(1.2% + 1),0.001 Ω 至 5 MΩ,美国电气与电子工程师协会,ieee.org,,
电桥,外部供电,-20°C至90°C,0%至100%,有,无,IP30,计算机连接，适合研究,自动切换,350,20,<1秒,50 Hz,±(2% + 3),0.1 Ω 至 3 GΩ,中国材料科学研究院,ims.cas.cn,,
绝缘电阻测试仪,交流/直流电源,-10°C至60°C,5%至90%,有,有,IP65,手持式，适用于户外,自动切换,≤250 A/m,≤20 V/m,<4秒,60 Hz - 500 Hz,±(2% + 4),0.01 MΩ 至 15 GΩ,国家电力公司,sgcc.com.cn,,
数字万用表,充电电池,-20°C至55°C,0%至70%,有,无,IP54,便携式，多功能,手动切换,≤150 A/m,≤25 V/m,<3秒,500 Hz,±(1.0% + 1),0.001 Ω 至 30 MΩ,国际电工委员会,iec.ch,,
电桥,AC/DC适配器,-10°C至65°C,10%-85%,有,无,IP40,实验室专用，高精度,自动切换,≤200 A/m,≤15 V/m,<2.5秒,120 Hz,±(0.5% + 0.5),0.005 Ω 至 2 GΩ,中国计量局,cnca.gov.cn,,
绝缘电阻测试仪,内置锂电池,-15°C至50°C,0%至95%,有,有,IP67,防水、防尘设计,手动切换,≤350 A/m,≤10 V/m,<1秒,1 kHz,±(1.2% + 3),0.01 MΩ 至 20 GΩ,国家安全生产监督管理总局,safer.gov.cn,,
数位电阻表,交流电源,-10°C至40°C,0%至80%,有,无,IP44,专业级，适合工业应用,自动切换,≤300 A/m,≤20 V/m,<2秒,100 Hz,±(1.5% + 2),0.01 Ω 至 5 MΩ,中国检验认证集团,cgc.org.cn,,
高阻电阻测量仪,外部电源,-20°C至70°C,0%至90%,有,无,IP30,高鲁棒性，适合恶劣环境,手动切换,≤400 A/m,≤50 V/m,<6秒,50 Hz,±(0.75% + 1),0.1 MΩ 至 10 GΩ,全球电气电子设备标准化组织,iec.org,,
数字万用表,干电池,-5°C至45°C,0%至85%,有,有,IP52,适合家庭及小型工厂使用,手动切换,≤100 A/m,≤30 V/m,<4秒,200 Hz,±(2% + 5),0.01 Ω 至 1 MΩ,家庭电器测评协会,homeappliances.org,,
电桥,内置锂电池,-20°C至60°C,10%-95%,无,无,IP40,高精度，适用于科研,自动切换,≤150 A/m,≤10 V/m,<3.5秒,500 Hz,±(1.0% + 1),0.001 Ω 至 5 GΩ,中国科学院,cas.cn,,
绝缘电阻测试仪,替换电池,-30°C至50°C,0%至100%,有,无,IP68,工业耐用型,手动切换,≤500 A/m,≤5 V/m,<7秒,400 Hz,±(1.3% + 2),0.1 MΩ 至 25 GΩ,绿色电能技术发展中心,greenenergy.org.cn,,
绝缘电阻测试仪,交流电源,-10°C至45°C,0%至90%,有,有,IP65,桌面式，适合实验室使用,自动切换,250,20,<4秒,60 Hz - 300 Hz,±(1.5% + 1),0.1 MΩ 至 5 GΩ,国家电力公司,sgcc.com.cn,,
数字万用表,充电锂电池,-15°C至50°C,10%至85%,有,无,IP54,便携式，适合户外使用,自动切换,150,25,<1秒,1 kHz,±(2% + 1),0.01 Ω 至 20 MΩ,国际电工委员会,iec.ch,,
电桥,内置可充电电池,-20°C至60°C,0%至95%,有,有,IP67,高精度，适合实验室与现场使用,手动切换,350,15,<2秒,50 Hz - 1 kHz,±(0.5% + 1),0.001 Ω 至 2 GΩ,中国电子技术标准化研究院,cetd.org.cn,,
绝缘电阻测试仪,干电池,-30°C至50°C,0%至80%,无,无,IP42,手持式，简易操作,手动切换,400,10,<10秒,100 Hz,±(3% + 5),0.01 MΩ 至 50 GΩ,国家质量监督检验检疫总局,aqsiq.gov.cn,,
数字万用表,交流/直流电源,-20°C至55°C,0%至90%,有,无,IP66,多功能，适合各种电气检测,自动切换,200,20,<3秒,2 kHz,±(1.0% + 1),0.01 Ω 至 10 MΩ,日本精密仪器学会,jpn.org,,
电桥,外部USB供电,-10°C至70°C,5%至85%,有,无,IP54,数字化显示，高稳定性,手动切换,300,30,<2秒,500 Hz,±(1.0% + 2),0.01 Ω 至 1 GΩ,德国电气工程师协会,vde.com,,
绝缘电阻测试仪,直流电源,-200°C至150°C,0%至95%,有,有,IP68,高温高压测试，适合工业应用,自动切换,200,50,<6秒,60 Hz - 400 Hz,±(0.5% + 3),0.01 MΩ 至 100 GΩ,中国电气工程学会,cees.org.cn,,
数字万用表,AC/DC电源,-40°C至60°C,0%至100%,有,有,IP69,全功能，适用于极端环境,自动/手动切换,330,25,<1秒,1 kHz,±(2.0% + 1),0.001 Ω 至 30 MΩ,国际标准化组织,iso.org,,
电桥,电池供电,-15°C至65°C,0%至95%,无,无,IP44,便于携带，用于现场测量,手动切换,300,40,<5秒,50 Hz - 1 kHz,±(1.0% + 3),0.01 Ω 至 5 GΩ,美国国家标准与技术研究院,nist.gov,,
绝缘电阻测试仪,内置电池,-10°C至40°C,10%至80%,有,有,IP65,紧凑型，适合实验室使用,自动切换,≤250 A/m,≤20 V/m,<3秒,60 Hz - 200 Hz,±(1.5% + 2),0.1 MΩ 至 15 GΩ,国际电工委员会,iec.ch,,
数字万用表,交流电供电,-20°C至60°C,0%至90%,有,无,IP54,耐用，适合工业环境,自动切换,≤300 A/m,≤15 V/m,<2秒,1 kHz,±(1% + 1),0.01 Ω 至 25 MΩ,中国电子科技集团公司,cetc.com,,
电桥,内置电池,-15°C至70°C,5%-95%,无,有,IP55,高精度，适合实验室及现场使用,手动切换,≤150 A/m,≤25 V/m,<1秒,100 Hz - 1 kHz,±(0.5% + 1),0.001 Ω 至 5 GΩ,中国计量院,nmi.cn,,
绝缘电阻测试仪,锂电池,-5°C至50°C,0%至100%,有,无,IP68,便携式，适合户外使用,自动切换,≤100 A/m,≤10 V/m,<4秒,50 Hz - 500 Hz,±(2.0% + 5),0.5 MΩ 至 20 GΩ,中国电器科学研究院,cepri.cn,,
数字万用表,外部适配器,-30°C至60°C,0%至85%,有,无,IP67,多功能，适合工程师使用,手动切换,≤400 A/m,≤40 V/m,<1秒,500 Hz,±(0.8% + 3),0.01 Ω 至 30 MΩ,中科院物理研究所,ipp.ac.cn,,
电桥,交流电,-20°C至80°C,10%-95%,有,无,IP44,经济型，适合初学者使用,自动切换,≤200 A/m,≤60 V/m,<3秒,10 Hz - 500 Hz,±(3% + 5),0.1 Ω 至 2 GΩ,中国电工仪器公司,ciem.com.cn,,
绝缘电阻测试仪,电池供电,-10°C至55°C,0%至90%,有,无,IP56,便捷，适合家庭用户,人工切换,≤150 A/m,≤30 V/m,<6秒,50 Hz - 300 Hz,±(2.5% + 4),0.1 MΩ 至 10 GΩ,全国电力公司,sgcc.com.cn,,
数字万用表,内置锂电池,-20°C至70°C,5%至95%,无,无,IP65,超轻便，适合长时间使用,自动切换,≤250 A/m,≤25 V/m,<2秒,1 kHz,±(1.4% + 1),0.01 Ω 至 15 MΩ,中国电子学会,ces.org.cn,,
电桥,变压器供电,0°C至70°C,20%-80%,有,有,IP66,精密型，适合科研机构,手动切换,≤200 A/m,≤20 V/m,<4秒,100 Hz - 2 kHz,±(0.5% + 1),0.001 Ω 至 1 GΩ,国家科技部,most.gov.cn,,
数字绝缘电阻测试仪,内置锂电池,-10°C至60°C,5%至90%,有,无,IP65,小型化设计，适合室内外使用,自动切换,≤250 A/m,≤20 V/m,<3秒,60 Hz - 1 kHz,±(1.0% + 5),0.1 MΩ 至 5 GΩ,中国电子技术标准化研究院,cetc-standard.org.cn,,
高压绝缘电阻测试仪,交流电源适配器,-20°C至70°C,0%至95%,有,有,IP54,集成高压功能，工厂使用,手动切换,≤100 A/m,≤30 V/m,<2秒,50 Hz,±(2.5% + 3),1 MΩ 至 100 GΩ,国家电力公司,spower.gov.cn,,
便携式绝缘电阻测试仪,可充电电池,-5°C至50°C,10%至85%,有,无,IP67,轻便，适合现场测试,自动切换,≤150 A/m,≤15 V/m,<4秒,50 Hz - 200 Hz,±(1.5% + 2),0.01 MΩ 至 10 GΩ,国际电工委员会,iec.ch,,
数字高精度电桥,交流电源,0°C至40°C,0%至80%,有,无,IP40,适合实验室精密测量,自动切换,≤50 A/m,≤10 V/m,<10秒,1 kHz,±(0.5% + 1),0.001 Ω 至 1 GΩ,中国计量院,nim.gov.cn,,
工业型数字万用表,交流/直流电源,-10°C至60°C,5%至90%,有,有,IP68,耐用型，适合工业环境,手动切换,≤300 A/m,≤50 V/m,<1秒,1 kHz,±(1.0% + 2),0.001 Ω 至 30 MΩ,中国电子仪器协会,cieia.org.cn,,
手持式智能电阻测量仪,锂电池,-10°C至55°C,0%至90%,有,无,IP44,无线连接，方便远程监测,自动切换,≤400 A/m,≤20 V/m,<3秒,100 Hz - 1 kHz,±(1.5% + 3),0.01 MΩ 至 20 GΩ,中国通信标准化协会,cais.org.cn,,
多功能智能万用表,可充电锂电池,-15°C至50°C,0%至80%,有,无,IP54,集成多种测试功能，一体化设计,手动切换,≤250 A/m,≤25 V/m,<1秒,500 Hz,±(1.2% + 1),0.001 Ω 至 15 MΩ,中国光电仪器研究院,coir.gov.cn,,
精密高阻测试仪,外部直流电源,-20°C至40°C,5%至75%,有,无,IP67,高稳定性设计，适合科研使用,手动切换,≤200 A/m,≤15 V/m,<10秒,100 Hz,±(0.5% + 0.5),0.01 MΩ 至 1 TΩ,中国物理学会,physica.cn,,
数字电阻计,可充电电池,-10°C至55°C,0%至85%,有,无,IP40,专业检测，多功能设计,自动切换,≤100 A/m,≤20 V/m,<2秒,60 Hz - 400 Hz,±(1.5% + 1),0.001 Ω 至 2 GΩ,全国材料测试协会,cmta.cn,,
数字绝缘抵抗测量仪,交流/直流电源,-10°C至60°C,5%至95%,有,有,IP65,紧凑型，适合现场使用,自动切换,≤500 A/m,≤15 V/m,<6秒,60 Hz - 1 kHz,±(1.0 % + 1),0.01 MΩ 至 20 GΩ,中国电力科学研究院,creg.csp.com.cn,,
便携式万用表,电池供电,-15°C至55°C,10%至90%,有,无,IP54,超轻便设计，适合随身携带,手动切换,≤250 A/m,≤20 V/m,<3秒,1 kHz,±(2.0 % + 2),0.001 Ω 至 30 MΩ,国际电工委员会,iec.ch,,
精密电阻测量仪,外部供电,0°C至50°C,0%至70%,有,无,IP30,台式，适合实验室使用,自动切换,≤150 A/m,≤5 V/m,<2秒,100 Hz - 1 kHz,±(0.5 % + 0.5),0.01 Ω 至 10 GΩ,美国国家标准与技术研究所,nist.gov,,
网络连接型数字万用表,USB供电,-10°C至50°C,5%至90%,有,无,IP67,具备数据传输功能，适合远程监控,自动切换,≤300 A/m,≤25 V/m,<1秒,500 Hz,±(1.2 % + 1),0.001 Ω 至 15 MΩ,IEEE电气与电子工程师学会,ieee.org,,
高压绝缘电阻测试仪,交流电源,-20°C至70°C,5%至90%,有,有,IP44,工业型，抗干扰设计,自动切换,≤400 A/m,≤10 V/m,<4秒,50 Hz - 60 Hz,±(3.0 % + 3),0.1 MΩ 至 50 GΩ,中国电力部,sgcc.com.cn,,
电阻率测量仪,电池供电,-15°C至45°C,0%至80%,有,无,IP50,轻巧设计，易于携带,手动切换,≤200 A/m,≤15 V/m,<2秒,1 kHz,±(2.5 % + 2),0.01 Ω 至 5 MΩ,全球电气工程师网络,ge.org,,
多功能测量仪,交流/直流电源,-20°C至60°C,10%至90%,有,无,IP56,多功能集成，适合实验室及现场使用,自动切换,≤350 A/m,≤25 V/m,<5秒,60 Hz - 500 Hz,±(1.5 % + 1),0.001 Ω 至 100 MΩ,国际电气与电子设备协会,ieee.org,,
高精度电阻测量仪,外部供电,0°C至45°C,0%至60%,有,无,IP20,超高精度，适合实验室研究,自动切换,≤400 A/m,≤5 V/m,<1秒,100 Hz,±(0.05 % + 0.1),0.001 Ω 至 1 TΩ,国际品质标志协会,ilac.org,,
桌面型绝缘电阻测试仪,交流/直流电源,-10°C至60°C,0%至90%,有,无,IP52,稳定性强，适合实验室及工厂使用,手动切换,≤200 A/m,≤20 V/m,<4秒,50 Hz,±(3.0 % + 3),0.01 MΩ 至 30 GΩ,科研仪器技术网络,scientificinstruments.org,,
绝缘电阻测试仪,直流电源,-15°C至60°C,5%至90%,有,有,IP55,便携式，适用于现场测试,自动切换,≤250 A/m,≤20 V/m,<4秒,60 Hz - 500 Hz,±(3% + 5),0.1 MΩ 至 15 GΩ,国家电工仪器检测中心,sgb.gov.cn,,
数字万用表,交流/电池供电,-5°C至55°C,0%至85%,有,无,IP66,防水设计，适合户外使用,自动切换,≤150 A/m,≤25 V/m,<1秒,500 Hz,±(1.2% + 3),0.01 Ω 至 30 MΩ,国际电工委员会,iec.ch,,
电桥,内置电池,-10°C至80°C,15%-95%,有,无,IP44,桌面式，适合实验室使用,手动切换,≤320 A/m,≤40 V/m,<2.5秒,200 Hz,±(0.5 % + 2),0.001 Ω 至 3 GΩ,中国电子技术标准化研究院,cetstandard.cn,,
高压绝缘电阻测试仪,电池供电,-10°C至65°C,0%至100%,有,有,IP67,高压安全设计，便于携带,自动切换,≤400 A/m,≤15 V/m,<6秒,100 Hz,±(5% + 10),0.1 MΩ 至 20 GΩ,国际电工技术委员会,iec.org,,
通用电阻检测仪,直流电源,0°C至50°C,0%至60%,有,无,IP53,便于放置，适用于实验室,手动切换,≤100 A/m,≤10 V/m,<3秒,60 Hz,±(2% + 1),0.1 Ω 至 10 MΩ,中国仪器仪表行业协会,cimta.org.cn,,
微米级电阻测量仪,外部供电,-20°C至40°C,20%至90%,有,无,IP40,专为微型组件测试设计,自动切换,≤150 A/m,≤20 V/m,<2秒,1 kHz,±(0.1% + 0.5),0.0001 Ω 至 1 MΩ,电子元器件标准化协会,semicond.org,,
超精密电阻测量仪,双向电源,-10°C至50°C,5%至80%,有,无,IP67,高精度，适合科研应用,智能切换,≤300 A/m,≤30 V/m,<1秒,10 kHz,±(0.01% + 0.1),0.00001 Ω 至 10 GΩ,国家半导体检测中心,nscc.cn,,
智能网络电阻测试仪,电池/交流电源,-20°C至60°C,0%至95%,有,有,IP54,支持无线连接，便于远程监测,自动切换,≤400 A/m,≤50 V/m,<3秒,1 kHz,±(1% + 2),0.01 Ω 至 20 GΩ,智能仪器设备研究院,smartinstruments.cn,,
光谱电阻测量仪,交流电源,-5°C至55°C,10%-80%,有,无,IP65,适合光电元件测试,手动切换,≤200 A/m,≤15 V/m,<2秒,500 Hz,±(1.5% + 1),0.01 Ω 至 100 MΩ,中国光电子学会,oee.org.cn,,
绝缘电阻测试仪,交流/直流电源,-10°C至60°C,5%至90%,有,无,IP65,便携式，适合现场测试,自动切换,≤250 A/m,≤20 V/m,<4秒,60 Hz - 500 Hz,±(1.8% + 1),0.1 MΩ 至 15 GΩ,电气与电子工程师学会,ieee.org,,
数字万用表,电池供电,-20°C至55°C,0%至75%,有,无,IP68,强大的测量功能，工业应用,手动切换,≤150 A/m,≤25 V/m,<1秒,2 kHz,±(1.2% + 2),0.001 Ω 至 30 MΩ,中国电工技术学会,ceca.org.cn,,
电桥,外部供电,-15°C至65°C,0%-85%,有,有,IP54,实验室专用，精度高,自动切换,≤350 A/m,≤40 V/m,<2秒,50 Hz,±(0.5% + 1),0.01 Ω 至 2 GΩ,中国计量测试学会,csm.org.cn,,
绝缘电阻测试仪,电池/交流电源,-10°C至50°C,0%至95%,有,无,IP67,轻巧，适合室外使用,手动切换,≤200 A/m,≤15 V/m,<3秒,1 kHz,±(2.5% + 3),0.1 MΩ 至 5 GΩ,国际电工委员会,iec.ch,,
数字万用表,直流电源,-5°C至45°C,10%至90%,有,无,IP55,工业抗震设计,自动切换,≤100 A/m,≤10 V/m,<1.5秒,1 kHz,±(1.0% + 1),0.01 Ω 至 10 MΩ,世界计量组织,wmo.int,,
电桥,外部供电,-20°C至75°C,10%-92%,有,无,IP40,精密测量，同时可测多种参数,手动切换,≤400 A/m,≤60 V/m,<2秒,100 Hz - 1 kHz,±(0.8% + 2),0.001 Ω 至 1 GΩ,国家标准化管理委员会,sgg.gov.cn,,
绝缘电阻测试仪,交流/电池兼容,-15°C至45°C,5%至90%,有,有,IP65,用于高压环境，安全可靠,自动切换,≤300 A/m,≤30 V/m,<3秒,0.5 kHz,±(1.5% + 3),0.01 MΩ 至 20 GΩ,国际电气标准委员会,iec.org,,
数字万用表,太阳能电池供电,-20°C至70°C,0%至95%,有,无,IP68,环保型设计，适合野外使用,自动切换,≤150 A/m,≤25 V/m,<2秒,2 kHz,±(2% + 1),0.001 Ω 至 50 MΩ,国家可再生能源中心,nrec.cn,,
电桥,内置电池,-10°C至60°C,0%-85%,有,无,IP54,适合实验室和现场使用,手动切换,≤350 A/m,≤50 V/m,<3秒,1 kHz,±(0.5% + 2),0.01 Ω 至 3 GΩ,国家科技部,most.gov.cn,,
数字电阻计,电池供电,-10°C至45°C,0%至75%,有,无,IP65,便携式，设计现代,手动切换,≤250 A/m,≤20 V/m,<3秒,1 kHz,±(2% + 1),0.001 Ω 至 5 MΩ,IEEE电气与电子工程师学会,ieee.org,,
高频电阻测试仪,交流电源,-20°C至60°C,5%至90%,有,无,IP54,高精度，适用于实验室,自动切换,≤350 A/m,≤15 V/m,<4秒,100 Hz,±(1.5% + 2),0.01 MΩ 至 100 GΩ,国家测量技术研究中心,nmi.cn,,
便携式电阻测试仪,充电电池,-15°C至50°C,0%至80%,有,有,IP67,耐用且防水,手动切换,≤150 A/m,≤25 V/m,<2秒,10 kHz,±(1.0% + 3),0.001 Ω 至 15 MΩ,中国电子产品质量监督检验院,ceq.gov.cn,,
多功能电务测试仪,交流/直流电源,-20°C至70°C,10%至90%,有,无,IP40,多功能，稳定性强,自动切换,≤300 A/m,≤40 V/m,<5秒,500 Hz,±(2% + 4),0.01 Ω 至 20 GΩ,中国电力科学研究院,research.org.cn,,
绝缘电阻测试仪,充电电池,-30°C至55°C,0%至95%,有,无,IP66,适合高压环境,手动切换,≤450 A/m,≤10 V/m,<6秒,50 Hz,±(2.5% + 3),0.1 MΩ 至 10 GΩ,国家电网公司,sgcc.com.cn,,
电阻率测试仪,外部供电,0°C至40°C,0%至85%,有,无,IP30,用于研究和开发,自动切换,≤200 A/m,≤15 V/m,<3秒,1 kHz,±(1.0% + 1),0.01 Ω 至 100 MΩ,中国科学技术协会,cast.org.cn,,
数字绝缘电阻表,电池供电,-10°C至50°C,0%至90%,有,无,IP54,紧凑型，易于使用,手动切换,≤300 A/m,≤20 V/m,<2秒,2 kHz,±(1.5% + 2),0.01 MΩ 至 5 GΩ,国防科学技术局,most.gov.cn,,
自动化电阻测试仪,交流/直流电源,-20°C至60°C,5%至95%,有,有,IP68,适合工业应用,自动切换,≤400 A/m,≤30 V/m,<4秒,100 Hz,±(2% + 1),0.01 Ω 至 50 GΩ,中国机械工业联合会,cmma.org.cn,,
手持式多功能电阻计,可充电锂电池,-25°C至55°C,0%至90%,有,无,IP65,便于携带，用于现场测试,手动切换,≤250 A/m,≤25 V/m,<2秒,500 Hz,±(1.0% + 2),0.001 Ω 至 10 MΩ,北京航天航空大学,buaa.edu.cn,,
高压绝缘测试仪,交流电源,-10°C至60°C,5%至90%,有,无,IP65,台式，适合实验室使用,自动切换,≤500 A/m,≤20 V/m,<10秒,60 Hz - 500 Hz,±(3% + 5),1 MΩ 至 20 GΩ,国家电力公司,sgcc.com.cn,,
数字电阻测量仪,内置可充电电池,-5°C至55°C,0%至85%,有,有,IP67,便携式，适合户外使用,手动切换,≤400 A/m,≤15 V/m,<3秒,1 kHz,±(0.5% + 1),0.01 Ω 至 30 MΩ,中国电力研究院,cepra.com.cn,,
精密电阻计,外部供电,0°C至70°C,10%至95%,有,无,IP54,台式，多功能,自动切换,≤300 A/m,≤25 V/m,<4秒,100 Hz,±(1% + 0.5),0.001 Ω 至 10 GΩ,中国计量局,nima.gov.cn,,
电阻测量仪,交流/直流电源,-20°C至50°C,0%至95%,有,有,IP67,手持式，适合现场测试,自动切换,≤300 A/m,≤30 V/m,<5秒,50 Hz - 1 kHz,±(2% + 2),0.1 MΩ 至 1 GΩ,中国仪器仪表工业协会,cma.org.cn,,
便携式绝缘电阻测试仪,干电池,-15°C至40°C,0%至80%,有,无,IP64,小型，适合现场操作,手动切换,≤250 A/m,≤10 V/m,<6秒,1 kHz,±(3% + 1),0.01 Ω 至 5 GΩ,行业标准化研究院,sac.gov.cn,,
LCR表,直流电源,0°C至50°C,5%至90%,有,无,IP52,台式，适合实验室,自动切换,≤200 A/m,≤20 V/m,<2秒,100 Hz - 1 MHz,±(0.5% + 1),0.1 Ω 至 100 MΩ,国家电子元件检测中心,necc.gov.cn,,
绝缘电阻检测器,可充电锂电池,-30°C至60°C,0%至95%,有,有,IP68,手持式，工业级,自动切换,≤100 A/m,≤25 V/m,<10秒,50 Hz,±(4% + 3),0.1 MΩ 至 15 GΩ,国际电工委员会,iec.ch,,
数字绝缘电阻测试仪,交流电源,-20°C至55°C,0%至90%,有,无,IP54,手持式，操作简单,手动切换,≤350 A/m,≤15 V/m,<4秒,50 Hz - 1 kHz,±(2% + 2),0.5 MΩ 至 10 GΩ,中国工业测量技术标准,cis.org.cn,,
频率电阻仪,电池和交流供电,-10°C至50°C,0%至85%,有,有,IP67,多功能，解析度高,自动切换,≤400 A/m,≤20 V/m,<3秒,1 kHz - 2 MHz,±(1% + 1),0.01 Ω 至 50 MΩ,国际电子测量标准组织,ieee.org,,
绝缘电阻测试仪,交流电源,-10°C至60°C,5%至90%,有,无,IP65,手持式，适合工地使用,自动切换,350,15,<4秒,60 Hz - 480 Hz,±(1.8% + 2),0.1 MΩ 至 5 GΩ,国际电工委员会,iec.ch,,
数字万用表,可充电电池,-20°C至55°C,0%至90%,有,有,IP68,紧凑型，适合工业应用,自动切换,150,20,<1秒,500 Hz,±(1.2% + 2),0.001 Ω 至 30 MΩ,南方科技大学,sustech.edu.cn,,
高压绝缘电阻测试仪,电池供电,-30°C至70°C,0%至95%,有,无,IP54,便携式，适用于电力行业,手动切换,300,25,<6秒,50 Hz,±(2.5% + 5),0.05 MΩ 至 1 GΩ,电力研究院,creg.org.cn,,
智能数字万用表,USB充电,-10°C至45°C,0%至75%,有,有,IP67,智能化，提供数据记录,自动切换,100,5,<1.5秒,1 kHz,±(1.0% + 1),0.01 Ω 至 25 MΩ,中国电子技术标准化研究院,cet.com.cn,,
交流电阻测试仪,交流电源,-20°C至50°C,10%至80%,有,无,IP20,立式，适合实验室使用,手动切换,250,10,<8秒,45 Hz,±(3% + 3),0.1 Ω 至 500 MΩ,中国计量局,meter.gov.cn,,
精密电阻测量仪,外部电源,0°C至40°C,20%至80%,有,无,IP44,高精度，适合研发,自动切换,150,15,<10秒,50 Hz - 200 Hz,±(0.5% + 1),0.001 Ω 至 10 GΩ,中国科学院,cas.cn,,
数字绝缘测试仪,干电池,-15°C至65°C,5%至90%,有,有,IP68,防水，耐磨,手动切换,200,20,<2秒,60 Hz,±(1.5% + 3),0.01 MΩ 至 20 GΩ,电气设备检测中心,nedc.cn,,
高温电阻测量仪,交流电源,0°C至80°C,0%至75%,有,无,IP40,稳定性强，适合高温实验,自动切换,150,40,<5秒,100 Hz,±(1.0% + 1),0.01 Ω 至 500 MΩ,清华大学,tsinghua.edu.cn,,
电阻计,外部电源,-20°C至60°C,10%至85%,有,无,IP20,简约，全自动,手动切换,180,35,<2.5秒,1 kHz,±(1.0% + 2),0.1 Ω 至 50 MΩ,国家电网公司,sgcc.com.cn,,
绝缘电阻测试仪,交流/直流电源,-10°C至60°C,5%至90%,有,无,IP65,便携式，适合现场使用,自动切换,≤250 A/m,≤20 V/m,<4秒,60 Hz - 1 kHz,±(1.5% + 1),0.01 MΩ 至 20 GΩ,国际电工委员会,iec.ch,,
数字万用表,充电电池,-5°C至55°C,0%至75%,有,有,IP68,超强耐用，适合恶劣环境,自动切换,≤150 A/m,≤25 V/m,<1秒,2 kHz,±(1.0% + 2),0.001 Ω 至 30 MΩ,美国国家标准与技术研究院,nist.gov,,
电桥,内置电池,-15°C至65°C,20%-85%,有,无,IP50,高精度，设计紧凑,手动切换,≤350 A/m,≤10 V/m,<5秒,120 Hz,±(2.0 % + 1),0.1 Ω 至 5 GΩ,IEEE电气与电子工程师协会,ieee.org,,
绝缘电阻测试仪,交流电源,-20°C至45°C,0%至99%,有,有,IP60,工业级高效测试,自动切换,≤400 A/m,≤15 V/m,<3秒,50 Hz,±(1.2% + 2),0.01 MΩ 至 15 GΩ,国际电工市场研究中心,iemrc.org,,
数字万用表,USB充电,0°C至50°C,0%至85%,有,无,IP67,轻量化设计，便于携带,手动切换,≤100 A/m,≤20 V/m,<1秒,500 Hz,±(0.5% + 1),0.001 Ω 至 25 MΩ,中国测量技术研究院,cmti.cn,,
电桥,外部电源/直流电源,-40°C至70°C,10%-95%,有,无,IP45,用于科研，极高精度,自动切换,≤500 A/m,≤40 V/m,<2秒,1 kHz,±(0.8 % + 1),0.01 Ω 至 10 GΩ,科学技术部,most.gov.cn,,
绝缘电阻测试仪,电池供电,-10°C至50°C,0%至90%,依赖背景光,有,IP56,便捷式，易于测量,手动切换,≤300 A/m,≤25 V/m,<4秒,400 Hz,±(3% + 5),0.1 MΩ 至 5 GΩ,中国标准化管理委员会,sac.gov.cn,,
数字万用表,双电源模式,-20°C至60°C,0%至80%,有,无,IP65,适合各种应用领域,自动切换,≤200 A/m,≤30 V/m,<2秒,100 Hz,±(1.8% + 3),0.01 Ω 至 20 MΩ,中国电器科学研究院,cecri.cn,,
电桥,内置锂电池,-30°C至70°C,20%-85%,有,无,IP50,专业级高性能仪器,手动切换,≤400 A/m,≤20 V/m,<6秒,75 Hz,±(0.5 % + 1),0.01 Ω 至 8 GΩ,中国电力科学研究院,cepri.cn,,
绝缘电阻测试仪,交流/直流电源,-20°C至60°C,0%至90%,有,无,IP55,便携式，适用于现场测试,自动切换,<=350 A/m,<=15 V/m,<4秒,60 Hz - 500 Hz,±(2.5% + 3),0.1 MΩ 至 15 GΩ,国家电网有限公司,sgcc.com.cn,,
数字万用表,电池供电,-5°C至55°C,10%至85%,有,无,IP68,直观设计，易于操控,手动切换,<=250 A/m,<=25 V/m,<3秒,1 kHz,±(2.0% + 2),0.001 Ω 至 30 MΩ,中国电子科技集团公司,cetc.com.cn,,
电桥,外部供电,-10°C至75°C,0%-95%,有,有,IP50,高性能，适合实验室使用,自动切换,<=400 A/m,<=60 V/m,<2秒,200 Hz,±(1.0% + 1),0.01 Ω 至 3 GΩ,中国计量学院,cmes.edu.cn,,
精密电阻测量仪,交流电源,0°C至50°C,5%至80%,有,无,IP67, 桌面式，适合实验室环境,自动切换,<=100 A/m,<=20 V/m,<1秒,400 Hz,±(0.5% + 0.5),0.001 Ω 至 5 MΩ,中国国家标准化管理委员会,sac.gov.cn,,
便携式电阻测试仪,直流电源,-10°C至50°C,0%至95%,有,有,IP54,小型化设计，方便携带,手动切换,<=300 A/m,<=10 V/m,<4秒,50 Hz,±(2.0% + 2),0.001 MΩ 至 10 GΩ,中国仪器仪表行业协会,cma.org.cn,,
数字电阻万用表,交流电源,-20°C至55°C,0%至90%,有,无,IP65,多功能，适用于多种测量,手动切换,<=150 A/m,<=15 V/m,<2秒,1 kHz,±(1.5% + 3),0.005 Ω 至 100 MΩ,中国电器科学研究院,cecer.com.cn,,
电阻测量装置,直流电源,0°C至60°C,10%至85%,有,无,IP60,模块化设计，灵活性高,自动切换,<=350 A/m,<=25 V/m,<3秒,100 Hz,±(1.2% + 1),0.001 Ω 至 20 GΩ,国家半导体技术研究中心,stm.org.cn,,
高速电阻测量仪,交流/直流电源,-20°C至70°C,0%至95%,有,无,IP68,高速度，高准确性,自动切换,<=300 A/m,<=40 V/m,<1秒,10 kHz,±(0.5% + 1),0.01 Ω 至 1000 MΩ,全国标准计量测试中心,nmic.gov.cn,,
手持式电阻测量仪,电池供电,-20°C至50°C,0%至85%,有,有,IP43,灵活便携，现场适应性强,手动切换,<=250 A/m,<=15 V/m,<2秒,500 Hz,±(1.0% + 2),0.01 Ω 至 50 MΩ,中国电气工程学会,ieee.org.cn,,
绝缘电阻测试仪,交流电源,-10°C至60°C,0%至90%,有,无,IP67,便携式设计，适用于现场测试,手动切换,250,20,<4秒,60 Hz - 500 Hz,±(1.8% + 3),0.01 MΩ 至 5 GΩ,国家电力公司,spower.com.cn,,
数字万用表,电池供电,-15°C至45°C,10%至90%,有,有,IP54,轻便耐用，适合家庭使用,自动切换,150,15,<3秒,1 kHz,±(1.0% + 1),0.001 Ω 至 30 MΩ,中国移动装备制造业协会,cmma.org.cn,,
电桥,外部供电,0°C至50°C,10%-80%,有,无,IP40,高精度，适用于实验室,手动切换,200,25,<2秒,100 Hz - 1 kHz,±(0.5% + 0.5),0.1 Ω 至 3 GΩ,中国科学院,cas.cn,,
绝缘电阻测试仪,交流/直流电源,-20°C至60°C,0%至95%,有,无,IP65,高强度防护，适合工业环境,自动切换,380,10,<6秒,50 Hz,±(2.0% + 4),0.001 MΩ 至 20 GΩ,全国电气安全检测标准,nedss.gov.cn,,
数字万用表,交流电源,-10°C至40°C,5%至85%,有,无,IP66,专业级，多种测量功能,自动切换,220,12,<1秒,2 kHz,±(1.2% + 1),0.01 Ω 至 10 MΩ,电力行业标准化管理委员会,sac.gov.cn,,
电桥,直流电源,-5°C至55°C,0%至85%,有,有,IP43,紧凑型设计，适合便携测试,手动切换,150,18,<3秒,500 Hz,±(0.8% + 2),0.01 Ω 至 500 MΩ,中国电力工程顾问集团,sgcc.com.cn,,
绝缘电阻测试仪,直流电源,-30°C至50°C,0%至90%,有,无,IP55,工业级，适应恶劣环境,自动切换,400,5,<4秒,50 Hz - 60 Hz,±(1.5% + 1),0.05 MΩ 至 15 GΩ,机械工业部,miit.gov.cn,,
数字万用表,电池供电,0°C至50°C,20%至100%,有,无,IP68,超耐用，抗高压水侵袭,自动切换,100,35,<2秒,1 kHz,±(1.0% + 1),0.001 Ω 至 50 MΩ,中国质量认证中心,cqc.com.cn,,
电桥,外部供电,-20°C至70°C,5%-90%,有,无,IP45,实验室级，适合高精度测量,手动切换,275,40,<3秒,100 Hz - 2 kHz,±(0.5% + 0.5),0.1 Ω 至 10 GΩ,中国科学技术协会,csta.org.cn,,
绝缘电阻测试仪,交流电源,-10°C至60°C,5%至90%,有,无,IP65,台式，适合实验室使用,自动切换,≤250 A/m,≤15 V/m,<7秒,60 Hz - 500 Hz,±(2.5% + 5),0.1 MΩ 至 20 GΩ,全球电气设备协会,iec.ch,,
数字万用表,充电电池,-5°C至55°C,0%至70%,有,无,IP68,便携式，防水防尘,手动切换,≤150 A/m,≤20 V/m,<1秒,1 kHz,±(1.0% + 1),0.01 Ω 至 30 MΩ,中国电子技术标准化研究院,cetdc.cn,,
电桥,交流/直流电源,-30°C至75°C,10%-95%,有,有,IP54,高精度，适合工业应用,自动切换,≤300 A/m,≤25 V/m,<2秒,100 Hz,±(0.5% + 1),0.001 Ω 至 2 GΩ,国际电工委员会,iec.ch,,
绝缘电阻测试仪,内置锂电池,-20°C至50°C,0%至85%,有,无,IP67,手持式，便于室外使用,手动切换,≤200 A/m,≤20 V/m,<4秒,50 Hz - 300 Hz,±(3% + 5),0.01 MΩ 至 5 GΩ,电气工程师组织,ieee.org,,
数字万用表,AA电池,-10°C至60°C,0%至75%,有,无,IP66,紧凑设计，适合现场操作,自动切换,≤180 A/m,≤25 V/m,<2秒,1 kHz,±(1.5% + 3),0.01 Ω 至 10 MΩ,电子元件协会,www.electronics.org,,
高阻计,外部供电,-20°C至40°C,15%-85%,有,无,IP50,桌面型，适合实验室精密测量,手动切换,≤400 A/m,≤15 V/m,<6秒,20 Hz - 1 kHz,±(0.3% + 2),0.001 MΩ 至 100 GΩ,国家半导体设备研究中心,nsrc.ca,,
数字万用表,交流电源,-20°C至50°C,0%至90%,有,无,IP55,便于携带，适合工地使用,自动切换,≤150 A/m,≤10 V/m,<3秒,500 Hz,±(2% + 1),0.01 Ω 至 15 MΩ,中国国家计量院,nimit.cn,,
电桥,内置电池,-25°C至65°C,5%-90%,有,无,IP44,便携式，适合户外使用,手动切换,≤350 A/m,≤40 V/m,<5秒,50 Hz - 10 kHz,±(1.2% + 4),0.01 Ω 至 3 GΩ,国际标准化组织,iso.org,,
绝缘电阻测试仪,USB充电,-10°C至40°C,0%至80%,有,有,IP65,小型化，适合家庭和小型企业使用,自动切换,≤300 A/m,≤5 V/m,<10秒,50 Hz,±(5% + 10),0.1 MΩ 至 1 GΩ,中国仪器设备协会,www.cies.org.cn,,
绝缘电阻测试仪,直流电源,-10°C至60°C,5%至90%,有,无,IP65,手持式，抗摔设计,自动切换,≤250 A/m,≤15 V/m,<4秒,60 Hz - 500 Hz,±(2.5% + 4),0.1 MΩ 至 15 GΩ,全国电力公司,sgcc.com.cn,,
数字万用表,蓄电池供电,-20°C至55°C,0%至85%,有,符合,IP54,紧凑型，多功能,手动切换,≤150 A/m,≤20 V/m,<3秒,500 Hz,±(1.8% + 3),0.001 Ω 至 30 MΩ,中国光电仪器协会,pla.org.cn,,
高精度电桥,交流/直流电源,-15°C至75°C,10%-95%,有,无,IP30,台式，高精度结构,自动切换,≤500 A/m,≤40 V/m,<6秒,200 Hz,±(0.5% + 1),0.01 Ω 至 2 GΩ,国际计量局,bipm.org,,
绝缘电阻测试仪,蓄电池/外部电源,-25°C至50°C,0%至100%,有,符合,IP68,便携式，防水防尘,手动切换,≤350 A/m,≤10 V/m,<2秒,100 Hz - 1 kHz,±(3% + 5),0.1 MΩ 至 20 GΩ,国家电网公司,sgcc.com.cn,,
数字万用表,锂电池供电,-10°C至65°C,10%至90%,有,无,IP67,手持式，功能齐全,自动切换,≤100 A/m,≤25 V/m,<1秒,1 kHz,±(2.0% + 2),0.0001 Ω 至 25 MΩ,中国仪表工业协会,caqi.org.cn,,
电桥,外部直流电源,-20°C至60°C,5%至85%,无,符合,IP40,实验室使用，稳定可靠,手动切换,≤200 A/m,≤50 V/m,<4秒,50 Hz,±(0.2% + 0.5),0.001 Ω 至 1 GΩ,中国计量测试技术研究院,niplab.cn,,
绝缘电阻测试仪,电池供电,-5°C至40°C,0%至95%,有,无,IP65,手持式，外形灵活,自动切换,≤300 A/m,≤5 V/m,<3秒,30 Hz - 1 kHz,±(1.5% + 3),0.01 MΩ 至 5 GΩ,中国电机工程学会,cees.org.cn,,
数字万用表,交流电源,-15°C至60°C,0%至90%,有,无,IP50,轻便型，多功能,手动切换,≤300 A/m,≤30 V/m,<2秒,1 kHz,±(2.2% + 5),0.01 Ω 至 10 MΩ,中国科学技术协会,cast.org.cn,,
电桥,直流/电池供电,-20°C至65°C,5%至95%,有,无,IP20,便携式，适合现场测试,自动切换,≤150 A/m,≤20 V/m,<5秒,100 Hz,±(0.5% + 2),0.1 Ω 至 500 MΩ,中国电气工程学会,ces.org.cn,,
绝缘电阻测试仪,交流/直流电源,-10°C至50°C,0%至90%,有,无,IP55,手持式，轻便易携,自动切换,350,15,<4秒,60 Hz - 500 Hz,±(1.8% + 2),0.1 MΩ 至 20 GΩ,中国电子技术标准化研究院,cetd.org.cn,,
绝缘电阻测试仪,电池供电,-20°C至60°C,10%至95%,有,无,IP68,防水，适用于户外,手动切换,250,20,<3秒,50 Hz,±(2.5% + 5),0.01 Ω 至 5 GΩ,国家市场监督管理总局,saic.gov.cn,,
数字万用表,交流/直流电源,-20°C至55°C,0%至85%,有,有,IP67,多功能，防护性能好,自动切换,180,25,<1秒,1 kHz,±(1.2% + 1),0.001 Ω 至 10 MΩ,国际电工委员会,iec.ch,,
电桥,外部供电,-15°C至70°C,5%-90%,有,无,IP40,高精度，适合实验室使用,自动切换,400,35,<2秒,100 Hz - 1 kHz,±(0.8% + 1),0.1 Ω 至 2 GΩ,中国计量协会,cma.org.cn,,
数字万用表,电池供电,-10°C至50°C,0%至75%,有,无,IP64,便于携带，适合野外测试,手动切换,300,15,<3秒,500 Hz,±(1.0% + 1),0.01 Ω 至 15 MΩ,电子工业出版社,eppub.com,,
绝缘电阻测试仪,交流/直流供电,-10°C至60°C,0%至85%,有,有,IP54,携带方便，适合现场使用,自动切换,280,10,<5秒,20 Hz - 200 Hz,±(2.0% + 3),0.05 MΩ 至 25 GΩ,中国电气工程学会,ceei.org.cn,,
电桥,外部供电,-20°C至70°C,5%-95%,有,无,IP50,高精度，适合科研使用,自动切换,150,20,<4秒,50 Hz,±(0.5% + 0.5),0.001 Ω 至 5 GΩ,电气设备研究所,eei.research.cn,,
绝缘电阻测试仪,电池供电,-5°C至55°C,0%至90%,有,无,IP65,密封性好，适合潮湿环境,手动切换,200,30,<6秒,60 Hz - 300 Hz,±(1.8% + 4),0.01 MΩ 至 12 GΩ,质量技术监督局,aqsiq.gov.cn,,
数字万用表,交流/直流电源,-10°C至45°C,0%至80%,有,无,IP53,轻便设计，适合作业,手动切换,120,40,<2秒,500 Hz,±(1.5% + 2),0.01 Ω 至 8 MΩ,全国计量测试中心,nml.gov.cn,,
接地电阻测试仪,交流电源,-10°C至60°C,0%至85%,有,无,IP65,便携式，适合室外使用,自动切换,≤250 A/m,≤20 V/m,<3秒,60 Hz,±(2% + 5),0.01 Ω 至 10 GΩ,中国电力科学研究院,cepra.cn,,
高阻电阻测试仪,电池供电,-20°C至50°C,0%至90%,有,有,IP54,小型便于携带,手动切换,≤100 A/m,≤15 V/m,<2秒,400 Hz,±(1.5% + 3),1 MΩ 至 20 GΩ,电子测试技术协会,etia.org.cn,,
智能多功能电阻测量仪,充电电池,-10°C至55°C,5%至95%,有,无,IP67,触摸屏操作，易于使用,自动切换,≤400 A/m,≤25 V/m,<1秒,1 kHz,±(1.0% + 1),0.01 Ω 至 50 GΩ,全球电子研究院,geri.org,,
高精度电阻箱,外部供电,-20°C至70°C,10%至80%,无,无,IP40,稳定性强，适用于实验室,手动切换,≤300 A/m,≤50 V/m,<5秒,50 Hz,±(0.5% + 0.5),0.1 Ω 至 1 GΩ,国家计量技术研究院,nims.cn,,
智能绝缘测试仪,交流/直流电源,-30°C至45°C,0%至90%,有,有,IP65,长期耐用，适合恶劣环境,自动切换,≤150 A/m,≤60 V/m,<2秒,10 Hz,±(3% + 10),0.001 MΩ 至 5 GΩ,中国电力系统科学研究院,cpsri.cn,,
便携式自动电阻测量仪,USB供电,-10°C至60°C,5%至95%,有,无,IP50,轻便设计，适合现场应用,自动切换,≤200 A/m,≤20 V/m,<3秒,500 Hz,±(2% + 4),0.01 Ω 至 30 GΩ,中国质量认证中心,cqc.com.cn,,
高精度数字电阻计,交流电源,-20°C至55°C,0%至80%,有,无,IP30,高精度测量，适合工业使用,手动切换,≤300 A/m,≤10 V/m,<5秒,50 Hz,±(0.5% + 1),0.01 Ω 至 10 GΩ,国家科技部,most.gov.cn,,
数字高阻电测量仪,电池供电,-20°C至60°C,0%至95%,有,无,IP54,设计紧凑，易于携带,自动切换,≤400 A/m,≤25 V/m,<2秒,1 kHz,±(2% + 2),0.1 MΩ 至 15 GΩ,中国电子科技集团公司,cec.org.cn,,
智能电阻测量仪,太阳能供电,-20°C至50°C,10%至90%,有,无,IP65,环保设计，适合户外使用,自动切换,≤150 A/m,≤30 V/m,<4秒,60 Hz,±(1.5% + 3),0.01 Ω 至 5 GΩ,国际电工委员会,iec.ch,,
表面电阻测量仪,电池供电,-15°C至60°C,0%至85%,有,无,IP65,紧凑型，适合狭小空间,自动切换,≤250 A/m,≤20 V/m,<4秒,10 Hz - 1 kHz,±(1.0% + 1),0.1 MΩ 至 5 GΩ,中国电子技术标准化研究院,www.cesi-research.org,,
绝缘电阻测试仪,交流电源,-10°C至50°C,5%至90%,有,有,IP68,防水防尘，坚固耐用,自动切换,≤150 A/m,≤15 V/m,<3秒,50 Hz,±(2.5% + 5),0.001 MΩ 至 10 GΩ,中国电力研究院,www.cepra.ac.cn,,
数字万用表,太阳能供电,0°C至40°C,20%至90%,有,无,IP54,轻量型，适合现场使用,手动切换,≤300 A/m,≤25 V/m,<2秒,1 kHz,±(1.2% + 1),0.01 Ω 至 20 MΩ,中国电器科学研究院,www.esc.org.cn,,
电桥,外部供电,-20°C至75°C,10%-95%,有,无,IP40,高精准，适用于实验室,自动切换,≤400 A/m,≤50 V/m,<2秒,100 Hz,±(0.5% + 0.5),0.1 Ω 至 1 GΩ,中国测量与测试学会,www.cmt.org.cn,,
微电阻测试仪,交流/直流电源,0°C至45°C,0%至80%,有,无,IP65,长时间工作稳定,自动切换,≤100 A/m,≤10 V/m,<5秒,50 Hz,±(1.0% + 3),0.001 Ω 至 1 MΩ,国家电力公司,www.sgcc.com.cn,,
便携式电阻测量仪,充电电池,-10°C至60°C,0%至85%,有,无,IP67,便於携带，适合现场测试,手动切换,≤250 A/m,≤15 V/m,<4秒,100 Hz - 1 kHz,±(1.5% + 1),0.1 Ω 至 20 MΩ,中国机械工业联合会,www.cmif.org.cn,,
高电压绝缘电阻测试仪,内置锂电池,-20°C至60°C,5%至90%,有,有,IP68,适用于高压设备检测,自动切换,≤350 A/m,≤20 V/m,<6秒,60 Hz,±(1.8% + 2),0.01 MΩ 至 100 GΩ,中国电气设备管理协会,www.ceema.org.cn,,
四端电阻测量仪,外部供电,-5°C至65°C,0%至90%,有,无,IP54,高精密，适用于科研,自动切换,≤200 A/m,≤10 V/m,<2秒,1 kHz,±(0.5% + 1),0.01 Ω 至 10 MΩ,中国材料科学研究院,www.imr.ac.cn,,
高精度电阻测试仪,交流/直流电源,-20°C至70°C,10%-95%,有,无,IP40,用于实验室与工业使用,自动切换,≤300 A/m,≤50 V/m,<3秒,50 Hz,±(0.2% + 0.5),0.1 Ω 至 15 GΩ,国家科学技术部,www.most.gov.cn,,
工业电阻测试仪,外部电源,-30°C至65°C,0%至95%,有,有,IP67,适用于恶劣环境,手动切换,≤250 A/m,≤20 V/m,<5秒,100 Hz - 10 kHz,±(1.0% + 2),0.01 Ω 至 30 MΩ,中国机电产品流通协会,www.cepa.org.cn,,
