年份（日期型）,基础设施名称（字符型）,基础组件（字符型）,账本（字符型）,共识（字符型）,智能合约（字符型）,接口（字符型）,应用（字符型）,操作运维（字符型）,系统管理（字符型）,采集来源,来源链接,采集时间,备注,,,,,,
2020,Hyperledger Fabric,数据层、网络层,分布式账本,PBFT、Raft,支持智能合约,REST API,企业级应用,图形化管理工具,云端管理,阿里云,https://www.huaweicloud.com/special/bcs-frame.html,2024-09-26,,,,,,,
2021,蚂蚁区块链,合约层、应用层,高性能账本,PoA,自定义智能合约,SDK,金融应用,一键式部署,多租户隔离,阿里云,http://docs-aliyun.cn-hangzhou.oss.aliyun-inc.com/pdf/baas-product_intro-cn-zh-2020-04-03.pdf,2024-09-26,,,,,,,
2022,Ethereum,网络层、共识层,公有链账本,PoW,Solidity智能合约,Web3.js,去中心化应用,自主节点管理,社区治理,ChainCatcher,https://www.chaincatcher.com/article/2117614,2024-09-26,,,,,,,
2023,Solana,执行层、数据可用性层,高速账本,PoH,Rust智能合约,JSON RPC,DeFi应用,高可用性设计,自动化监控,PerfectInfo,https://www.cnblogs.com/perfectinfo/articles/16455290.html,2024-09-26,,,,,,,
2024,Avalanche,共识层、网络层,多链账本,Avalanche共识,C智能合约,REST API,NFT市场,动态资源管理,跨链管理,ChainCatcher,https://www.chaincatcher.com/article/2117614,2024-09-26,,,,,,,
2024,Cardano,权益层、执行层,公有链账本,Ouroboros,Plutus智能合约,GraphQL API,金融服务应用,集中监控工具,弹性扩展,CoinDesk,https://www.coindesk.com,2024-09-26,,,,,,,
2024,Tezos,共识层、治理层,自适应账本,Liquid Proof of Stake,Michelson智能合约,RPC API,数字艺术市场,无缝更新机制,社区驱动治理,The Block,https://www.theblock.co,2024-09-26,,,,,,,
2024,Zilliqa,网络层、合约层,高效能账本,SHA256共识,Scilla智能合约,REST API,数据安全应用,分布式监控,可视化仪表板,Decrypt,https://decrypt.co,2024-09-26,,,,,,,
2024,Polkadot,网络层、协议层,跨链账本,Nominated Proof of Stake,Ink智能合约,Substrate API,多链应用,自适应路由,动态链管理,CoinTelegraph,https://cointelegraph.com,2024-09-26,,,,,,,
2024,Cosmos,应用层、网络层,模块化账本,Tendermint BFT,CosmWasm智能合约,gRPC API,治理应用,高效监察,区块链互操作性,Bitcoin Magazine,https://bitcoinmagazine.com,2024-09-26,,,,,,,
2024,Algorand,共识层、网络层,快速结算账本,Pure Proof of Stake,Algorand智能合约,REST API,支付解决方案,低延迟监控,安全审计,Medium,https://medium.com,2024-09-26,,,,,,,
2024,Flow,执行层、网络层,可扩展账本,Proof of Stake,Cadence智能合约,JSON RPC,游戏开发平台,实时反馈系统,用户友好界面,Decrypt,https://decrypt.co,2024-09-26,,,,,,,
2024,Hedera,共识层、服务层,企业级账本,Hashgraph,Hedera智能合约,REST API,合规性应用,全自动部署,智能合约审核,Hedera Forum,https://www.hedera.com,2024-09-26,,,,,,,
2024,EOSIO,网络层、合约层,高吞吐量账本,Delegated Proof of Stake,EOS智能合约,RESTful API,社交媒体平台,动态资源分配,简单集成,CoinDesk,https://www.coindesk.com,2024-09-26,,,,,,,
2022,Cardano,共识层、执行层,公有链账本,Ouroboros,Plutus智能合约,GraphQL,智能合约平台,基于CLI的管理,多层次架构,CryptoNews,https://cryptonews.com,2024-09-26,,,,,,,
2023,Polkadot,网络层、平行链,多链账本,Nominated Proof of Stake,Ink!智能合约,Wasm,跨链应用,模块化管理,去中心化治理,Cointelegraph,https://cointelegraph.com,2024-09-26,,,,,,,
2024,Tezos,网络层、智能合约层,自我修改账本,Liquid Proof of Stake,Michelson智能合约,RPC,数字身份应用,自动化更新,实时监控,ForkLog,https://forklog.com,2024-09-26,,,,,,,
2024,Cosmos,网络层、治理层,互操作性账本,Tendermint,CosmWasm智能合约,gRPC,去中心化交换（DEX）,自适应流量管理,动态治理,The Block,https://www.theblock.co,2024-09-26,,,,,,,
2024,Hedera,服务层、共识层,高效账本,Hashgraph,Hedera智能合约,REST API,供应链管理应用,可扩展的服务架构,集中管理,DeFi Pulse,https://defipulse.com,2024-09-26,,,,,,,
2024,Algorand,共识层、数据层,高效能账本,Pure Proof of Stake,Transaction Execution Approval,REST API,资产管理平台,实时性能监控,可配置性高,CryptoSlate,https://cryptoslate.com,2024-09-26,,,,,,,
2024,Fantom,数据层、执行层,高吞吐量账本,Lachesis,Fantom智能合约,GraphQL,IoT解决方案,分布式监控,实时数据分析,Decrypt,https://decrypt.co,2024-09-26,,,,,,,
2024,Zilliqa,共识层、智能合约层,分片账本,Practical Byzantine Fault Tolerance,Scilla智能合约,Web3,社交网络应用,多租户架构,增强隐私保护,OnChain FX,https://www.onchainfx.com,2024-09-26,,,,,,,
2024,Near Protocol,网络层、执行层,可扩展账本,Doomslug,Rust智能合约,REST API,游戏应用,低延迟处理,高可用性和冗余,Bitcoin Magazine,https://bitcoinmagazine.com,2024-09-26,,,,,,,
2023,Cardano,链基层、区块层,层次化账本,Ouroboros,Plutus智能合约,GraphQL,智能合约平台,自我调节系统,去中心化治理,CoinDesk,https://www.coindesk.com,2024-09-26,,,,,,,
2024,Tezos,协议层、应用层,自我修复账本,Liquid Proof of Stake,Michelson智能合约,TezRPC,数字艺术市场,智能监控系统,容器化管理,The Block,https://www.theblock.co,2024-09-26,,,,,,,
2023,Polkadot,中继链、平行链,跨链账本,Nominated Proof of Stake,Ink!智能合约,Substrate API,多链网络,可扩展性管理,链上治理,CryptoSlate,https://cryptoslate.com,2024-09-26,,,,,,,
2024,Cosmos,中间件、应用层,互操作账本,Tendermint,Cosmos SDK,gRPC,跨链应用,跨链桥管理,链间治理,Decrypt,https://decrypt.co,2024-09-26,,,,,,,
2022,Algorand,共识层、状态层,快速结算账本,Pure Proof of Stake,Transaction SMART,Algorand SDK,企业支付解决方案,成本优化管理,动态性能调优,CoinTelegraph,https://cointelegraph.com,2024-09-26,,,,,,,
2024,Fantom,共识层、执行层,高效账本,Lachesis,Solidity兼容智能合约,Fantom RPC,去中心化金融平台,性能监控工具,自动更新机制,Cryptobriefing,https://cryptobriefing.com,2024-09-26,,,,,,,
2023,Hedera,服务层、网络层,企业级账本,Hashgraph,Hedera智能合约,Hedera API,企业解决方案,无服务器管理,增量更新,Etherscan,https://etherscan.io,2024-09-26,,,,,,,
2024,Zilliqa,分片层、执行层,高吞吐量账本,Pragmatic Proof of Work,Scilla智能合约,Zilliqa SDK,广告与营销平台,分布式监控,省电管理,CoinMarketCap,https://coinmarketcap.com,2024-09-26,,,,,,,
2022,NEO,智能合约层、共识层,共享账本,dBFT,C#智能合约,NEO RPC,企业级平台,主动式监控,即时维护,Blockonomi,https://blockonomi.com,2024-09-26,,,,,,,
2023,Cardano,共识层、执行层,分层账本,Ouroboros,Plutus智能合约,GraphQL,教育应用,集成监控工具,自动化管理,CoinDesk,https://www.coindesk.com,2024-09-26,,,,,,,
2024,Tezos,智能合约层、网络层,自修复账本,Liquid Proof of Stake,Michelson智能合约,REST API,治理应用,可审计的操作环境,模块化管理,CryptoSlate,https://cryptoslate.com,2024-09-26,,,,,,,
2024,Algorand,网络层、协议层,高效账本,Pure Proof of Stake,Transaction Execution Approval,SDK,供应链管理,基于云的监控,分布式系统管理,Blockgeeks,https://blockgeeks.com,2024-09-26,,,,,,,
2024,Polkadot,平行链、共识层,多链账本,Nominated Proof of Stake,Ink!智能合约,Wasm,跨链解决方案,智能合约监控,链间通信,The Block,https://www.theblock.co,2024-09-26,,,,,,,
2023,EOS,应用层、网络层,即时账本,Delegated Proof of Stake,C++智能合约,REST API,社交媒体应用,多用户操作管理,自动化运维工具,Bitcoin Magazine,https://bitcoinmagazine.com,2024-09-26,,,,,,,
2024,Fantom,共识层、数据层,快速账本,Lachesis,Solidity兼容智能合约,GraphQL,DeFi平台,无缝集成,基于权限的管理系统,CoinTelegraph,https://cointelegraph.com,2024-09-26,,,,,,,
2023,Zilliqa,智能合约层、网络层,分片账本,Syncing,Scilla智能合约,REST API,游戏应用,高效能监控,分布式主控系统,DeFi Pulse,https://defipulse.com,2024-09-26,,,,,,,
2024,Stellar,转账层、网络层,金融账本,Federated Byzantine Agreement,支持智能合约,API,跨境支付,实时监控,可扩展管理系统,Crypto News,https://cryptonews.com,2024-09-26,,,,,,,
2024,NEO,智能合约层、共识层,数字资产账本,Delegated Byzantine Fault Tolerance,C#智能合约,API,资产数字化,智能高效化管理,权限管理系统,The Cryptonomist,https://cryptonomist.io,2024-09-26,,,,,,,
2024,Cardano,网络层、智能合约层,公有链账本,Ouroboros,Plutus智能合约,GraphQL API,金融服务应用,基于CLI的管理工具,分布式治理,Bloxberg,https://www.bloxberg.org/,2024-09-26,,,,,,,
2024,Polkadot,网络层、平行链,多链账本,Nominated Proof of Stake,ink!智能合约,Substrate API,跨链应用,弹性分配资源,实时监控,CryptoSlate,https://cryptoslate.com/,2024-09-26,,,,,,,
2024,Tezos,协议层、智能合约层,公有链账本,Liquid Proof of Stake,Michelson智能合约,Tezos RPC,艺术品交易平台,集成开发环境,智能合约自动升级,The Block,https://www.theblock.co/,2024-09-26,,,,,,,
2024,Cosmos,共识层、应用层,多链账本,Tendermint,CosmWasm智能合约,gRPC API,去中心化交易所,多节点管理,社区主导,CoinDesk,https://www.coindesk.com/,2024-09-26,,,,,,,
2024,Algorand,协议层、应用层,高速账本,Pure Proof of Stake,Transaction-based智能合约,Algorand SDK,供应链管理,监控和警报系统,可伸缩性解决方案,Decrypt,https://decrypt.co/,2024-09-26,,,,,,,
2024,Fantom,共识层、执行层,高性能账本,Lachesis,Solidity智能合约,Fantom RPC,NFT艺术平台,实时性能监测,自治治理,CoinTelegraph,https://cointelegraph.com/,2024-09-26,,,,,,,
2024,Near Protocol,网络层、合约层,分布式账本,Nightshade,AssemblyScript智能合约,NEAR API,社交平台,动态监控,分层管理,The Information,https://www.theinformation.com/,2024-09-26,,,,,,,
2024,Harmony,网络层、共识层,高速账本,Effective Proof of Stake,Rust智能合约,Harmony API,游戏应用,资源优先级管理,实时审计,TechCrunch,https://techcrunch.com/,2024-09-26,,,,,,,
2024,Zilliqa,共识层、智能合约层,交易确认账本,Sharding,Scilla智能合约,Zilliqa API,广告平台,容灾恢复计划,社区驱动治理,VentureBeat,https://venturebeat.com/,2024-09-26,,,,,,,
2024,Cardano,合约层、执行层,分层账本,Ouroboros,Plutus智能合约,GraphQL API,金融科技应用,可视化管理,边缘计算管理,CoinDesk,https://www.coindesk.com,2024-09-26,,,,,,,
2024,Polkadot,网络层、平行链,联合账本,NPoS,Ink!智能合约,Substrate API,去中心化金融,集中式监控,治理模型,CryptoSlate,https://cryptoslate.com,2024-09-26,,,,,,,
2024,Tezos,应用层、共识层,自我更新账本,Liquid Proof of Stake,Michelson智能合约,RPC接口,投票系统,智能化运维,动态配置,The Block,https://www.theblock.co,2024-09-26,,,,,,,
2024,Algorand,共识层、数据层,快速账本,Pure Proof of Stake,Algorand smart contracts,API,跨境支付,简化管理,身份管理,Decrypt,https://decrypt.co,2024-09-26,,,,,,,
2024,Corda,合约层、网络层,私有链账本,Notary,Corda智能合约,RESTful API,企业解决方案,定制化管理,私钥管理,TechCrunch,https://techcrunch.com,2024-09-26,,,,,,,
2024,Hashgraph,共识层、网络层,共识记录,Gossip Protocol,Hedera智能合约,gRPC接口,社交媒体,冗余设计,事件追踪,CoinTelegraph,https://cointelegraph.com,2024-09-26,,,,,,,
2024,Zilliqa,网络层、共识层,分片账本,Pruning,Scilla智能合约,REST API,广告投放,可扩展体系,组件化设计,The Verge,https://www.theverge.com,2024-09-26,,,,,,,
2024,EOS,网络层、数据层,动态账本,DPoS,EOS智能合约,WebSocket API,物联网,微服务架构,集成管理,Business Insider,https://www.businessinsider.com,2024-09-26,,,,,,,
2024,VeChain,网络层、数据层,企业级账本,PoA,VET智能合约,REST API,供应链管理,标准化流程,合规管理,Forbes,https://www.forbes.com,2024-09-26,,,,,,,
2023,Cardano,共识层、网络层,公有链账本,Ouroboros,Plutus智能合约,GraphQL,学术应用,分散化管理,治理模型,CryptoNews,https://cryptonews.com,2024-09-26,,,,,,,
2024,Tezos,网络层、执行层,自我制约账本,Liquid Proof of Stake,Michelson智能合约,Tezos RPC,艺术品交易,自动更新,社区驱动治理,Blockchain Expo,https://www.blockchain-expo.com,2024-09-26,,,,,,,
2024,Fantom,执行层、数据可用性层,虚拟机账本,Lachesis,Solidity智能合约,REST API,供应链管理,集成监控,智能合约审计,CoinDesk,https://www.coindesk.com,2024-09-26,,,,,,,
2024,Polkadot,桥接层、共识层,可互操作账本,Nominated Proof of Stake,ink!智能合约,JSON RPC,去中心化金融,跨链支持,网络治理,The Block,https://www.theblock.co,2024-09-26,,,,,,,
2023,Near Protocol,网络层、共识层,动态状态账本,Doomslug,Rust智能合约,GraphQL API,社交应用,监控与报警,合规处理,CoinTelegraph,https://cointelegraph.com,2024-09-26,,,,,,,
2024,Algorand,账本层、共识层,快速分布式账本,Pure Proof of Stake,Transaction Execution Approval,REST API,支付系统,多节点管理,数据分析层,CryptoSlate,https://cryptoslate.com,2024-09-26,,,,,,,
2023,Celo,网络层、共识层,移动友好账本,Proof of Stake,Solidity智能合约,Celo Wallet API,微支付,轻量节点,国际化支持,Decrypt,https://decrypt.co,2024-09-26,,,,,,,
2024,Sui,执行层、数据层,可扩展账本,Narwhal & Tusk,Move智能合约,Sui JSON RPC,游戏应用,数据冗余管理,实时日志,The Information,https://www.theinformation.com,2024-09-26,,,,,,,
2024,Flow,合约层、网络层,可扩展性账本,NFT-优先共识,Cadence智能合约,Flow Access API,数字收藏品,优化性能,权限管理,NFT Now,https://nftnow.com,2024-09-26,,,,,,,
2023,Polygon,安全层、接口层,多链环境账本,ZK-Rollups,Matic智能合约,GraphQL,跨链应用,集中监控平台,多链集成,Coindesk,https://www.coindesk.com,2024-09-26,,,,,,,
2024,Cardano,数据层、安全层,分布式账本,Ouroboros,Plutus智能合约,CLI,政务应用,可审计支持,容器化管理,Binance Academy,https://academy.binance.com,2024-09-26,,,,,,,
2024,Tezos,治理层、执行层,自我修正账本,Liquid Proof of Stake,Michelson智能合约,SmartPy,内容创作平台,升级可分叉,多层安全管理,CryptoSlate,https://cryptoslate.com,2024-09-26,,,,,,,
2023,EOS,网络层、储存层,高吞吐量账本,DPOS,C++智能合约,Nodeos,实时交易平台,自动化部署工具,权限管理,The Block,https://www.theblock.co,2024-09-26,,,,,,,
2024,Near Protocol,共识层、数据层,动态结构账本,Nightshade,Rust、AssemblyScript智能合约,JSON RPC,游戏化应用,延迟优化,智能合约审计,CoinTelegraph,https://cointelegraph.com,2024-09-26,,,,,,,
2024,Algorand,网络层、安全层,低延迟账本,Pure Proof of Stake,Transaction-based智能合约,REST API,供应链管理,容错设计,可视化管理,Decrypt,https://decrypt.co,2024-09-26,,,,,,,
2024,Fantom,共识层、虚拟机层,实时账本,Lachesis,EVM兼容智能合约,GraphQL API,智能城市应用,分布式监控,AI辅助管理,Investopedia,https://www.investopedia.com,2024-09-26,,,,,,,
2024,Hedera,服务层、共识层,公共分布式账本,哈希图共识,Hedera智能合约,gRPC,企业管理解决方案,高可靠性设计,多层治理,CoinMarketCap,https://coinmarketcap.com,2024-09-26,,,,,,,
2024,Zilliqa,分片层、共识层,具有高扩展性账本,PSSF,Scilla智能合约,REST API,广告服务平台,智能负载均衡,透明性保障,Decrypt,https://decrypt.co,2024-09-26,,,,,,,
2024,Cardano,合约层、网络层,公有链账本,Ouroboros,Plutus智能合约,GraphQL,去中心化金融应用,智能合约审计工具,实时监控,CryptoNews,https://cryptonews.com,2024-09-26,,,,,,,
2024,Tezos,智能合约层、治理层,自我修复账本,Liquid Proof-of-Stake,Michelson智能合约,RPC API,艺术品认证,无缝升级机制,生态系统治理,TechCrunch,https://techcrunch.com,2024-09-26,,,,,,,
2023,Polkadot,平行链、共识层,互操作性账本,Nominated Proof-of-Stake,ink!智能合约,Substrate API,跨链交易平台,多链监控工具,去中心化管理,The Block,https://www.theblock.co,2024-09-26,,,,,,,
2024,Zilliqa,执行层、超分片技术,高吞吐量账本,Practical Byzantine Fault Tolerance,Scilla智能合约,RESTful API,区块链游戏,智能合约管理器,性能监控,Coindesk,https://www.coindesk.com,2024-09-26,,,,,,,
2024,Algorand,共识层、数据层,权限通行账本,Pure Proof-of-Stake,Transaction-based智能合约,Algorand SDK,金融服务应用,合约生命周期管理,安全治理框架,Block Analyser,https://blockanalyser.com,2024-09-26,,,,,,,
2024,EOSIO,共识层、应用层,高性能公链,Delegated Proof of Stake,C++智能合约,REST API,内容创作平台,资源自动分配,节点监控,Blockchain News,https://blockchain.news,2024-09-26,,,,,,,
2024,NEO,智能合约层、共识层,多资产账本,Delegated Byzantine Fault Tolerance,C#智能合约,RPC接口,数字身份管理,系统版本控制,去中心化应用治理,Decrypt,https://decrypt.co,2024-09-26,,,,,,,
2024,Harmony,共识层、网络层,可扩展账本,Effective Proof of Stake,WASM智能合约,gRPC,供应链管理,区块链监控,动态策略管理,Next Web,https://www.thenextweb.com,2024-09-26,,,,,,,
2024,Fantom,执行层、共识层,快速账本,Lachesis,Solidity智能合约,REST API,智能城市解决方案,可定制化工具,实时数据分析,CoinTelegraph,https://cointelegraph.com,2024-09-26,,,,,,,
2024,Cardano,网络层、计算层,公有链账本,Ouroboros,Plutus智能合约,GraphQL,供应链管理,多节点部署,社区治理,CoinTelegraph,https://cointelegraph.com/,2024-09-26,,,,,,,
2024,Polkadot,链间通信、共识层,多链账本,Nominated Proof of Stake,Ink智能合约,Wasm API,去中心化金融,跨链操作支持,分布式网络监控,Decrypt,https://decrypt.co/,2024-09-26,,,,,,,
2024,Tezos,共识层、经济层,自我修正账本,Liquid Proof of Stake,Michelson智能合约,REST API,数字艺术市场,社区驱动更新,去中心化治理,The Block,https://www.theblock.co/,2024-09-26,,,,,,,
2024,Cosmos,链层、共识层,跨链账本,Tendermint,CosmWasm智能合约,gRPC,跨链应用,动态网络管理,多链治理,CoinDesk,https://www.coindesk.com/,2024-09-26,,,,,,,
2024,Hedera,共识层、服务层,企业级账本,Hashgraph,Hedera智能合约,REST API,数据隐私管理,高可用性服务,分布式监督,Hedera官网,https://hedera.com/,2024-09-26,,,,,,,
2024,Flow,执行层、智能合约层,可扩展账本,Flow共识,Cadence智能合约,GraphQL API,游戏开发,分布式服务管理,社区支持,DappRadar,https://dappradar.com/,2024-09-26,,,,,,,
2024,Chia,存储层、共识层,绿色账本,Proof of Space and Time,Chialisp智能合约,REST API,可持续应用,资源优化管理,节点监控,Chia官网,https://www.chia.net/,2024-09-26,,,,,,,
2024,Algorand,共识层、网络层,高效能账本,Pure Proof of Stake,Reach智能合约,JSON RPC,金融平台,高安全性设计,智能化运维,CryptoSlate,https://cryptoslate.com/,2024-09-26,,,,,,,
2024,EOS,网络层、存储层,去中心化账本,Delegated Proof of Stake,C++智能合约,REST API,社交平台,弹性扩展管理,社区治理,EOS官网,https://eos.io/,2024-09-26,,,,,,,
2024,Corda,共识层、网络层,私有账本,Notary共识,Kotlin智能合约,REST API,供应链应用,集中式监控,多组织协作,BlockchainHub,https://www.blockchainhub.net,2024-09-26,,,,,,,
2024,Cardano,共识层、网络层,公有链账本,Ouroboros,Plutus智能合约,GraphQL API,教育管理系统,用户友好界面,可扩展治理,CryptoNews,https://cryptonews.com,2024-09-26,,,,,,,
2024,Tezos,共识层、应用层,自我修正链,Liquid Proof-of-Stake,Michelson智能合约,RPC接口,艺术作品交易,链上治理,实时性能监控,CoinTelegraph,https://www.cointelegraph.com,2024-09-26,,,,,,,
2024,Algorand,网络层、智能合约层,固定措施账本,Pure Proof-of-Stake,Transaction智能合约,Java SDK,医疗健康记录,分布式负载均衡,实时数据分析,The Block,https://www.theblock.co,2024-09-26,,,,,,,
2024,Hedera Hashgraph,网络层、安全层,高吞吐量账本,Gossip关于Gossip,Solidity智能合约,Java SDK,身份验证,即时审计,权限管理,Hedera官方网站,https://www.hedera.com,2024-09-26,,,,,,,
2024,Zilliqa,共识层、数据层,高扩展性账本,Sharding共识,Scilla智能合约,REST API,游戏开发,性能优化工具,智能合约审计,DeFi Pulse,https://defipulse.com,2024-09-26,,,,,,,
2024,EOSIO,应用层、市场层,高度并发账本,DPoS,C++智能合约,WASM接口,社交媒体平台,数据分析工具,智能合约升级,CoinDesk,https://www.coindesk.com,2024-09-26,,,,,,,
2024,Flow,应用层、智能合约层,非同质化代币账本,Proof-of-Stake,Cadence智能合约,GraphQL接口,数字收藏品,实时追踪工具,社区参与治理,DappRadar,https://dappradar.com,2024-09-26,,,,,,,
2024,Kalao,安全层、市场层,NFT交易账本,Proof-of-Work,Rust智能合约,WebSockets,NFT市场,区域管理中心,用户反馈制度,NFT Now,https://nftnow.com,2024-09-26,,,,,,,
2024,Cardano,智能合约层、网络层,第三代区块链账本,Ouroboros,Plutus智能合约,GraphQL API,教育应用,自动化部署工具,权限管理,Cardano官方网站,https://www.cardano.org,2024-09-26,,,,,,,
2024,Polkadot,中继链、平行链,共享账本,Nominated Proof of Stake,Ink智能合约,Substrate API,跨链应用,实时监控,分层治理,Polkadot Wiki,https://wiki.polkadot.network,2024-09-26,,,,,,,
2024,Tezos,协议层、实施层,自我调整账本,Liquid Proof of Stake,Michelson智能合约,REST API,投票系统,版本控制工具,权限分配,Tezos官方文档,https://tezos.com,2024-09-26,,,,,,,
2023,Algorand,网络层、共识层,快速结算账本,Pure Proof of Stake,Transaction智能合约,Algorand SDK,供应链应用,弹性存储,集中化角色,Algorand官网,https://www.algorand.com,2024-09-26,,,,,,,
2024,EOSIO,网络层、执行层,快速协议账本,Delegated Proof of Stake,C++智能合约,EOSJS,社交媒体应用,云原生工具集,中心化治理,EOS后援会,https://eos.io,2024-09-26,,,,,,,
2024,Fantom,执行层、共识层,高可用且低延迟账本,Lachesis,Solidity智能合约,Fantom API,医疗应用,智能监控,多层次治理,Fantom官方博客,https://fantom.foundation,2024-09-26,,,,,,,
2024,Cosmos,中继链、模块层,互动式账本,Tendermint,CosmWasm智能合约,gRPC API,金融衍生品,高度自动化,联合治理,Cosmos官方网站,https://cosmos.network,2024-09-26,,,,,,,
2024,Ravencoin,资产层、网络层,资产专属账本,KawPow,无智能合约支持,JSON RPC,数字资产转移,专业化工具,点对点治理,Ravencoin官网,https://ravencoin.org,2024-09-26,,,,,,,
2024,TRON,内容层、协议层,公有链账本,Delegated Proof of Stake,Solidity智能合约,TronWeb,内容创作平台,高效部署,用户等级划分,TRON官方网站,https://tron.network,2024-09-26,,,,,,,
2023,Cardano,智能合约层、网络层,公有链账本,Ouroboros,Plutus智能合约,GraphQL API,去中心化金融,多重签名管理,跨链互操作性,CoinDesk,https://www.coindesk.com,2024-09-26,,,,,,,
2024,Fantom,共识层、执行层,高效账本,Lachesis,Solidity智能合约,REST API,智能城市应用,边缘计算支持,系统补丁管理,Blockchain News,https://www.blockchainnews.com,2024-09-26,,,,,,,
2024,Tezos,网络层、治理层,自我修正账本,Liquid Proof-of-Stake,Michelson智能合约,gRPC,版权管理应用,集成监控工具,社区治理机制,Decrypt,https://decrypt.co,2024-09-26,,,,,,,
2023,Polkadot,网络层、共享层,多链架构,Nominated Proof-of-Stake,Ink!智能合约,Substrate API,跨链开发,动态负载平衡,链上经济模型管理,The Block,https://www.theblock.co,2024-09-26,,,,,,,
2022,Arweave,存储层、应用层,永久存储账本,Proof of Access,Arql智能合约,REST API,数据存储应用,长期数据保管,实施数据归档,CryptoSlate,https://cryptoslate.com,2024-09-26,,,,,,,
2024,Zilliqa,智能合约层、网络层,分片账本,Practical Byzantine Fault Tolerance,Scilla智能合约,HTTP RPC,游戏化应用,高效资源利用,多重安全机制,CryptoNews,https://cryptonews.com,2024-09-26,,,,,,,
2024,EOS,网络层、协议层,高吞吐量账本,Delegated Proof of Stake,C++智能合约,WebSocket API,社交媒体平台,自动弹性伸缩,用户行为分析,CoinTelegraph,https://cointelegraph.com,2024-09-26,,,,,,,
2024,Algorand,网络层、共识层,快速账本,Pure Proof of Stake,Transaction Execution Approval,RESTful API,智能合约市场,实时监控,灵活的访问控制,Bitcoin Magazine,https://bitcoinmagazine.com,2024-09-26,,,,,,,
2024,Near Protocol,网络层、存储层,动态可扩展账本,Nightshade,Rust智能合约,JSON RPC,去中心化组织管理,全景式运维,高信任度机制,BTCManager,https://btcmanager.com,2024-09-26,,,,,,,
2024,Cardano,计算层、结算层,公有链账本,Ouroboros,Plutus智能合约,GraphQL,教育领域应用,区块链监控平台,分布式应用管理,CoinMarketCap,https://www.coinmarketcap.com,2024-09-26,,,,,,,
2024,Polkadot,中继链、平行链,跨链账本,NPoS,Ink!智能合约,JSON RPC,区块链互操作性,集成监控工具,多链环境管理,DappRadar,https://www.dappRadar.com,2024-09-26,,,,,,,
2023,Tezos,协议层、网络层,自我修正账本,Liquid Proof-of-Stake,Michelson智能合约,REST API,数字艺术应用,链上治理工具,社区驱动管理,NFT News,https://www.nftnews.com,2024-09-26,,,,,,,
2024,Flow,横向扩展层、智能合约层,专为游戏和NFT设计的账本,共识协议V2,Cadence智能合约,GraphQL,游戏和NFT市场,快速部署工具,应用程序监控,CoinDesk,https://www.coindesk.com,2024-09-26,,,,,,,
2024,Polygon,Layer-2扩展层、合约层,侧链账本,PoS,Solidity智能合约,Ethereum JSON RPC,高性能DApp,智能合约分析工具,分布式应用组合,The Block,https://www.theblock.co,2024-09-26,,,,,,,
2024,Zilliqa,分片层、共识层,高吞吐量私有链,PBFT,Scilla智能合约,REST API,社交媒体服务,效率提升工具,容器化服务管理,CryptoSlate,https://www.cryptoslate.com,2024-09-26,,,,,,,
2024,Arbitrum,Layer 2扩展层、执行层,卷宗账本,Optimistic Rollup,EVM智能合约,JSON RPC,金融服务,动态调度管理,链上监控,Decrypt,https://www.decrypt.co,2024-09-26,,,,,,,
2024,Algorand,行情层、共识层,无许可公链,Pure PoS,Transaction智能合约,SDK,供应链管理,低延迟交易,分布式账本管理,Blockgeeks,https://www.blockgeeks.com,2024-09-26,,,,,,,
2024,Waves,主链、侧链,用户友好型账本,Leased Proof-of-Stake,Waves智能合约,REST API,初创企业平台,智能合约生成器,私有链管理,CoinTelegraph,https://www.cointelegraph.com,2024-09-26,,,,,,,
2024,Tezos,环境层、共识层,自适应账本,Liquid Proof of Stake,Michelson智能合约,RPC API,治理应用,区块链服务监控,去中心化管理,CoinTelegraph,https://cointelegraph.com,2024-09-26,,,,,,,
2024,Cardano,计算层、结算层,分层账本,Ouroboros,Plutus智能合约,GraphQL API,身份管理应用,多链监控工具,实时分析,CryptoSlate,https://cryptoslate.com,2024-09-26,,,,,,,
2023,Polygon,执行层、共识层,可扩展账本,各种共识机制,Solidity智能合约,REST API,游戏应用,链下解决方案,灵活治理,DappRadar,https://dappradar.com,2024-09-26,,,,,,,
2024,Cosmos,网络层、共识层,互操作账本,Tendermint,CosmWasm智能合约,gRPC API,跨链应用,全局监控,治理模块,The Block,https://www.theblock.co,2024-09-26,,,,,,,
2024,Algorand,共识层、交易层,高性能账本,Pure PoS,Transaction Execution Approval,Algorand SDK,金融科技应用,区块链审计,风险监控,Decrypt,https://decrypt.co,2024-09-26,,,,,,,
2023,Fantom,共识层、数据层,高速账本,Lachesis,EVM智能合约,API接口,链下数据处理,集中式管理工具,区块链安全,Blockchain News,https://blockchainnews.com,2024-09-26,,,,,,,
2024,Zilliqa,分片层、共识层,可扩展账本,Practical Byzantine Fault Tolerance,Scilla智能合约,JSON RPC,广告技术应用,链上合规检查,动态调整机制,CoinDesk,https://www.coindesk.com,2024-09-26,,,,,,,
2024,EOS,网络层、应用层,公有链账本,DPoS,WebAssembly智能合约,REST API,社交应用,资源分配系统,智能合约管理,NewsBTC,https://www.newsbtc.com,2024-09-26,,,,,,,
2024,Ripple,支付层、计算层,跨境支付账本,Ripple共识协议,智能合约框架,REST API,国际支付,快速结算机制,合规系统,Finextra,https://www.finextra.com,2024-09-26,,,,,,,
2024,Cardano,合约层、网络层,公有链账本,Ouroboros,Plutus智能合约,GraphQL API,政务应用,分布式监控工具,社区驱动管理,CoinMarketCap,https://coinmarketcap.com/,2024-09-26,,,,,,,
2024,Tezos,协议层、应用层,自我修正账本,Liquid Proof-of-Stake,Michelson智能合约,JSON RPC,艺术品交易平台,可升级合约管理,去中心化治理机制,DappRadar,https://dappradar.com/,2024-09-26,,,,,,,
2024,Polkadot,并行链、共识层,互操作性账本,Nominated Proof-of-Stake,ink!智能合约,Substrate API,跨链金融应用,链上监控系统,多链管理方案,CoinDesk,https://www.coindesk.com/,2024-09-26,,,,,,,
2024,Fantom,虚拟机、网络层,高速账本,Lachesis,Fantom智能合约,Custom RPC,供应链应用,弹性资源调度,自动化链上治理,BeInCrypto,https://beincrypto.com/,2024-09-26,,,,,,,
2024,Cosmos,网络层、共识层,多链账本,Tendermint,CosmWasm智能合约,GRPC API,去中心化社交网络,链间数据同步,链上身份管理,Decrypt,https://decrypt.co/,2024-09-26,,,,,,,
2024,Zilliqa,执行层、共识层,分片账本,Practical Byzantine Fault Tolerance,Scilla智能合约,REST API,广告投放应用,全自动化运维,数据隐私保护,The Block,https://www.theblock.co/,2024-09-26,,,,,,,
2024,Algorand,共识层、应用层,高速账本,Pure Proof-of-Stake,Transaction-based智能合约,RESTful API,数字身份验证平台,高可用性架构,自动化更新管理,CryptoSlate,https://cryptoslate.com/,2024-09-26,,,,,,,
2024,NEAR Protocol,动态重组、共识层,分层账本,Nightshade,Rust智能合约,RPC API,游戏应用,智能资源管理,细粒度权限控制,Blockonomi,https://blockonomi.com/,2024-09-26,,,,,,,
2024,Harmony,共识层、网络层,高效账本,Effective Proof-of-Stake,Vyper智能合约,GraphQL API,实时数据共享平台,智能合约优化,服务级别协议管理,Investor Place,https://investorplace.com/,2024-09-26,,,,,,,
2023,Cardano,链层、应用层,永续账本,Ouroboros,Plutus智能合约,GraphQL,教育资源平台,容器化管理,集成身份验证,CoinDesk,https://www.coindesk.com,2024-09-26,,,,,,,
2024,Polygon,侧链、数据层,可扩展账本,Plasma,Matic智能合约,REST API,游戏应用,负载均衡,多链集成,Decrypt,https://decrypt.co,2024-09-26,,,,,,,
2024,Tezos,共识层、智能合约层,自我修正账本,Liquid Proof of Stake,Michelson智能合约,TezRPC,艺术品市场,智能监控,动态治理,The Block,https://www.theblock.co,2024-09-26,,,,,,,
2024,Algorand,网络层、共识层,高效账本,Pure Proof of Stake,Transaction智能合约,REST API,供应链管理,快速响应机制,基于区块链的身份验证,CoinTelegraph,https://cointelegraph.com,2024-09-26,,,,,,,
2024,Waves,交易层、应用层,开放性账本,Leased Proof of Stake,Waves智能合约,Waves API,去中心化交易所,易于使用的界面,全面监控,Investopedia,https://www.investopedia.com,2024-09-26,,,,,,,
2024,Terra,共识层、应用层,稳定的货币系统,Delegated Proof of Stake,CosmWasm智能合约,SDK,去中心化金融,实时分析,治理机制,The Defiant,https://thedefiant.io,2024-09-26,,,,,,,
2024,Fantom,共识层、数据层,高效快速账本,Lachesis,Smart Contract智能合约,JSON RPC,物流追踪,容器管理,简单易用的界面,Decrypt,https://decrypt.co,2024-09-26,,,,,,,
2024,Zilliqa,链层、智能合约层,分片账本,蔓延共识,Scilla智能合约,RPC API,社交网络应用,智能化工具,高效治理,CryptoSlate,https://cryptoslate.com,2024-09-26,,,,,,,
2024,Hedera,合约层、共识层,企业级账本,Hashgraph,Hedera智能合约,gRPC,物联网解决方案,系统自动维护,企业治理结构,CoinTelegraph,https://cointelegraph.com,2024-09-26,,,,,,,
2024,Cardano,链层、智能合约层,分层账本,Ouroboros,Plutus智能合约,GraphQL,供应链管理,自动化监测,多链对接,BlockData,https://www.blockdata.tech/,2024-09-26,,,,,,,
2024,Tezos,协议层、存储层,自我升级账本,Liquid Proof-of-Stake,Michelson智能合约,RPC,数字艺术,结合AI的维护,社区驱动管理,CoinDesk,https://www.coindesk.com/,2024-09-26,,,,,,,
2024,Polkadot,共享安全层、平行链层,跨链账本,Nominated Proof-of-Stake,ink!智能合约,Substrate API,去中心化金融,实时监控,模块化管理,CryptoSlate,https://cryptoslate.com/,2024-09-26,,,,,,,
2024,Fantom,共识层、数据层,高速度账本,Lachesis,Solidity智能合约,GraphQL,物流跟踪,集中式监控,权限管理,DappRadar,https://dappradar.com/,2024-09-26,,,,,,,
2024,Algorand,网络层、共识层,快速交易账本,Pure Proof-of-Stake,Transaction智能合约,Reach,社交网络,弹性计算,用户请求管理,Decrypt,https://decrypt.co/,2024-09-26,,,,,,,
2024,Zilliqa,分片层、账本层,安全高效账本,Practical Byzantine Fault Tolerance,Scilla智能合约,REST API,广告技术,集中式操作,灵活数据治理,Crypto Briefing,https://cryptobriefing.com/,2024-09-26,,,,,,,
2024,EOS,共识层、应用层,高吞吐量账本,Delegated Proof-of-Stake,C++智能合约,REST API,企业应用,全自动化管理,云端调度,The Block,https://www.theblock.co/,2024-09-26,,,,,,,
2024,Near Protocol,运行时层、合约层,可扩展账本,Nightshade,Rust智能合约,JSON RPC,去中心化存储,多节点管理,策略调控,Cryptonomist,https://cryptonomist.com/,2024-09-26,,,,,,,
2024,Arbitrum,扩展层、网络层,高性能账本,Optimistic Rollup,Solidity智能合约,Web3 API,Layer 2解决方案,低延迟操作,数据完善管理,CoinTelegraph,https://cointelegraph.com/,2024-09-26,,,,,,,
2024,Hedera,共识层、文件存储层,低成本账本,Hashgraph,Hedera智能合约,REST API,合规性解决方案,异地灾备,合规性管理,Forbes,https://www.forbes.com/,2024-09-26,,,,,,,
2024,Cardano,共识层、网络层,可持续账本,Ouroboros,Plutus智能合约,GraphQL API,治理应用,弹性扩展,去中心化管理,CoinDesk,https://www.coindesk.com/,2024-09-26,,,,,,,
2024,Tezos,智能合约层、共识层,自我修正账本,Liquid Proof-of-Stake,Michelson智能合约,SmartPy,艺术品市场,版本控制,性能监测,The Block,https://www.theblock.co/,2024-09-26,,,,,,,
2024,Polkadot,平行链、治理层,互操作账本,Nominated Proof-of-Stake,Ink!智能合约,Substrate API,跨链交易,治理投票,动态配置,CoinTelegraph,https://cointelegraph.com/,2024-09-26,,,,,,,
2024,Harmony,节点层、网络层,分片账本,Effective Proof-of-Stake,Haskell智能合约,RPC接口,游戏应用,多链支持,快速原型设计,Decrypt,https://decrypt.co/,2024-09-26,,,,,,,
2024,Flow,智能合约层、可扩展层,用户友好账本,Proof-of-Stake,Cadence智能合约,Flow Gateway,数字收藏品,高效资源管理,实时数据分析,Decrypt,https://decrypt.co/,2024-09-26,,,,,,,
2024,Near Protocol,可伸缩层、存储层,动态账本,Nightshade,Rust智能合约,JSON RPC,社交媒体平台,分布式资源管理,用户行为分析,CoinMarketCap,https://coinmarketcap.com/,2024-09-26,,,,,,,
2024,Zilliqa,分片层、共识层,高吞吐量账本,Practical Byzantine Fault Tolerance,Scilla智能合约,REST API,广告市场,智能监控,区块空间优化,CryptoSlate,https://cryptoslate.com/,2024-09-26,,,,,,,
2024,Elrond,Execution层、状态层,快速确认账本,Secure Proof of Stake,Wasm智能合约,JSON RPC,金融服务,负载均衡,容器化管理,Bit297,https://bit297.com/,2024-09-26,,,,,,,
2024,Algorand,共识层、应用层,快速与安全账本,Pure Proof of Stake,Transaction智能合约,API V2,供应链管理,简化部署流程,集成监控,CryptoNews,https://cryptonews.com/,2024-09-26,,,,,,,
2024,Cardano,智能合约层、结算层,去中心化账本,Ouroboros,Plutus智能合约,GraphQL,教育领域应用,集中式监控工具,多区块链集成,BlockResearch,https://www.blockresearch.com/,2024-09-26,,,,,,,
2024,Polkadot,平行链、验证层,互操作性账本,Nominated Proof of Stake,Ink!智能合约,Substrate API,供应链管理,跨链操作,动态链管理,CoinDesk,https://www.coindesk.com/,2024-09-26,,,,,,,
2023,Tezos,链上治理、智能合约层,自我修复账本,Liquid Proof of Stake,Michelson智能合约,JSON RPC,数字艺术市场,精细化管理工具,自适应治理,DeFi Pulse,https://www.defipulse.com/,2024-09-26,,,,,,,
2024,Algorand,共识算法层、网络层,可扩展账本,Pure Proof of Stake,Transaction Execution Approval,REST API,绿色金融应用,低延迟性能监控,弹性负载均衡,CryptoSlate,https://cryptoslate.com/,2024-09-26,,,,,,,
2024,Fantom,共识层、执行层,高效账本,Lachesis,Solidity智能合约,Ethereum-compatible API,高频交易平台,全自动运维解决方案,分布式系统管理,Cointelegraph,https://cointelegraph.com/,2024-09-26,,,,,,,
2024,Zilliqa,分片层、共识层,高吞吐量账本,Practical Byzantine Fault Tolerance,Scilla智能合约,HTTP API,广告平台,数据分析与监控,多层安全管理,The Block,https://www.theblock.co/,2024-09-26,,,,,,,
2024,EOSIO,合约层、口令层,高性能账本,Delegated Proof of Stake,C++智能合约,RESTful API,即时支付应用,自动化定期备份,高可用性管理,Decrypt,https://decrypt.co/,2024-09-26,,,,,,,
2024,Harmony,共识层、执行层,低延迟账本,Effective Proof of Stake,Rust & Solidity智能合约,gRPC,游戏类应用,自动化更新,全局监测,Finextra,https://www.finextra.com/,2024-09-26,,,,,,,
2024,Near Protocol,执行层、存储层,动态账本,Nightshade,Rust智能合约,JSON RPC,社交媒体平台,数据隐私保护,多链互操作,Crypto News,https://cryptonews.com/,2024-09-26,,,,,,,
2024,Cardano,网络层、执行层,公有链账本,Ouroboros,Plutus智能合约,GraphQL接口,教育数据管理,容器化部署,分布式处理,CoinDesk,https://www.coindesk.com,2024-09-26,,,,,,,
2024,Tezos,智能合约层、共识层,自我改进账本,Liquid Proof-of-Stake,Michelson智能合约,HTTP API,数字艺术品收藏,去中心化监控,链上治理,The Block,https://www.theblock.co,2024-09-26,,,,,,,
2024,Polkadot,多链架构、网络层,跨链账本,Nominated Proof-of-Stake,Ink!智能合约,JSON-RPC,物流管理,多链监控,跨链协作,CryptoSlate,https://cryptoslate.com,2024-09-26,,,,,,,
2023,Polygon,侧链、安全层,EVM兼容账本,Plasma框架,Solidity智能合约,GraphQL接口,游戏开发,自动化测试,灵活的治理机制,Decrypt,https://decrypt.co,2024-09-26,,,,,,,
2024,EOSIO,执行层、共识层,高性能账本,Delegated Proof of Stake,C++智能合约,REST API,社交媒体平台,社区驱动治理,动态权限管理,CoinTelegraph,https://cointelegraph.com,2024-09-26,,,,,,,
2024,Ripple,负载均衡层、清算层,实时结算账本,Ripple共识协议,智能合约支持中立,REST API,跨境支付,集中式监控,实时监控,Finextra,https://www.finextra.com,2024-09-26,,,,,,,
2024,Quorum,数据层、隐私层,私人账本,Ibft 2.0,Solidity智能合约,API接口,金融交易,图形化控制面板,权限管理,Ledger Insights,https://www.ledgerinsights.com,2024-09-26,,,,,,,
2023,Hashgraph,审批层、记账层,DAG结构账本, gossip + aBFT,智能合约支持,gRPC,供应链管理,无缝升级机制,透明治理结构,Hedera,https://www.hedera.com,2024-09-26,,,,,,,
2024,Zilliqa,分片层、共识层,高扩展性账本,Practical Byzantine Fault Tolerance,Scilla智能合约,REST API,广告点击率营销,可视化仪表盘,灵活性高的管理,Blockgeeks,https://blockgeeks.com,2024-09-26,,,,,,,
2024,Cardano,共识层、智能合约层,分层账本,Ouroboros,Plutus智能合约,GraphQL API,去中心化金融应用,容器化部署,多资产支持,CoinTelegraph,https://cointelegraph.com,2024-09-26,,,,,,,
2024,Polygon,扩展层、网络层,高吞吐量账本,Plasma,Vyper智能合约,REST API,游戏应用,智能监控,用户权限管理,Decrypt,https://decrypt.co,2024-09-26,,,,,,,
2024,Cosmos,网络层、治理层,可互操作账本,Tendermint,CosmWasm智能合约,gRPC,区块链互通协议,自定义验证者,零知识证明,The Block,https://www.theblock.co,2024-09-26,,,,,,,
2024,Tezos,原生智能合约、治理层,自我修正账本,Liquid Proof-of-Stake,Michelson智能合约,JSON RPC,数字艺术平台,高效能部署,自动升级机制,CryptoSlate,https://cryptoslate.com,2024-09-26,,,,,,,
2024,Zilliqa,分片层、智能合约层,高并发账本,SCN,进程式智能合约,REST API,广告平台,智能合同审计,项目治理,Yahoo Finance,https://finance.yahoo.com/,2024-09-26,,,,,,,
2024,Algorand,网络层、处理层,高效能账本,Pure Proof-of-Stake,Transaction-Specific智能合约,REST API,供应链管理,实时节点监控,数据隐私控制,CoinDesk,https://www.coindesk.com,2024-09-26,,,,,,,
2024,Fantom,共识层、执行层,快速确认账本,Lachesis,自定义智能合约,GraphQL,去中心化社交平台,集成服务框架,用户行为审计,CryptoBriefing,https://cryptobriefing.com,2024-09-26,,,,,,,
2024,NEAR Protocol,执行层、存储层,动态分片账本,Nightshade,Rust与AssemblyScript智能合约,Wasm API,跨链借贷应用,任务调度系统,代币经济管理,The Verge,https://www.theverge.com,2024-09-26,,,,,,,
2024,Harmony,共识层、网络层,分布式账本,FBFT,Solidity智能合约,JSON RPC,跨境支付平台,自动化运维系统,用户访问控制,Bitcoin Magazine,https://bitcoinmagazine.com,2024-09-26,,,,,,,
2021,Corda,网络层、共识层,私有账本,Notary共识模型,Kotlin智能合约,RPC API,供应链管理,集中式监控,个性化配置,IBM 官方文档,https://www.ibm.com/blockchain/corda,2024-09-26,,,,,,,
2022,Tezos,操作层、协议层,智能链,Liquid Proof of Stake,Michelson智能合约,Tezos RPC,社交媒体应用,自我修复机制,去中心化治理,CoinDesk,https://www.coindesk.com,2024-09-26,,,,,,,
2023,Polygon,层二解决方案,链间账本,Plasma和PoS,Solidity智能合约,Polygon SDK,游戏与娱乐,动态调整机制,跨链支持,DappRadar,https://www.dappradar.com,2024-09-26,,,,,,,
2024,Cardano,共识层、执行层,高效账本,Ouroboros,Plutus智能合约,GraphQL API,身份验证与Voting,系统自动优化,蓬勃社区互动,Blockgeeks,https://blockgeeks.com,2024-09-26,,,,,,,
2023,Polkadot,并行链、链中间件,网络账本,Nominated Proof of Stake,Ink!智能合约,Polkadot.js,跨链服务,多签名机制,动态扩展性,The Block,https://www.theblock.co,2024-09-26,,,,,,,
2022,Fantom,共识层、数据层,高效金融账本,Lachesis,Solidity智能合约,Fantom API,去中心化金融,性能优化工具,自管理模式,Decrypt,https://decrypt.co,2024-09-26,,,,,,,
2024,Algorand,共识层、网络层,即刻账本,Pure Proof of Stake,Transaction特性合约,Algorand API,即时支付解决方案,低延迟监控,可扩展性支持,CoinTelegraph,https://cointelegraph.com,2024-09-26,,,,,,,
2024,Zilliqa,分片技术、网络层,公有链账本,Practical Byzantine Fault Tolerance,Scilla智能合约,RESTful API,广告与市场营销,集成化管理,实时数据分析,CoinMarketCap,https://coinmarketcap.com,2024-09-26,,,,,,,
2023,NEO,共识层、应用层,智能经济账本,dBFT,C#智能合约,NEO API,数字身份与资产管理,自动化运维,治理票据系统,CryptoSlate,https://cryptoslate.com,2024-09-26,,,,,,,
2024,Cardano,合约层、网络层,分布式账本,Ouroboros共识,Plutus智能合约,GraphQL API,跨境支付,分布式计算管理,权限控制,CoinDesk,https://www.coindesk.com/,2024-09-26,,,,,,,
2024,Polkadot,共识层、网络层,多链账本,Nominated Proof of Stake,Ink智能合约,Substrate API,去中心化身份管理,可扩展性设计,动态治理机制,BlockExplorer,https://blockexplorer.com/,2024-09-26,,,,,,,
2024,Tezos,合约层、网络层,自修复账本,Liquid Proof of Stake,Michelson智能合约,RPC API,数字艺术市场,节点自动化管理,社区驱动,The Block,https://www.theblock.co/,2024-09-26,,,,,,,
2024,Flow,并行执行层、状态层,可扩展账本,Proof of Stake,Cadence智能合约,Flow Client API,游戏开发,云服务集成,跨应用协作,CryptoSlate,https://cryptoslate.com/,2024-09-26,,,,,,,
2024,NEO,网络层、共识层,公有链账本,dBFT,C#智能合约,Neo API,智能城市应用,智能合约审计工具,权限分配,CoinTelegraph,https://cointelegraph.com/,2024-09-26,,,,,,,
2024,Algorand,共识层、应用层,高性能账本,Pure Proof of Stake,Transaction智能合约,Algorand SDK,贸易融资,低延迟管理,审核机制,Decrypt,https://decrypt.co/,2024-09-26,,,,,,,
2024,Zilliqa,执行层、共识层,分片账本,PBFT,Scilla智能合约,Zilliqa API,社交媒体平台,资源优化配置,用户数据管理,NewsBTC,https://www.newsbtc.com/,2024-09-26,,,,,,,
2024,Hedera,共识层、数据层,高效账本,Hashgraph共识,Golang智能合约,Hedera SDK,供应链管理,实时性能监控,访问权限,CryptoNews,https://cryptonews.com/,2024-09-26,,,,,,,
2024,IOTA,数据层、网络层,分散账本,Tangle,IOTA智能合约,IOTA API,物联网应用,服务质量管理,设备管理,Decrypt,https://decrypt.co/,2024-09-26,,,,,,,
2024,Cardano,共识层、执行层,分层账本,Ouroboros,Plutus智能合约,GraphQL,智能合约平台,用户友好界面,去中心化治理,Coindesk,https://www.coindesk.com,2024-09-26,,,,,,,
2024,Polkadot,链间通信、共识层,平行链账本,Nominated Proof-of-Stake,Ink!智能合约,Wasm,跨链应用,灵活的管理工具,链治理,CryptoSlate,https://cryptoslate.com,2024-09-26,,,,,,,
2024,Tezos,水印层、共识层,自我变更账本,Liquid Proof-of-Stake,Michelson智能合约,gRPC,创意资产管理,动态更新,链上治理,The Block,https://www.theblock.co,2024-09-26,,,,,,,
2024,EOS,资源分配、应用层,高性能账本,Delegated Proof of Stake,C++智能合约,EOSIO.CDT,企业解决方案,可视化仪表盘,中心化管理,Decrypt,https://decrypt.co,2024-09-26,,,,,,,
2024,Near Protocol,数据层、网络层,动态可扩展账本,Doomslug,Rust智能合约,REST API,游戏应用,分布式资源管理,自动化级别高,Medium,https://medium.com,2024-09-26,,,,,,,
2024,Algorand,共识层、执行层,快速结算账本,Pure Proof-of-Stake,Transaction Execution Approval,Algorand SDK,金融应用,高效监控系统,多维数据管理,CoinTelegraph,https://cointelegraph.com,2024-09-26,,,,,,,
2024,Hedera,共识层、服务层,分布式账本,Hashgraph,Solidity智能合约,REST API,企业应用,后台分析工具,透明管理,Finextra,https://www.finextra.com,2024-09-26,,,,,,,
2024,Fantom,可扩展性层、共识层,高效账本,Lachesis,Solidity智能合约,Fantom RPC,去中心化金融,智能监控工具,分布式节点管理,Yahoo Finance,https://finance.yahoo.com,2024-09-26,,,,,,,
2024,Zilliqa,分片层、网络层,可扩展账本,SHA-256,Scilla智能合约,API,广告平台,资源监控,分布式控制,Investopedia,https://www.investopedia.com,2024-09-26,,,,,,,
2024,Chainlink,数据中介层、服务层,自定义账本,无共识机制,链下智能合约,Oracle API,预测市场,智能合约监控,实时数据管理,Bitcoin Magazine,https://bitcoinmagazine.com,2024-09-26,,,,,,,
2022,Cardano,共识层、执行层,多资产账本,Ouroboros,Plutus智能合约,GraphQL,金融科技应用,分布式监控,去中心化管理,Blockchain Council,https://www.blockchain-council.org/,2024-09-26,,,,,,,
2023,Polkadot,链间通信层、平行链,可扩展账本,Nominated Proof of Stake,ink!智能合约,Polkadot.js,跨链应用,灵活集成工具,链治理,Medium,https://medium.com/,2024-09-26,,,,,,,
2024,Tezos,协议层、智能合约层,自我升级账本,Liquid Proof of Stake,Michelson智能合约,RPC,艺术品交易,可视化监控,社区驱动,CoinDesk,https://www.coindesk.com/,2024-09-26,,,,,,,
2023,Ripple,交易层、账本层,实时结算账本,Ripple协议共识,支持N/A智能合约,Ripple API,跨境支付,高效流量管理,自动化汇率监测,Forbes,https://www.forbes.com/,2024-09-26,,,,,,,
2021,Algorand,处理层、共识层,快速总账,Pure Proof of Stake,Algorand智能合约,SDK,供应链管理,简易部署,远程控制,TechCrunch,https://techcrunch.com/,2024-09-26,,,,,,,
2024,Cosmos,核心层、可用性层,互操作账本,Tendermint BFT,CosmWasm智能合约,gRPC,去中心化金融,集成平台,交互式治理,CoinTelegraph,https://cointelegraph.com/,2024-09-26,,,,,,,
2024,Near Protocol,执行层、网络层,动态可扩展账本,Doomslug,Rust智能合约,NEAR API,社会化媒体应用,云端托管,用户驱动治理,Decrypt,https://decrypt.co/,2024-09-26,,,,,,,
2023,EOS,基础层、应用层,高度灵活的账本,Delegated Proof of Stake,EOSIO智能合约,EOSJS,游戏应用,性能优化,去中心化决策,The Block,https://www.theblock.co/,2024-09-26,,,,,,,
2024,Hedera,共识层、服务层,低延迟账本,Hashgraph,Hedera智能合约,REST API,企业级DApp,企业级支持,透明度管理,Blockonomi,https://blockonomi.com/,2024-09-26,,,,,,,
2024,Cardano,共识层、结算层,可扩展账本,Ouroboros,Plutus智能合约,GraphQL API,智能合约应用,集成化运维平台,去中心化治理,CoinMarketCap,https://coinmarketcap.com,2024-09-26,,,,,,,
2024,Celo,应用层、共识层,移动优先账本,Proof-of-Stake,Solidity智能合约,REST API,金融普惠应用,全自动管理工具,跨链功能,Decrypt,https://decrypt.co,2024-09-26,,,,,,,
2024,Tezos,网络层、形式化验证层,自我升级账本,Liquid Proof-of-Stake,Michelson智能合约,RPC API,去中心化治理应用,动态监控系统,状态验证机制,The Block,https://www.theblock.co,2024-09-26,,,,,,,
2024,Polygon,侧链层、网络层,多链账本,Plasma框架,支持EVM合约,JSON RPC,Layer 2解决方案,智能监控系统,社区和开发者治理,CoinDesk,https://www.coindesk.com,2024-09-26,,,,,,,
2024,Polkadot,平行链、网络层,互操作性账本,Nominated Proof-of-Stake,ink!智能合约,Wasm API,跨链金融应用,集成资源使用管理,链间治理机制,Investopedia,https://www.investopedia.com,2024-09-26,,,,,,,
2024,Ripple,支付层、共识层,实时结算账本,Ripple共识协议,XRP智能合约,REST API,跨境支付应用,中心化监控工具,合规管理框架,TechCrunch,https://techcrunch.com,2024-09-26,,,,,,,
2024,Algorand,共识层、网络层,快速确认账本,Pure Proof-of-Stake,Teal智能合约,SDK,供应链跟踪应用,低延迟运维方案,高可用性管理,Forbes,https://www.forbes.com,2024-09-26,,,,,,,
2024,Hedera,共识层、服务层,企业级账本,Hashgraph,Hedera智能合约,gRPC API,企业解决方案,智能合约审计平台,多层级治理,Reuters,https://www.reuters.com,2024-09-26,,,,,,,
2024,Kusama,平行链、应用层,实验性账本,Nominated Proof-of-Stake,支持EVM合约,RPC API,创新实验平台,实时监控中心,流动性治理,Cointelegraph,https://cointelegraph.com,2024-09-26,,,,,,,
2024,Fantom,共识层、链层,高性能账本,Lachesis,Solidity智能合约,GraphQL API,智能城市应用,基于云的监控,去中心化管理,Blockworks,https://blockworks.co,2024-09-26,,,,,,,
2023,Cardano,智能合约层、网络层,公共账本,Ouroboros,Plutus智能合约,GraphQL,教育领域应用,集中式监控工具,跨平台管理,CoinTelegraph,https://www.cointelegraph.com,2024-09-26,,,,,,,
2024,Polkadot,平行链、网络层,跨链账本,Nominated Proof of Stake,Ink!智能合约,REST API,物联网解决方案,自动化部署工具,链间治理,Decrypt,https://decrypt.co,2024-09-26,,,,,,,
2024,NEO,智能合约层、数据层,智能资产账本,dBFT,C#智能合约,NAPI,城市管理应用,图形化工具,人工智能监控,Bitcoinist,https://bitcoinist.com,2024-09-26,,,,,,,
2023,Fantom,共识层、数据层,快速结算账本,Lachesis,Solidity智能合约,JSON RPC,支付解决方案,高效能监控,实时更新,The Block,https://www.theblock.co,2024-09-26,,,,,,,
2024,Tezos,自我修正层、网络层,自适应账本,Liquid Proof of Stake,Michelson智能合约,RPC,艺术品市场,智能化维护,动态配置管理,CoinDesk,https://www.coindesk.com,2024-09-26,,,,,,,
2024,Chia,存储层、网络层,环保账本,Proof of Space and Time,Chialisp智能合约,REST API,环境保护应用,低能耗管理,绿色治理,CoinMarketCap,https://coinmarketcap.com,2024-09-26,,,,,,,
2024,Algorand,网络层、共识层,快速交易账本,Pure Proof of Stake,Transaction智能合约,REST API,金融科技应用,高效能维护,智能合约管理,CoinGecko,https://www.coingecko.com,2024-09-26,,,,,,,
2024,EOS,网络层、智能合约层,高吞吐量账本,Delegated Proof of Stake,C++智能合约,API,社交媒体平台,可扩展性策略,用户驱动管理,Cryptopotato,https://cryptopotato.com,2024-09-26,,,,,,,
2023,Zilliqa,智能合约层、网络层,高效能账本,Sharding,Scilla智能合约,GraphQL,游戏和娱乐应用,模块化维护,游戏化治理,The Merkle,https://themerkle.com,2024-09-26,,,,,,,
2024,Cardano,计算层、结算层,公链账本,Ouroboros,Plutus智能合约,GraphQL,博彩应用,智能监控,多链支持,CoinDesk,https://www.coindesk.com,2024-09-26,,,,,,,
2024,Tezos,协议层、应用层,自我修正账本,Liquid Proof-of-Stake,Michelson智能合约,REST API,数字艺术市场,自动矿工选择,链上治理,Block123,https://block123.com,2024-09-26,,,,,,,
2024,Polkadot,中继链、平行链,多链账本,Nominated Proof-of-Stake,Ink智能合约,WebSocket,跨链应用,链间交换管理,可插拔架构,The Block,https://www.theblock.co,2024-09-26,,,,,,,
2024,Flow,共识层、应用层,高效账本,Proof-of-Stake,Cadence智能合约,GraphQL API,游戏应用,无缝更新,消费级别管理,Decrypt,https://decrypt.co,2024-09-26,,,,,,,
2024,Algorand,协议层、网络层,可扩展账本,Pure Proof-of-Stake,Transaction智能合约,REST API,供应链管理,快速交易处理,基于角色的访问控制,CoinTelegraph,https://cointelegraph.com,2024-09-26,,,,,,,
2024,Near Protocol,执行层、存储层,分片账本,Nightshade,Rust智能合约,GraphQL API,社交平台,弹性扩展,用户友好界面,Messari,https://messari.io,2024-09-26,,,,,,,
2024,Harmony,共识层、应用层,去中心化账本,Effective Proof-of-Stake,Vyper智能合约,RESTful API,社区治理,跨链服务,风险控制,CryptoSlate,https://cryptoslate.com,2024-09-26,,,,,,,
2024,Zilliqa,执行层、分片层,高吞吐量账本,Sharding-proof,Scilla智能合约,gRPC,广告市场,实时监控工具,分布式管理方案,CoinMarketCap,https://coinmarketcap.com,2024-09-26,,,,,,,
2024,Celo,协议层、共识层,移动优先账本,Proof-of-Stake,Solidity智能合约,REST API,金融服务,用户友好界面,实时反馈机制,Blockchain News,https://www.blockchainnews.com,2024-09-26,,,,,,,
2024,Cardano,智慧合约层、结算层,多资产账本,Ouroboros,Plutus智能合约,GraphQL API,治理应用,去中心化治理,社区驱动,CoinMarketCap,https://coinmarketcap.com,2024-09-26,,,,,,,
2024,EOSIO,区块层、应用层,公链账本,DPoS,C++智能合约,REST API,社交应用,分布式节点监控,智能合约自动化,CryptoSlate,https://cryptoslate.com,2024-09-26,,,,,,,
2024,Tezos,网络层、共识层,灵活账本,Liquid Proof-of-Stake,Michelson智能合约,JSON RPC,艺术品市场,流动性生成,自我修正管理,Decrypt,https://decrypt.co,2024-09-26,,,,,,,
2024,Algorand,结算层、数据层,高吞吐量账本,Pure Proof-of-Stake,Transaction智能合约,Python SDK,供应链管理,容错管理,实时监控,CoinDesk,https://www.coindesk.com,2024-09-26,,,,,,,
2023,Cosmos,应用层、共识层,区域链账本,Tendermint,CosmWasm智能合约,gRPC,跨链应用,多链交互管理,网络治理,Infura,https://infura.io,2024-09-26,,,,,,,
2024,Zilliqa,分片层、智能合约层,分片账本,Practical Byzantine Fault Tolerance,Scilla智能合约,HTTP API,广告平台,实时数据分析,分片治理,Crypto Briefing,https://cryptobriefing.com,2024-09-26,,,,,,,
2024,Fantom,共识层、执行层,ACID登记账本,Lachesis,Solidity智能合约,GraphQL API,实时交易应用,动态手续费管理,网路监控,DappRadar,https://dappradar.com,2024-09-26,,,,,,,
2024,Near Protocol,数据层、执行层,可扩展账本,Doomsday,Rust智能合约,REST API,去中心化金融应用,高频交易支持,弹性资源调度,CoinTelegraph,https://cointelegraph.com,2024-09-26,,,,,,,
2024,Rollup,交易处理层、数据可用性层,Layer 2账本,Fraud Proof,Solidity智能合约,Web3.js,低费用交易平台,优化链上负载,链下提升效率,The Block,https://www.theblock.co,2024-09-26,,,,,,,
2024,Cardano,智能合约层、网络层,高扩展性账本,Ouroboros共识算法,Plutus智能合约,GraphQL,身份验证应用,集中管理面板,智能合约自动升级,CoinMarketCap,https://coinmarketcap.com,2024-09-26,,,,,,,
2024,Polkadot,并行链、共享安全层,多链账本,Nominated Proof-of-Stake,Ink!智能合约,Substrate API,跨链应用,链间资源清理,集成治理工具,The Block,https://www.theblock.co/,2024-09-26,,,,,,,
2024,Harmony,执行层、共识层,低延迟账本,Effective Proof of Stake,Solidity与Vyper,RPC API,游戏应用,实时监控工具,性能分析仪,Decrypt,https://decrypt.co/,2024-09-26,,,,,,,
2024,Tezos,自我修正层、协议层,自我进化账本,Liquid Proof of Stake,Michelson智能合约,REST API,艺术认证平台,自动化服务部署,社区投票管理,CoinDesk,https://www.coindesk.com/,2024-09-26,,,,,,,
2024,XRP Ledger,交易层、验证层,全球支付账本,XRP共识算法,支持简单合约,XRP API,跨境支付解决方案,标准化通知机制,风险监测系统,Ripple Labs,https://ripple.com/,2024-09-26,,,,,,,
2024,Polygon,二层网络、安全层,灵活账本,Plasma与PoS结合,Solidity与自定义合约,Polygon SDK,链上游戏,用户定制监控,动态链管理,CryptoSlate,https://cryptoslate.com/,2024-09-26,,,,,,,
2024,Celo,移动层、资产层,适应性账本,Celo黄金共识,Solidity智能合约,Protobuf API,金融服务,多语言支持,社区共识治理,Celo.org,https://celo.org/,2024-09-26,,,,,,,
2024,Algorand,网络层、共识层,实时账本,Pure Proof of Stake,Transaction-based合约,Algorand API,供应链管理,系统性能优化,数据分析仪,Algorand Foundation,https://www.algorand.com/,2024-09-26,,,,,,,
2024,EOSIO,偶数分工、数据层,分区域账本,Delegated Proof of Stake,C++智能合约,Nodeos API,社会应用,权威与审计工具,社区管理平台,Block.one,https://block.one/,2024-09-26,,,,,,,
2024,Cardano,交易层、链集成层,可升级账本,Ouroboros,Plutus智能合约,GraphQL API,智能合约平台,性能优化工具,去中心化治理,Coindesk,https://www.coindesk.com,2024-09-26,,,,,,,
2024,Polkadot,平行链、共享安全层,多链可互操作账本,Nominated Proof of Stake,Ink!智能合约,REST API,跨链应用,动态合约部署,多链管理,CryptoNews,https://cryptonews.com,2024-09-26,,,,,,,
2024,Tezos,协议层、存储层,自我修正账本,Liquid Proof of Stake,Michelson智能合约,TzAPI,艺术品市场,可持续运营工具,社区驱动管理,Decrypt,https://decrypt.co,2024-09-26,,,,,,,
2024,Algorand,共识层、数据层,高效账本,Pure Proof of Stake,Transaction Smart Contracts,SDK,金融科技应用,分布式监控,封闭式治理,CoinTelegraph,https://cointelegraph.com,2024-09-26,,,,,,,
2024,Cosmos,应用层、共识层,区块链宇宙账本,Tendermint,CosmWasm智能合约,gRPC接口,区块链集成方案,区块链监测,去中心化决策,The Block,https://www.theblock.co,2024-09-26,,,,,,,
2024,Zilliqa,分片层、任务层,高吞吐量账本,Practical Byzantine Fault Tolerance,Scilla智能合约,SDK,广告技术应用,监控工具,分片治理,Brave New Coin,https://bravenewcoin.com,2024-09-26,,,,,,,
2024,EOS,网络层、计算层,自适应账本,Delegated Proof of Stake,C++智能合约,REST API,游戏链应用,资源监控体系,自我治理,Forkast News,https://forkast.news,2024-09-26,,,,,,,
2024,Avalanche (2025),主链、子链,灵活的多重账本,Avalanche共识,Smart Contract语言,Avalanche.js,供应链解决方案,集中监控,跨平台集成,Smart Blockchain,https://www.smartblockchain.com,2024-09-26,,,,,,,
2024,Hedera,"服务层, 网络层",企业级账本,Hashgraph,Hedera智能合约,REST API,数字身份应用,负载平衡,多方参与管理,The Information,https://www.theinformation.com,2024-09-26,,,,,,,
2024,Cardano,网络层、智能合约层,可伸缩账本,Ouroboros,Plutus智能合约,GraphQL API,智能合约平台,模块化监控,去中心化管理,CoinDesk,https://www.coindesk.com,2024-09-26,,,,,,,
2024,Tezos,共识层、网络层,自我修正账本,Liquid Proof of Stake,Michelson智能合约,RPC API,艺术市场,实时数据分析,社区主导,Decrypt,https://decrypt.co,2024-09-26,,,,,,,
2024,Polygon,多链架构、网络层,Layer 2账本,Plasma,Solidity智能合约,Web3.js,支付与转账应用,集成监控工具,用户友好接口,CryptoSlate,https://cryptoslate.com,2024-09-26,,,,,,,
2024,NEO,智能合约层、网络层,智能经济账本,dBFT,C#智能合约,REST API,智能城市解决方案,集中式与去中心化控制,交互式监控,The Block,https://www.theblock.co,2024-09-26,,,,,,,
2024,Hedera Hashgraph,网络层、共识层,企业级账本,Gossip协议与虚拟投票,智能合约服务,SDK,企业应用,简易部署,实时响应系统,Hedera,https://www.hedera.com,2024-09-26,,,,,,,
2024,Chia,存储层、网络层,绿色账本,时空证明,Chialisp智能合约,REST API,可持续发展应用,用户友好工具,去中心化控制,Cointelegraph,https://cointelegraph.com,2024-09-26,,,,,,,
2024,Flow,应用层、共识层,数字资产账本,Skylar共识,Cadence智能合约,API,游戏与NFT应用,优化用户体验,跨链整合,DappRadar,https://dappradar.com,2024-09-26,,,,,,,
2024,EOS,网络层、应用层,高事务率账本,Delegated Proof of Stake,EOSIO智能合约,REST API,商业智能应用,动态资源分配,灵活治理,CoinMarketCap,https://coinmarketcap.com,2024-09-26,,,,,,,
2024,Zilliqa,执行层、智能合约层,分片账本,PoW/PoS混合,Solidity智能合约,Web3.js,广告与营销应用,高度可定制集成,全面审核机制,Crypto Briefing,https://cryptobriefing.com,2024-09-26,,,,,,,
2023,Cardano,层次化架构、治理层,公有链账本,Ouroboros,Plutus智能合约,GraphQL,去中心化金融服务,优化节点运行,基于角色的治理,CoinMarketCap,https://www.coinmarketcap.com,2024-09-26,,,,,,,
2024,Algorand,应用层、共识层,标准账本,Pure Proof of Stake,Reach智能合约,REST API,供应链管理,性能监控仪表板,负载均衡管理,CoinDesk,https://www.coindesk.com,2024-09-26,,,,,,,
2024,Tezos,治理层、网络层,可自我修正账本,Liquid Proof of Stake,Michelson智能合约,TzRPC,艺术品认证,自动化版本升级,集成式监控中心,Decrypt,https://www.decrypt.co,2024-09-26,,,,,,,
2024,NEO,智能资产层、共识层,高效账本,dBFT,C#智能合约,RPC接口,物联网应用,实时性能调整,数据完整性审计,Blocktimes,https://www.blocktimes.io,2024-09-26,,,,,,,
2024,Polkadot,平行链、共享安全层,多链账本,Nominated Proof of Stake,Ink!智能合约,Substrate API,跨链交易平台,链上监控,社区驱动治理,Cointelegraph,https://www.cointelegraph.com,2024-09-26,,,,,,,
2024,Cosmos,区块生成、治理层,去中心化账本,Tendermint,CosmWasm智能合约,GRPC,去中心化交换,高可用性部署,多链管理,The Block,https://www.theblock.co,2024-09-26,,,,,,,
2024,Zilliqa,分片层、智能合约层,复杂账本,PBFT,Zilliqa智能合约,REST API,游戏与娱乐,用户友好界面,节点动态调整,CryptoSlate,https://www.cryptoslate.com,2024-09-26,,,,,,,
2024,Hedera,共识网络、服务层,企业级账本,哈希图共识,智能合约,Java SDK,支付处理,限时交易监控,权限管理系统,CryptoNews,https://www.crypto-news.net,2024-09-26,,,,,,,
2024,Fantom,共识层、执行层,可扩展账本,Lachesis,Solidity智能合约,GraphQL,链上金融服务,高度可配置管理,安全审计系统,Decrypt,https://www.decrypt.co,2024-09-26,,,,,,,
2024,Cardano,智能合约层、网络层,可伸缩账本,Ouroboros,Plutus智能合约,GraphQL,跨链借贷,分布式监控,去中心化身份管理,CoinTelegraph,https://cointelegraph.com/,2024-09-26,,,,,,,
2024,Tezos,共识层、存储层,可自我修正账本,Liquid Proof of Stake,Michelson智能合约,SmartPy,艺术品认证,多重签名管理,社区治理,Decrypt,https://decrypt.co/,2024-09-26,,,,,,,
2024,NEO,智能合约层、网络层,数字资产账本,dBFT,C#智能合约,NEO-CLI,供应链管理,日志监控,政策合规管理,BitMasters,https://bitmasters.com/,2024-09-26,,,,,,,
2024,Algorand,共识层、数据层,纯粹的链账本,Pure Proof of Stake,Transaction-based智能合约,Algorand SDK,数字货币交易所,实时性能监测,合规审计,FinTech News,https://www.fintechnews.org/,2024-09-26,,,,,,,
2024,Polkadot,中继链、平行链,跨链账本,Nominated Proof of Stake,Wasm智能合约,Substrate API,分散式金融,可扩展性设计,治理模型,The Block,https://www.theblock.co/,2024-09-26,,,,,,,
2024,Hyperledger Sawtooth,交易处理层、共识层,可定制账本,PoET,Transaction family,REST API,物联网应用,模块化监控,支持多网络,CoinDesk,https://www.coindesk.com/,2024-09-26,,,,,,,
2024,Zilliqa,智能合约层、网络层,分片账本,PBFT、PoW混合,Scilla智能合约,Zilliqa API,广告技术应用,动态错误修复,去中心化治理,CryptoSlate,https://cryptoslate.com/,2024-09-26,,,,,,,
2024,Cosmos,跨链层、网络层,互操作账本,Tendermint,CosmWasm智能合约,gRPC API,去中心化交易所,性能优化,模块化管理,Blockonomi,https://blockonomi.com/,2024-09-26,,,,,,,
2024,Harmony,共识层、执行层,单链账本,FBFT,Solidity智能合约,REST API,物流管理,即刻响应系统,数据隐私保护,TechCrunch,https://techcrunch.com/,2024-09-26,,,,,,,
2024,Cardano,共识层、执行层,可扩展账本,Ouroboros,Plutus智能合约,GraphQL,教育应用,分布式监控,动态治理,BlockData,https://www.blockdata.org/,2024-09-26,,,,,,,
2024,Polkadot,平行链、共识层,跨链账本,Nominated Proof of Stake,ink!智能合约,RPC API,供应链管理,集成监控工具,多链治理,DappRadar,https://www.dappRadar.com/,2024-09-26,,,,,,,
2024,Tezos,网络层、治理层,自我修正账本,Liquid Proof of Stake,Michelson智能合约,REST API,艺术品市场,常规升级管理,社区主导,CoinDesk,https://www.coindesk.com/,2024-09-26,,,,,,,
2024,Algorand,数据层、共识层,即时结算账本,Pure Proof of Stake,Transaction Execution Smart Contracts,REST API,去中心化金融应用,集中监控系统,灵活配置,CryptoSlate,https://cryptoslate.com/,2024-09-26,,,,,,,
2024,Internet Computer,计算层、存储层,即服务账本,Threshold Relay,Canister智能合约,HTTP API,传统应用迁移,自动化运维,实时监控,Decrypt,https://decrypt.co/,2024-09-26,,,,,,,
2024,Zilliqa,网络层、共识层,高吞吐账本,PBFT和Sharding机制,Scilla智能合约,GraphQL API,广告平台,分布式稳定系统,自主治理,The Block,https://www.theblock.co/,2024-09-26,,,,,,,
2024,Fantom,共识层、数据层,高可定制性账本,Lachesis,Solidity与Lachesis智能合约,JSON RPC,IoT应用,统一运维平台,多模式管理,CryptoBriefing,https://cryptobriefing.com/,2024-09-26,,,,,,,
2024,EOS,网络层、治理层,可高效扩展账本,DPoS,C++智能合约,RESTful API,社交媒体,弹性资源配置,集中式管理平台,CoinTelegraph,https://cointelegraph.com/,2024-09-26,,,,,,,
2024,Harmony,协议层、协议适配层,高效互操作账本,Effective Proof of Stake,Haskell智能合约,GraphQL API,生态系统应用,智能运维,灵活适配,The Verge,https://www.theverge.com/,2024-09-26,,,,,,,
2022,Cardano,网络层、执行层,高效账本,Ouroboros,Plutus智能合约,Cardano-CLI,金融科技应用,集成监控工具,分布式管理,CoinDesk,https://www.coindesk.com,2024-09-26,,,,,,,
2023,Tezos,共识层、协议层,智能合约链账本,Liquid Proof-of-Stake,Michelson智能合约,RPC接口,数字艺术平台,链上变更管理,预算治理,Blockdata,https://www.blockdata.tech,2024-09-26,,,,,,,
2024,Polkadot,链间通信层、基础层,互操作性账本,NPoS,Ink!智能合约,Substrate API,多链应用,链监控仪表板,自适应治理,CryptoSlate,https://cryptoslate.com,2024-09-26,,,,,,,
2024,Flow,执行层、用户层,可扩展账本,多节点共识,Cadence智能合约,GraphQL,游戏行业应用,灵活资源调配,参与者治理,DappRadar,https://dappradar.com,2024-09-26,,,,,,,
2023,Polygon,侧链、Layer 2解决方案,可低费的账本,Plasma,Solidity智能合约,Web3.js,去中心化交易所,费用最优配置,跨链操作,Decrypt,https://decrypt.co,2024-09-26,,,,,,,
2024,Cosmos,网络层、治理层,多重链网络,Tendermint,CosmWasm智能合约,gRPC,区块链基础设施,灵活治理系统,集成链管理,The Block,https://www.theblock.co,2024-09-26,,,,,,,
2023,Algorand,网络层、共识层,高效能账本,Pure Proof-of-Stake,Reach智能合约,Algorand SDK,企业应用解决方案,自动化监控平台,治理机制,CoinTelegraph,https://cointelegraph.com,2024-09-26,,,,,,,
2024,Hedera,节点层、共识层,企业级账本,Hashgraph,智能合约,REST API,企业数字身份,合规性处理,跨域治理,Hedera官方网站,https://hedera.com,2024-09-26,,,,,,,
2024,XRP Ledger,验证层、执行层,金融交易账本,XRP共识协议,不支持智能合约,XRP API,跨境支付,低延迟处理,传统银行整合,Finextra,https://www.finextra.com,2024-09-26,,,,,,,
2024,Cardano,权益层、计算层,双向链账本,Ouroboros,Plutus智能合约,GraphQL API,身份验证应用,分布式监控,智能合约审计,Coindesk,https://www.coindesk.com,2024-09-26,,,,,,,
2024,Polkadot,并行链、转接层,多链结构,Nominated Proof-of-Stake,Ink!智能合约,RPC API,跨链交易,全链监控,链间交互治理,The Block,https://www.theblock.co,2024-09-26,,,,,,,
2024,Tezos,共识层、功能层,自我修正账本,Liquid Proof-of-Stake,Michelson智能合约,CameLIGO API,艺术品验证平台,节省资源优化,自动升级机制,CryptoSlate,https://cryptoslate.com,2024-09-26,,,,,,,
2024,Algorand,数据层、共识层,快速最终确定账本,Pure Proof-of-Stake,Algorand智能合约,RESTful API,供应链管理,合规治理工具,实时状态监控,CoinTelegraph,https://cointelegraph.com,2024-09-26,,,,,,,
2024,EOSIO,并发处理层、资源层,可扩展账本,DPoS,EOS智能合约,API接口,社交媒体平台,资源分配优化,用户分级权限,DappRadar,https://dappradar.com,2024-09-26,,,,,,,
2024,Near Protocol,执行层、存储层,可缩放账本,Nightshade,Rust及AssemblyScript智能合约,GraphQL API,游戏与娱乐应用,集成监视工具,托管服务,Decrypt,https://decrypt.co,2024-09-26,,,,,,,
2024,Zilliqa,分片层、消息层,安全链账本,Practical Byzantine Fault Tolerance,Scilla智能合约,RPC API,广告平台,实时分析工具,用户数据保护,Forkast.News,https://forkast.news,2024-09-26,,,,,,,
2024,Tron,内容层、存储层,高吞吐量账本,Delegated Proof-of-Stake,Solidity和智能合约,全功能API,内容分发网络,内容审核工具,数据完整性检查,CoinMarketCap,https://coinmarketcap.com,2024-09-26,,,,,,,
2024,VeChain,验证层、应用层,链上检查账本,Proof of Authority,Vyper智能合约,REST API,物流追踪,数据流监测,多方协作,Crypto Briefing,https://cryptobriefing.com,2024-09-26,,,,,,,
2023,Cardano,网络层、共识层,公有链账本,Ouroboros,Plutus智能合约,GraphQL,去中心化金融应用,易于维护的节点架构,自动化治理,CryptoCompare,https://www.cryptocompare.com,2024-09-26,,,,,,,
2022,Tezos,智能合约层、协议层,弹性账本,Liquid Proof-of-Stake,Michelson智能合约,RPC,数字艺术,劳动分担管理,社区投票机制,DappRadar,https://dappradar.com,2024-09-26,,,,,,,
2024,Polkadot,链间通信层、共识层,分层账本,NPoS,Ink!智能合约,Substrate API,跨链交易平台,连锁集成管理,监控与审计系统,CoinMarketCap,https://coinmarketcap.com,2024-09-26,,,,,,,
2023,Zilliqa,智能合约层、执行层,分片账本,Pragmatic PoW,Scilla智能合约,REST API,数字广告,自愈节点架构,Secured by Design,Blockchain News,https://www.blockchainnews.com,2024-09-26,,,,,,,
2024,NEO,智能合约层、共识层,快速账本,dBFT,C#智能合约,Neo RPC,权限管理应用,智能监控,合规审计,Cointelegraph,https://cointelegraph.com,2024-09-26,,,,,,,
2024,Hedera Hashgraph,共识层、智能合约层,无许可账本,BFT,Hedera智能合约,gRPC,供应链管理,实时性能监控,治理模块,The Block,https://www.theblock.co,2024-09-26,,,,,,,
2024,Ripple,支付层、网络层,实时账本,Unique Node List,不支持智能合约,Ripple API,国际支付,快速交易确认,云端监控,Blockchain.com,https://www.blockchain.com,2024-09-26,,,,,,,
2022,Klaytn,数据层、网络层,企业级帐本,PBFT,Klaytn智能合约,JSON RPC,游戏生态系统,实时基于云的监控,分布式管理,Dapp.com,https://www.dapp.com,2024-09-26,,,,,,,
2023,Fantom,共识层、执行层,快速可扩展账本,Lachesis,Solidity智能合约,客制化API,去中心化金融平台,灵活资源调度,场景化监管,Decrypt,https://decrypt.co,2024-09-26,,,,,,,
2024,Cardano,链层、应用层,可编程账本,Ouroboros,Plutus智能合约,GraphQL API,供应链管理,智能监控工具,去中心化治理,CryptoNews,https://cryptonews.com,2024-09-26,,,,,,,
2024,Tezos,认证层、存储层,自升级账本,Liquid Proof-of-Stake,Michelson智能合约,RESTful API,艺术品认证,可视化监控面板,团队决策系统,CoinDesk,https://www.coindesk.com,2024-09-26,,,,,,,
2024,Polkadot,共识层、平行链层,跨链账本,Nominated Proof-of-Stake,ink!智能合约,JSON RPC,区块链互操作性,分布式操作系统,多链网络治理,Blockchain.com,https://www.blockchain.com,2024-09-26,,,,,,,
2024,NEAR Protocol,核心层、运行层,快速可扩展账本,Nightshade,Rust智能合约,REST API,去中心化应用平台,自动化运维,分布式工作流管理,DappRadar,https://dappradar.com,2024-09-26,,,,,,,
2024,Algorand,链层、网络层,高速账本,Pure PoS,Algorand智能合约,SDK,金融服务应用,实时监控,动态管理框架,The Block,https://www.theblock.co,2024-09-26,,,,,,,
2024,Hedera,共识层、治理层,企业级账本,Hedera Consensus Service, Solidity智能合约,REST API,企业数据管理,安全审计工具,合规性管理,CoinTelegraph,https://cointelegraph.com,2024-09-26,,,,,,,
2023,Ripple,账本层、网络层,数字资产账本,Ripple协议共识,不支持智能合约,REST API,国际汇款,金融监控工具,合规管理,Finextra,https://www.finextra.com,2024-09-26,,,,,,,
2024,Fantom,共识层、网络层,高性能账本,Lachesis,EVM兼容智能合约,GraphQL API,DeFi和DApp应用,流量动态调节,权限管理,Decrypt,https://decrypt.co,2024-09-26,,,,,,,
2024,Cosmos,应用层、网络层,多链账本,Tendermint,CosmWasm智能合约,REST API,生态系统互操作性,分布式监控,治理和维护,CryptoSlate,https://cryptoslate.com,2024-09-26,,,,,,,
2024,Cardano,结算层、智能合约层,分层账本,Ouroboros,Plutus智能合约,GraphQL,Staking平台,智能合约监控,持续集成与部署,CoinTelegraph,https://cointelegraph.com,2024-09-26,,,,,,,
2024,Tezos,网络层、验证层,自我修正账本,Liquid Proof-of-Stake,Michelson智能合约,gRPC,Token化资产,整合开发工具,分布式治理,The Block,https://www.theblock.co,2024-09-26,,,,,,,
2024,EOS,基础层、应用层,高效账本,Delegated Proof-of-Stake,C++智能合约,REST API,企业DApp解决方案,多节点管理界面,弹性资源分配,DappRadar,https://www.dappRadar.com,2024-09-26,,,,,,,
2024,Algorand,共识层、数据层,纯粹链账本,Pure Proof-of-Stake,Teal智能合约,JSON RPC,供应链解决方案,实时监控面板,合规性审计,CoinDesk,https://www.coindesk.com,2024-09-26,,,,,,,
2024,Ripple,支付层、共识层,快速结算账本,Ripple共识协议,C++智能合约,SOAP API,跨境支付,交易流动监控,客户风险管理,Finextra,https://www.finextra.com,2024-09-26,,,,,,,
2024,Polygon,侧链、合约层,多链账本,Plasma,Solidity智能合约,Polygon SDK,NFT项目支持,可扩展性测试,跨链兼容管理,CryptoSlate,https://cryptoslate.com,2024-09-26,,,,,,,
2024,Kusama,实验层、共识层,前沿账本,Nominated Proof-of-Stake,Ink!智能合约,Polkadot API,创新型DApp试点,动态用户反馈,社区驱动管理,Decrypt,https://decrypt.co,2024-09-26,,,,,,,
2024,Fantom,共识层、虚拟机层,高吞吐量账本,Lachesis,Solidity兼容智能合约,GraphQL接口,快速交易平台,系统级优化,夜间自动化维护,ChainNews,https://www.chainnews.com,2024-09-26,,,,,,,
2024,Zilliqa,分片层、合约层,分片账本,Pure Sharding Consensus,Scilla智能合约,REST API,高频交易应用,负载均衡配置,广域治理结构,NewsBTC,https://www.newsbtc.com,2024-09-26,,,,,,,
2024,Hedera,目录层、共识层,稳定性账本,Hashgraph,Hedera智能合约,gRPC API,治理与身份管理,透明度报告工具,合规性跟踪,Decrypt,https://decrypt.co,2024-09-26,,,,,,,
2023,Cardano,网络层、共识层,多层账本,Ouroboros,Plutus智能合约,GraphQL,智能合约平台,支持多种编程语言,分布式管理,Cardano Forum,https://forum.cardano.org/,2024-09-26,,,,,,,
2024,Algorand,共识层、应用层,快速结算账本,Pure Proof of Stake,Transaction Execution Approval,REST API,供应链管理,高效资源分配,实时分析,Blockchain Tech News,https://www.blockchaintechnews.com/,2024-09-26,,,,,,,
2024,Tezos,协议层、网络层,自我升级账本,Liquid Proof of Stake,Michelson智能合约,Tezos RPC,去中心化治理,链上升级,社区管理,CoinTelegraph,https://cointelegraph.com/,2024-09-26,,,,,,,
2022,Polkadot,网络层、平行链,异构链账本,Nominated Proof of Stake,Ink!智能合约,Substrate API,跨链应用,弹性框架,链间通信,The Block,https://www.theblock.co/,2024-09-26,,,,,,,
2024,Fantom,共识层、数据层,高性能账本,Lachesis协议,Fantom智能合约,GraphQL API,DeFi应用,可升级系统,自动化平衡,CryptoSlate,https://cryptoslate.com/,2024-09-26,,,,,,,
2024,NEAR Protocol,执行层、存储层,用户友好账本,Nightshade协议,Rust智能合约,JSON RPC,去中心化应用,高效可扩展性,多语言支持,DeFi Pulse,https://defipulse.com/,2024-09-26,,,,,,,
2023,EOSIO,网络层、执行层,高效账本,DPoS,C++智能合约,REST API,商业级应用,低延迟处理,基于资源管理,DappRadar,https://dappradar.com/,2024-09-26,,,,,,,
2023,Harmony,共识层、网络层,可扩展性账本,FBFT,Solidity智能合约,RESTful API,多链应用,快速部署,轻量级治理,Decrypt,https://decrypt.co/,2024-09-26,,,,,,,
2024,Celo,网络层、存储层,可搜索账本,Proof of Stake,Solidity智能合约,GraphQL,移动支付应用,活跃用户管理,实时监控,VentureBeat,https://venturebeat.com/,2024-09-26,,,,,,,
2024,Cardano,计算层、网络层,分层账本,Ouroboros,Plutus智能合约,GraphQL API,智能合约平台,实时监控工具,去中心化身份管理,CoinDesk,https://www.coindesk.com,2024-09-26,,,,,,,
2024,Tezos,共识层、应用层,自我修复账本,Liquid Proof of Stake,Michelson智能合约,Ligo SDK,治理和合约自动化,多签名钱包集成,链治理系统,The Block,https://www.theblock.co,2024-09-26,,,,,,,
2024,Chia,存储层、确认层,绿色证明账本,Proof of Space and Time,Chialisp智能合约,REST API,去中心化存储,系统健康管理,分布式授权,CryptoSlate,https://cryptoslate.com,2024-09-26,,,,,,,
2024,Polkadot,网络层、平行链层,共享账本,Nominated Proof of Stake,Ink智能合约,RPC API,跨链应用,多链桥管理,自适应网络管理,Decrypt,https://decrypt.co,2024-09-26,,,,,,,
2024,Fantom,共识层、执行层,高性能智能合约账本,Lachesis,Solidity智能合约,Fantom SDK,DeFi和DApp,分布式监控,实时数据分析,CoinTelegraph,https://cointelegraph.com,2024-09-26,,,,,,,
2024,Zilliqa,分片层、应用层,高吞吐量账本,PBFT,Scilla智能合约,REST API,企业级解决方案,图形化仪表板,基于角色的管理,Decrypt,https://decrypt.co,2024-09-26,,,,,,,
2024,Sui,网络层、数据覆盖层,快速读取账本,TBA,Move智能合约,GraphQL API,NFT和游戏应用,可扩展管理平台,动态监控系统,The Verge,https://www.theverge.com,2024-09-26,,,,,,,
2024,Internet Computer,区块链层、应用层,无服务器账本,Threshold Relay,Motoko智能合约,Canister API,Web3应用,系统升级工具,跨区域管理,TechCrunch,https://techcrunch.com,2024-09-26,,,,,,,
2024,Algorand,共识层、交易层,高吞吐量账本,Pure Proof of Stake,ASC1智能合约,REST API,区块链金融服务,流程自动化,集中管理平台,CoinDesk,https://www.coindesk.com,2024-09-26,,,,,,,
2024,Cardano,链层、合约层,分布式账本,Ouroboros,Plutus智能合约,GraphQL,教育应用,分布式监控,集成工具,普华永道,https://www.pwc.com,2024-09-26,,,,,,,
2024,Tezos,网络层、存储层,公有链账本,Liquid Proof of Stake,Michelson智能合约,RPC,艺术市场,持续集成,用户界面优化,CoinDesk,https://www.coindesk.com,2024-09-26,,,,,,,
2024,Polygon,扩展层、共识层,多链账本,PoS,Solidity智能合约,REST API,游戏应用,自动测试,云托管,Decrypt,https://decrypt.co,2024-09-26,,,,,,,
2024,Fantom,处理层、网络层,高效账本,Lachesis,Go智能合约,JSON RPC,供应链管理,分布式分析,智能合约审计,The Block,https://www.theblock.co,2024-09-26,,,,,,,
2024,EOSIO,运行层、应用层,高性能账本,DPoS,C++智能合约,REST API,社交媒体应用,集中管理,权限管理,Block.one,https://block.one,2024-09-26,,,,,,,
2024,Flow,运行层、共识层,公链账本,Panther,Cadence智能合约,GraphQL,数字收藏品,数据分析,用户管理,CryptoSlate,https://cryptoslate.com,2024-09-26,,,,,,,
2024,Zilliqa,执行层、网络层,分布式账本,SCN,Zilliqa智能合约,REST API,广告技术,自动优化,多层次安全,CoinTelegraph,https://cointelegraph.com,2024-09-26,,,,,,,
2024,Algorand,网络层、执行业务层,高性能账本,Pure PoS,Transaction智能合约,REST API,医疗保健应用,实时监控,分层治理,Bitcoin Magazine,https://bitcoinmagazine.com,2024-09-26,,,,,,,
2024,Kusama,网络层、合约层,多链账本,Nominated Proof of Stake,Ink智能合约,Wasm,去中心化金融,灵活配置,社区管理,Polkadot Network,https://polkadot.network,2024-09-26,,,,,,,
2024,Cardano,网络层、协议层,智能合约账本,Ouroboros,Plutus智能合约,GraphQL,智能合约平台,自动扩展,去中心化治理,CoinDesk,https://www.coindesk.com,2024-09-26,,,,,,,
2024,Tezos,自我修正层、智能合约层,自我维护账本,Liquid Proof-of-Stake,Michelson智能合约,RPC,去中心化金融,社区协作,链上治理,The Block,https://www.theblock.co,2024-09-26,,,,,,,
2024,Zilliqa,分片层、共识层,分片账本,Practical Byzantine Fault Tolerance,Scilla智能合约,REST API,高吞吐量应用,链上监控,多层治理,CryptoSlate,https://cryptoslate.com,2024-09-26,,,,,,,
2024,EOSIO,应用层、共识层,高性能账本,Delegated Proof of Stake,EOS智能合约,WebSocket,商业应用,智能合约管理,去中心化应用治理,Decrypt,https://decrypt.co,2024-09-26,,,,,,,
2024,Polygon,扩展层、多个链,侧链账本,PoS,Solidity智能合约,GraphQL,多链应用,跨链调度,统一管理,Messari,https://messari.io,2024-09-26,,,,,,,
2024,Flow,共识层、智能合约层,可编程账本,Cryptographic sortition,Cadence智能合约,API,数字资产,资源动态管理,实时监控,CoinTelegraph,https://cointelegraph.com,2024-09-26,,,,,,,
2024,Fantom,共识层、虚拟机,异步账本,Lachesis,Solidity智能合约,JSON RPC,去中心化应用,高效监控,跨链集成,CryptoBriefing,https://cryptobriefing.com,2024-09-26,,,,,,,
2024,Algorand,网络层、共识层,快速账本,Pure Proof of Stake,Transaction Execution Approval,REST API,企业解决方案,多功能监控,治理机制集成,Blockonomics,https://blockonomics.co,2024-09-26,,,,,,,
2024,ICP,区块链层、服务层,去中心化账本,Nervous Network,Rust智能合约,HTTP API,Web服务,实时监控,集成管理,CoinMarketCap,https://coinmarketcap.com,2024-09-26,,,,,,,
2024,Cardano,共识层、链层,双层账本,Ouroboros,Plutus智能合约,GraphQL API,身份验证系统,实时监控,去中心化管理,CoinDesk,https://www.coindesk.com,2024-09-26,,,,,,,
2024,Polkadot,网络层、平行链,跨链账本,Nominated Proof of Stake,ink!智能合约,JSON RPC,跨链转账,容器化管理工具,可插拔治理,The Block,https://www.theblock.co,2024-09-26,,,,,,,
2023,Tezos,协议层、合约层,自我修正账本,Liquid Proof of Stake,Michelson智能合约,RPC API,艺术品交易,用户友好界面,资源优化,Decrypt,https://decrypt.co,2024-09-26,,,,,,,
2024,Cosmos,应用层、共识层,互操作账本,Tendermint,CosmWasm智能合约,gRPC,去中心化融资,多方协作管理,和谐治理,CoinTelegraph,https://cointelegraph.com,2024-09-26,,,,,,,
2024,Algorand,网络层、治理层,快速账本,Pure Proof of Stake,Transaction Execution Approval,REST API,支付系统,高效的资源分配,综合风险管理,CryptoSlate,https://cryptoslate.com,2024-09-26,,,,,,,
2024,Fantom,共识层、执行层,可扩展账本,Lachesis共识,Fantom智能合约,HTTP API,智能城市应用,预测性维护系统,集成式管理工具,Blockonomi,https://blockonomi.com,2024-09-26,,,,,,,
2024,Zilliqa,分片层、应用层,高效能账本,PoW + PoS,Scilla智能合约,Web API,游戏生态系统,分布式监控,智能合约审计,NewsBTC,https://www.newsbtc.com,2024-09-26,,,,,,,
2024,VeChain,数据层、共识层,企业级账本,PoA,Vela智能合约,GraphQL API,供应链管理,安全的物联网集成,透明治理,Finextra,https://www.finextra.com,2024-09-26,,,,,,,
2024,EOSIO,核心层、网络层,高效能账本,DPoS,EOS智能合约,RPC API,企业资源规划,模块化系统,动态合约管理,Ethereum World News,https://www.ethereumworldnews.com,2024-09-26,,,,,,,
2024,Cardano,智能合约层、共识层,分层账本,Ouroboros,Plutus智能合约,GraphQL,治理与投票应用,多签名管理,分布式监控,CoinDesk,https://www.coindesk.com/,2024-09-26,,,,,,,
2024,Tezos,合约层、网络层,自我修正链,Liquid Proof of Stake,Michelson智能合约,Tezos RPC,艺术品认证应用,自动化更新,参与者治理,Decrypt,https://decrypt.co/,2024-09-26,,,,,,,
2024,Algorand,共识层、应用层,高效账本,Pure Proof of Stake,Transaction-smart合约,Algorand SDK,金融服务应用,资源优化,去中心化监控,CryptoSlate,https://cryptoslate.com/,2024-09-26,,,,,,,
2024,Polkadot,网络层、共识层,跨链账本,Nominated Proof of Stake,ink!智能合约,Polkadot.js,多链应用,链管理工具,分布式应用治理,The Block,https://www.theblock.co/,2024-09-26,,,,,,,
2024,Zilliqa,网络层、执行层,分片账本,Practical Byzantine Fault Tolerance,Scilla智能合约,Zilliqa SDK,去中心化金融应用,实时监控,智能合约审核,Finance Magnates,https://www.financemagnates.com/,2024-09-26,,,,,,,
2024,Near Protocol,网络层、存储层,动态账本,Nightshade,Rust智能合约,NEAR API,生态系统应用,智能链监控,低成本管理,Cointelegraph,https://cointelegraph.com/,2024-09-26,,,,,,,
2024,Harmony,协议层、应用层,高速链账本,Effective Proof of Stake,Vyper智能合约,Harmony RPC,各种应用,高效网络管理,社区参与,CryptoBriefing,https://cryptobriefing.com/,2024-09-26,,,,,,,
2024,Fantom,共识层、执行层,快速账本,Lachesis,Fantom智能合约,Fantom RPC,供应链管理应用,链状态同步,自适应治理,BeInCrypto,https://beincrypto.com/,2024-09-26,,,,,,,
2024,Celo,网络层、协议层,移动优先账本,Proof of Stake,Solidity智能合约,Celo SDK,移动支付应用,用户友好的管理,链管理界面,The Coin Republic,https://thecoinrepublic.com/,2024-09-26,,,,,,,
2022,Polygon,网络层、执行层,侧链账本,PoS,Solidity智能合约,GraphQL,游戏应用,链下数据处理,跨链桥管理,CoinDesk,https://www.coindesk.com,2024-09-26,,,,,,,
2023,Cardano,共识层、应用层,科学账本,Ouroboros,Plutus智能合约,REST API,身份验证应用,性能调优工具,智能合约审计,CryptoSlate,https://cryptoslate.com,2024-09-26,,,,,,,
2024,Algorand,网络层、共识层,高效账本,Pure Proof of Stake,Transaction Smart Contracts,Python SDK,供应链管理,实时监控,身份管理,The Block,https://www.theblock.co,2024-09-26,,,,,,,
2024,Tezos,执行层、网络层,自我修正账本,Liquid Proof of Stake,Michelson智能合约,SmartPy,艺术品认证系统,节点自动化,治理机制,Ethereum World News,https://ethereumworldnews.com,2024-09-26,,,,,,,
2023,Ripple,支付层、网络层,高效账本,Ripple共识,不支持智能合约,Ripple API,跨境支付,多节点监控,区块链分析,Forks News,https://www.forksnews.com,2024-09-26,,,,,,,
2024,Hyperledger Sawtooth,智能合约层、网络层,企业级账本,PoET,Python智能合约,REST API,医疗记录管理,分布式账本管理,日志审计,Hacker Noon,https://hackernoon.com,2024-09-26,,,,,,,
2022,Waves,网络层、资产层,私有链账本,Leased Proof of Stake,Ride智能合约,Waves API,资产发行平台,资产自动管理,用户管理,Crypto Briefing,https://cryptobriefing.com,2024-09-26,,,,,,,
2023,Zilliqa,智能合约层、网络层,高吞吐量账本,Sharding,Scilla智能合约,REST API,去中心化金融应用,性能优化,区块链审核,CoinTelegraph,https://cointelegraph.com,2024-09-26,,,,,,,
2024,EOS,网络层、执行层,可扩展账本,Dpos,C++智能合约,WebSocket,社交媒体平台,链上交易监控,用户隐私管理,Decrypt,https://decrypt.co,2024-09-26,,,,,,,
2024,Cardano,链层、铸造层,公共账本,Ouroboros,Plutus智能合约,GraphQL API,供应链管理,可视化运维工具,多层级认证,Blockchain News,https://www.blockchainnews.com,2024-09-26,,,,,,,
2024,Tezos,合约层、网络层,自我修正账本,Liquid Proof of Stake,Michelson智能合约,REST API,艺术创作,无状态验证,动态治理机制,CoinDesk,https://www.coindesk.com,2024-09-26,,,,,,,
2024,Polkadot,链层、共享安全,跨链账本,Nominated Proof of Stake,Ink!智能合约,WebSocket API,多链生态构建,智能合约审核,实力证明机制,CryptoSlate,https://cryptoslate.com,2024-09-26,,,,,,,
2023,Algorand,共识层、交易层,快速账本,Pure Proof of Stake,Transaction smart contracts,JSON API,金融工具整合,多级负载均衡,自我治理,DappRadar,https://www.dappradar.com,2024-09-26,,,,,,,
2024,Cosmos,网络层、集成层,互操作账本,Tendermint,CosmWasm智能合约,gRPC,去中心化金融应用,实时监控,可扩展治理,The Block,https://www.theblock.co,2024-09-26,,,,,,,
2024,Avalanche,合约层、共识层,亚秒级到账,Avalanche共识,Avalanche智能合约,GraphQL API,治理与奖励分配,操作简化工具,链间安全管理,Decrypt,https://decrypt.co,2024-09-26,,,,,,,
2024,Ethereum 2.0,数据层、共识层,增强型账本,Proof of Stake,Solidity智能合约,Web3.js,NFT与元宇宙,整合化监控平台,分布式自治,Bloomberg,https://www.bloomberg.com,2024-09-26,,,,,,,
2024,Hedera,网络层、合约层,企业级账本,Hashgraph,Hedera智能合约,Consensus API,数据隐私保护,安全审计,透明治理机制,CoinTelegraph,https://cointelegraph.com,2024-09-26,,,,,,,
2024,IOTA,数据层、传输层,无费用账本,Tangle,Smart Contracts,MQTT,物联网应用,边缘计算,自动化文件管理,IoT Analytics,https://iot-analytics.com,2024-09-26,,,,,,,
2023,Cardano,链层、共识层,普遍可访问账本,Ouroboros,Plutus智能合约,GraphQL API,教育应用,分布式节点监控,生态系统治理,CoinDesk,https://www.coindesk.com/,2024-09-26,,,,,,,
2024,Polkadot,桥接层、多链层,互操作账本,Nominated Proof-of-Stake,Ink!智能合约,RPC API,跨链金融应用,异地备份,集成管理,DeFi Pulse,https://www.defipulse.com/,2024-09-26,,,,,,,
2024,Fantom,共识层、数据层,阶跃账本,Lachesis,Solidity兼容智能合约,gRPC API,物联网应用,智能监控系统,动态调整,CryptoSlate,https://cryptoslate.com/,2024-09-26,,,,,,,
2024,Terra,经济层、稳定币层,稳定币账本,Tendermint,CosmWasm智能合约,REST API,支付解决方案,用户友好界面,全景视角管理,Blockworks,https://blockworks.co/,2024-09-26,,,,,,,
2024,Celo,移动层、支付层,移动友好账本,Proof of Stake,Solidity智能合约,Celo SDK,无银行服务应用,简单集成,社区驱动,The Block,https://www.theblock.co/,2024-09-26,,,,,,,
2024,Hashgraph,共识层、数据传播层,有向无环图账本,Gossip协议,Hedera智能合约,REST和GraphQL,企业解决方案,实时监控,集中式管理,Hedera,https://hedera.com/,2024-09-26,,,,,,,
2023,Flow,应用层、执行层,可扩展账本,Verifiable Random Function,Cadence智能合约,JSON RPC,游戏应用,可插拔架构,数据驱动管理,DappRadar,https://dappradar.com/,2024-09-26,,,,,,,
2024,Zilliqa,Shard层、共识层,高效账本,Practical Byzantine Fault Tolerance,Scilla智能合约,HTTP API,企业级区块链应用,高效扩容,书面化治理,CryptoNews,https://cryptonews.com/,2024-09-26,,,,,,,
2024,NEO,智能层、共识层,数字资产账本,Delegated Byzantine Fault Tolerance,NeoContract智能合约,RPC API,资产数字化应用,优化链路监控,开源治理,Blockgeeks,https://blockgeeks.com/,2024-09-26,,,,,,,
2024,Cardano,应用层、共识层,分布式公有链账本,Ouroboros,Plutus智能合约,GraphQL API,去中心化金融应用,无服务器管理,权限管理系统,CoinTelegraph,https://cointelegraph.com,2024-09-26,,,,,,,
2024,Polkadot,网络层、协议层,跨链账本,Nominated Proof of Stake,Ink智能合约,Substrate API,互操作性应用,链上治理,多链生态系统管理,Binance Academy,https://academy.binance.com,2024-09-26,,,,,,,
2024,Tezos,智能合约层、共识层,自我升级账本,Liquid Proof of Stake,Michelson智能合约,REST API,治理应用,自动升级系统,社区驱动管理,The Block,https://www.theblock.co,2024-09-26,,,,,,,
2024,NEO,资产层、身份层,智能经济账本,Delegated Byzantine Fault Tolerance,C#智能合约,RPC API,智能资产管理,内置监控工具,资产合规性,CryptoNews,https://cryptonews.com,2024-09-26,,,,,,,
2024,Algorand,网络层、应用层,高吞吐量账本,Pure Proof of Stake,Transaction Execution Approval,REST API,企业应用集成,智能合约审计,动态权限管理,Decrypt,https://decrypt.co,2024-09-26,,,,,,,
2024,Hedera,共识层、镜像层,多重账本,Hashgraph共识,Hedera智能合约,gRPC API,企业级分布式应用,集中式监控平台,对称密钥管理,CoinDesk,https://www.coindesk.com,2024-09-26,,,,,,,
2024,Zilliqa,执行层、数据层,高扩展性账本,业务随机化共识,Scilla智能合约,REST API,高频交易平台,容器化管理,完整的日志系统,CryptoSlate,https://cryptoslate.com,2024-09-26,,,,,,,
2024,Cosmos,网络层、应用层,互链账本,Tendermint共识,CosmWasm智能合约,JSON RPC,区域网络治理,基于影响力的治理,社区导向管理,The Block,https://www.theblock.co,2024-09-26,,,,,,,
2024,Flow,分布式计算、智能合约层,高性能账本,Ceramic共识,Cadence智能合约,GraphQL API,NFT及游戏资产,资产级别监控,用户友好界面,NFT Now,https://www.nftnow.com,2024-09-26,,,,,,,
2024,Cardano,账本层、智能合约层,公开账本,Ouroboros,Plutus智能合约,GraphQL API,教育领域应用,容器化部署,多链交互,CoinDesk,https://www.coindesk.com,2024-09-26,,,,,,,
2024,Polygon,侧链、数据层,多链账本,PoS,支持多种语言,Web3.js,游戏应用,实时监控,去中心化治理,The Block,https://www.theblock.co,2024-09-26,,,,,,,
2024,Tezos,智能合约层、网络层,可自我修正账本,Liquid Proof of Stake,Michelson智能合约,RPC API,艺术品数字化,自服务工具,版本管理,TechCrunch,https://techcrunch.com,2024-09-26,,,,,,,
2024,Hyperledger Sawtooth,共识层、网络层,企业级账本,PoET,交易智能合约,gRPC,供应链管理,集成管理平台,API管理,IBM Blockchain,https://www.ibm.com/blockchain,2024-09-26,,,,,,,
2024,Hedera Hashgraph,网络层、共识层,公共账本,BFT,智能合约服务,HTS API,社交媒体应用,云端监控,治理框架,DeFi Pulse,https://defipulse.com,2024-09-26,,,,,,,
2024,Avalanche C-Chain,共识层、交易层,智能合约账本,Avalanche共识,EVM智能合约,JSON RPC,可编程金融应用,智能监控工具,跨链业务管理,Blockworks,https://www.blockworks.co,2024-09-26,,,,,,,
2024,NEAR Protocol,存储层、执行层,分布式账本,Nightshade,Rust智能合约,GraphQL API,去中心化金融,智能合约的审计工具,节点管理系统,Decrypt,https://decrypt.co,2024-09-26,,,,,,,
2024,Ziliqa,分片层、智能合约层,高吞吐量账本,PoW组合共识,Scilla智能合约,REST API,广告技术,成本优化工具,动态网络管理,Forkast.News,https://forkast.news,2024-09-26,,,,,,,
2024,Klaytn,执行层、共识层,高性能账本,BFT共识,智能合约语言,JSON RPC,企业解决方案,API监控系统,集成治理,The Coin News,https://thecoin.news,2024-09-26,,,,,,,
2024,Fantom,共识层、数据层,快速账本,Lachesis,Solidity兼容合约,REST API,城市管理应用,多节点部署,去中心化治理,CryptoSlate,https://cryptoslate.com,2024-09-26,,,,,,,
2023,Cardano,共识层、执行层,公有链账本,Ouroboros,Plutus智能合约,GraphQL API,智能合约平台,命令行管理,基于角色的访问控制,Coindesk,https://www.coindesk.com,2024-09-26,,,,,,,
2024,Tezos,智能合约层、网络层,自我修改账本,Liquid Proof of Stake,Michelson智能合约,REST API,治理应用,集成监控系统,自我治理,CoinTelegraph,https://www.cointelegraph.com,2024-09-26,,,,,,,
2023,Polygon,网络层、兼容层,侧链账本,Plasma,Solidity智能合约,JSON RPC,扩展性解决方案,综合监控平台,灵活的网络配置,Decrypt,https://decrypt.co,2024-09-26,,,,,,,
2024,Waves,交易层、应用层,分布式账本,Leased Proof-of-Stake,Waves智能合约,WebSocket API,去中心化交易所,可视化管理面板,多链支持,CryptoSlate,https://cryptoslate.com,2024-09-26,,,,,,,
2022,Algorand,共识层、网络层,公有链账本,Pure Proof of Stake,Transaction Execution Approval,TEAL智能合约,金融服务应用,智能合约表单,分布式管理,CoinMarketCap,https://coinmarketcap.com,2024-09-26,,,,,,,
2023,Zilliqa,分片层、智能合约层,高效能账本,Practical Byzantine Fault Tolerance,Scilla智能合约,gRPC API,企业解决方案,分片管理系统,多链支持,The Block,https://www.theblock.co,2024-09-26,,,,,,,
2023,Hedera Hashgraph,共识层、应用层,分布式账本,Gossip协议,智能合约服务,RESTful API,企业级应用,管理控制台,图形化治理,Finextra,https://www.finextra.com,2024-09-26,,,,,,,
2024,Terra,智能合约层、网络层,稳定币账本,Delegated Proof of Stake,CosmWasm智能合约,SDK,去中心化金融,功能强大的管理工具,跨链操作,TechCrunch,https://techcrunch.com,2024-09-26,,,,,,,
2024,Secret Network,隐私层、应用层,保护隐私的公有链,Tendermint,Secret智能合约,GraphQL API,隐私保护应用,分布式权限控制,隐私治理,Decrypt,https://decrypt.co,2024-09-26,,,,,,,
2024,Cardano,链层、智能合约层,多层账本,Ouroboros,Plutus智能合约,GraphQL API,教育应用,智能合约审计工具,可扩展性管理,CoinDesk,https://www.coindesk.com,2024-09-26,,,,,,,
2024,Polkadot,中继链、平行链,跨链账本,Nominated Proof of Stake,Ink智能合约,Substrate API,跨链应用,链间安全性分析,分布式治理,The Block,https://www.theblock.co,2024-09-26,,,,,,,
2024,Tezos,智能合约层、识别层,自我更新账本,Liquid Proof of Stake,Michelson智能合约,tzip-12 API,艺术品交易,可升级部署工具,自我治理,CryptoSlate,https://cryptoslate.com,2024-09-26,,,,,,,
2024,Algorand,共识层、状态层,快速共识账本,Pure Proof of Stake,Transaction & Smart Contract Execution,Algorand SDK,金融服务,区块链分析工具,节点管理系统,12期刊,https://www.12journal.com,2024-09-26,,,,,,,
2023,Tezos,协议层、应用层,自我进化账本,Liquid Proof of Stake,Michelson智能合约,SmartPy API,DeFi应用,链上监控,去中心化治理,Medium,https://medium.com,2024-09-26,,,,,,,
2024,Zilliqa,分片层、共识层,高效账本,Practical Byzantine Fault Tolerance,Solidity智能合约,Zilliqa API,游戏金融,智能合约编译工具,动态资源分配,Decrypt,https://decrypt.co,2024-09-26,,,,,,,
2024,Cosmos,区块链管理层、共识层,互操作性账本,Tendermint,CosmWasm智能合约,gRPC API,分布式市场,区块链监控工具,跨链适配管理,Cointelegraph,https://cointelegraph.com,2024-09-26,,,,,,,
2024,NEO,智能合约层、共识层,数字身份账本,dBFT,C#智能合约,Neo API,数字资产管理,实时监控,身份验证管理,BeInCrypto,https://beincrypto.com,2024-09-26,,,,,,,
2024,Kadena,共识层、执行层,多链账本,Chainweb共识,Pact智能合约,GraphQL API,企业级应用,节点管理工具,合规性检查工具,Bitcoin Magazine,https://bitcoinmagazine.com,2024-09-26,,,,,,,
2023,Cardano,共识层、智能合约层,区块链账本,Ouroboros,Plutus智能合约,GraphQL,去中心化金融应用,图形化管理界面,多签名管理,CoinMarketCap,https://www.coinmarketcap.com,2024-09-26,,,,,,,
2024,Polkadot,中继链、平行链,互操作性账本,Nominated Proof-of-Stake,Ink!智能合约,Substrate API,跨链应用,集成开发环境,链上治理,CryptoSlate,https://cryptoslate.com,2024-09-26,,,,,,,
2024,Tezos,网络层、治理层,自我修正账本,Liquid Proof-of-Stake,Michelson智能合约,Tezos RPC,内容创作平台,自动化节点维护,透明社区治理,Blockdata,https://blockdata.tech,2024-09-26,,,,,,,
2024,NEAR Protocol,合约层、网络层,高效账本,Nightshade,AssemblyScript智能合约,NEAR CLI,游戏应用,事件驱动监控,自适应负载均衡,The Block,https://www.theblock.co,2024-09-26,,,,,,,
2024,Algorand,网络层、数据层,区块链原生账本,Pure Proof-of-Stake,Transaction智能合约,REST API,供应链解决方案,综合监控平台,合规性管理,DeFi Pulse,https://www.defipulse.com,2024-09-26,,,,,,,
2024,EOSIO,执行层、网络层,高效分布式账本,Delegated Proof-of-Stake,C++智能合约,EOSIO API,社交媒体平台,可视化管理控制台,智能合约审计,Cryptocurrency News,https://www.coindesk.com,2024-09-26,,,,,,,
2024,Ripple,支付层、共识层,分布式支付账本,Ripple协议共识,无智能合约支持,Rippled API,跨境支付,实时交易监控,合规监控,Finance Magnates,https://www.financemagnates.com,2024-09-26,,,,,,,
2024,Hedera Hashgraph,共识层、操作层,高性能可扩展账本,Gossip协议,Solidity兼容,REST API,企业级应用,综合性能分析工具,自动化合规工具,TechCrunch,https://techcrunch.com,2024-09-26,,,,,,,
2024,Zilliqa,分片、共识层,高吞吐量账本,Practical Byzantine Fault Tolerance,Scilla智能合约,ZRC API,广告平台,集中式监控平台,高效的资源分配,CoinTelegraph,https://cointelegraph.com,2024-09-26,,,,,,,
2024,Cardano,结算层、智能合约层,公有链账本,Ouroboros,Plutus智能合约,GraphQL,去中心化金融（DeFi）应用,智能合约自动审计,分层治理,OpenAI Research,https://www.openai.com,2024-09-26,,,,,,,
2024,Polkadot,中继链、平行链,多链架构,NPoS,ink!智能合约,Wasm,跨链资产转移,链间消息传递,治理模块,CryptoSlate,https://cryptoslate.com,2024-09-26,,,,,,,
2024,Tezos,智能合约层、网络层,自我修正链,Liquid Proof-of-Stake,Michelson智能合约,TzRPC,数字艺术平台,无缝升级和治理,委托节点管理,CoinDesk,https://www.coindesk.com,2024-09-26,,,,,,,
2024,Fantom,共识层、执行层,高效账本,Lachesis,Solidity智能合约,RPC接口,智能合约平台,弹性节点治理,分布式监控,DeFi Pulse,https://www.defipulse.com,2024-09-26,,,,,,,
2024,Zilliqa,智能合约层、网络层,分片账本,PBFT、Sharding,Zilliqa智能合约,RESTful API,高运行能力的dApp,自动化管理工具,图形化监控,DappRadar,https://www.dappradar.com,2024-09-26,,,,,,,
2024,Harmony,共识层、执行层,高速账本,FBFT,Solidity智能合约,WebSocket,游戏内经济系统,弹性网络管理,用户友好治理,CryptoBriefing,https://cryptobriefing.com,2024-09-26,,,,,,,
2024,Internet Computer,智能合约层、网络层,去中心化账本,NNS,Motoko智能合约,Canister API,Web3服务,持续集成和交付,全自动管理,The Block,https://www.theblock.co,2024-09-26,,,,,,,
2024,Algorand,共识层、执行层,快速账本,Pure PoS,Transaction智能合约,Algorand SDK,金融服务应用,快速交易处理,多重签名管理,CoinTelegraph,https://cointelegraph.com,2024-09-26,,,,,,,
2024,Elrond,共识层、执行层,可扩展账本,Secure Proof of Stake,Rust智能合约,Elrond API,跨链换币平台,无缝高效运营,智能治理,Blockchain.com,https://www.blockchain.com,2024-09-26,,,,,,,
2024,Cardano,网络层、智能合约层,分散账本,Ouroboros,Plutus智能合约,GraphQL,社会治理应用,区块链监控仪表盘,多链整合,CoinTelegraph,https://cointelegraph.com,2024-09-26,,,,,,,
2024,Polkadot,生态链、共识层,跨链账本,Nominated Proof of Stake,Ink!智能合约,Substrate API,跨链交易平台,可视化工具,节点身份管理,The Block,https://www.theblock.co,2024-09-26,,,,,,,
2024,Tezos,治理层、共识层,自我修正账本,Liquid Proof of Stake,Michelson智能合约,RPC API,数字艺术平台,内置监控系统,智能合约自审核,Decrypt,https://decrypt.co,2024-09-26,,,,,,,
2024,Cosmos,区块链层、应用层,连接账本,Tendermint,CosmWasm智能合约,LCD API,去中心化金融应用,区块链分析工具,多链兼容性,CoinMarketCap,https://coinmarketcap.com,2024-09-26,,,,,,,
2024,Algorand,共识层、交易层,分层账本,Pure Proof of Stake,Transaction Execution Approval,Algorand API,智能城市解决方案,自动化合规性检测,实时性能监控,CryptoSlate,https://cryptoslate.com,2024-09-26,,,,,,,
2024,Harmony,网络层、共识层,可扩展账本,Effective Proof of Stake,Haskell智能合约,REST API,游戏和NFT平台,智能合约审计工具,安全性评估框架,Blockchain News,https://www.blockchainnews.com,2024-09-26,,,,,,,
2024,Zilliqa,分片层、共识层,高速账本,Practical Byzantine Fault Tolerance,Scilla智能合约,APIs for developers,广告和市场营销解决方案,工具集成服务,合规性和风险评估,Crypto Insider,https://cryptoonsider.com,2024-09-26,,,,,,,
2024,Fantom,共识层、执行层,仿真账本,Lachesis,Solidity智能合约,GraphQL API,供应链管理系统,现实时间分析,多层安全架构,Investopedia,https://www.investopedia.com,2024-09-26,,,,,,,
2024,VeChain,数据层、共识层,供应链账本,Proof of Authority,Go智能合约,RESTful API,物联网解决方案,分布式应用管理,边缘计算集成,Inside Bitcoins,https://insidebitcoins.com,2024-09-26,,,,,,,
2024,Cardano,结算层、智能合约层,可裁剪账本,Ouroboros,Plutus智能合约,GraphQL,教育领域应用,安全性审查工具,链上监控,BlockData,https://www.blockdata.org,2024-09-26,,,,,,,
2024,Tezos,一致性层、金融层,自我修正账本,Liquid Proof of Stake,Michelson智能合约,REST API,艺术品交易平台,快速文档管理,用户体验优化,CoinDesk,https://www.coindesk.com,2024-09-26,,,,,,,
2024,Polkadot,网络层、平行链层,跨链账本,Nominated Proof of Stake,Ink智能合约,Substrate API,供应链管理,多链数据可视化,无缝审计功能,CryptoSlate,https://www.cryptoslate.com,2024-09-26,,,,,,,
2024,Fantom,数据层、执行层,即时交易账本,Lachesis,Solidity兼容,JSON RPC,在线博彩平台,事件驱动管理,自动审计系统,DappRadar,https://www.dappradar.com,2024-09-26,,,,,,,
2024,Elrond,自适应层、网络层,可扩展账本,Secure Proof of Stake,WASM智能合约,GraphQL,社交网络平台,即时反馈机制,治理模式创新,CoinTelegraph,https://www.cointelegraph.com,2024-09-26,,,,,,,
2024,Zilliqa,分片层、共识层,高效账本,Scilla,Scilla智能合约,REST API,广告平台,自动化更新,透明度文件管理,The Block,https://www.theblock.co,2024-09-26,,,,,,,
2024,NEO,共识层、数据层,智能经济账本,Delegated Byzantine Fault Tolerance,C#、Python兼容,RPC,房地产管理,集中监控系统,多方审计,Bitcoin Magazine,https://www.bitcoinmagazine.com,2024-09-26,,,,,,,
2024,Stellar,支付层、金融层,开放账本,Stellar Consensus Protocol,智能合约声明,REST API,汇款应用,成本优化管理,实时监控,Decrypt,https://www.decrypt.co,2024-09-26,,,,,,,
2024,Holochain,应用层、协调层,去中心化账本,无共识协议,Holochain架构,HTTP REST,共享经济平台,P2P管理,用户自治管理,Holochain 官网,https://www.holochain.org,2024-09-26,,,,,,,
2024,Cardano,网络层、智能合约层,监督账本,Ouroboros,Plutus智能合约,GraphQL,投票系统,离线节点管理,治理机制,CryptoNews,https://cryptonews.com,2024-09-26,,,,,,,
2024,Polygon,合约层、应用层,侧链账本,PoS,MATIC智能合约,Web3.js,NFT平台,多链策略管理,分布式存储,CoinTelegraph,https://cointelegraph.com,2024-09-26,,,,,,,
2024,Tezos,合约层、网络层,灵活账本,Liquid Proof of Stake,Michelson智能合约,REST API,数字身份,自我修复系统,可升级协议,Blockzeit,https://blockzeit.com,2024-09-26,,,,,,,
2024,Hyperledger Sawtooth,数据层、决策层,分布式记账,PoET,支持智能合约,gRPC,供应链管理,集中监控,权限管理,Hyperledger,https://www.hyperledger.org,2024-09-26,,,,,,,
2024,Flow,共识层、应用层,游戏账本,共识随机,Cadence智能合约,Client SDK,游戏应用,负载均衡,用户授权,Flow Blockchain,https://www.onflow.org,2024-09-26,,,,,,,
2024,EOSIO,网络层、合约层,高吞吐量账本,DPoS,EOS智能合约,EOSJS,社交平台,资源优化,生态合作,EOS Network,https://eos.io,2024-09-26,,,,,,,
2024,Algorand,数据层、共识层,即插即用账本,Pure PoS,Transaction智能合约,REST API,金融服务,高效监控,合规性管理,Algorand Foundation,https://www.algorand.com,2024-09-26,,,,,,,
2024,Zilliqa,网络层、合约层,分片账本,PoW + PoS,Scilla智能合约,JSON RPC,广告平台,分布式操作,智能治理,Zilliqa,https://www.zilliqa.com,2024-09-26,,,,,,,
2024,Arbitrum,Layer 2、合约层,扩展性账本,Optimistic Rollup,Ethereum兼容智能合约,Web3.js,DeFi应用,实时监控,多种资产管理,Arbitrum Foundation,https://arbitrum.io,2024-09-26,,,,,,,
2024,Cardano,计算层、结算层,多重资产账本,Ouroboros,Plutus智能合约,GraphQL,治理应用,多链支持,跨链交互,CoinDesk,https://www.coindesk.com,2024-09-26,,,,,,,
2024,Tezos,应用层、共识层,自我修正账本,液态股权证明,Michelson智能合约,TezRPC,艺术品认证,去中心化监控,投票机制,CryptoSlate,https://cryptoslate.com,2024-09-26,,,,,,,
2024,Polkadot,桥接层、平行链,共享多链账本,Nominated Proof of Stake,Ink!智能合约,Substrate API,跨链交易,模块化架构维护,验证者选举,DeFi Pulse,https://defipulse.com,2024-09-26,,,,,,,
2024,Polygon,侧链、网络层,快速确认账本,Plasma框架,Solidity智能合约,Ethereum JSON RPC,高性能dApp,智能路由优化,自适应流量控制,The Block,https://www.theblock.co,2024-09-26,,,,,,,
2024,Hyperledger Besu,共识层、网络层,企业级私有链账本,IBFT 2.0,Java智能合约,RPC,供应链管理,容器化管理,企业授权访问,Blockchain Council,https://www.blockchain-council.org,2024-09-26,,,,,,,
2024,EOSIO,应用层、执行层,高性能账本,DPoS,C++智能合约,REST API,社交平台应用,实时监控,角色管理,CoinTelegraph,https://cointelegraph.com,2024-09-26,,,,,,,
2024,Celo,手机层、应用层,移动友好账本,证明权益,Solidity智能合约,GraphQL,微支付平台,智能合约审计,社区参与,Decrypt,https://decrypt.co,2024-09-26,,,,,,,
2024,Algorand,共识层、数据层,无许可账本,Pure Proof of Stake,Transaction智能合约,Algorand SDK,金融服务,高效审查系统,多方合规管理,Finance Magnates,https://www.financemagnates.com,2024-09-26,,,,,,,
2024,Sora,应用层、网络层,经济多样化账本,Hyper-Consensus,Rust智能合约,Sora API,经济协作平台,高效资源配置,治理机制,Bitfinex Blog,https://blog.bitfinex.com,2024-09-26,,,,,,,
2024,Polygon,合约层、用户层,侧链账本,PoS,Solidity智能合约,GraphQL,游戏应用,多重签名管理,链上治理,腾讯云,https://cloud.tencent.com/product/baas,2024-09-26,,,,,,,
2024,Cardano,网络层、合约层,公有链账本,Ouroboros,Plutus智能合约,GraphQL,教育领域应用,权限管理系统,分布式管理,Blockchain.com,https://www.blockchain.com,2024-09-26,,,,,,,
2024,Tezos,共识层、执行层,自我修正账本,Liquid Proof of Stake,Michelson智能合约,REST API,金融服务,自动扩缩容,社区驱动,CoinMarketCap,https://coinmarketcap.com,2024-09-26,,,,,,,
2024,Algorand,网络层、共识层,快速确认账本,Pure PoS,Transaction Execution Approval,SDK,数字身份管理,集中监控系统,模组管理,Cointelegraph,https://cointelegraph.com,2024-09-26,,,,,,,
2024,Zilliqa,执行层、合约层,分片账本,独特分片共识,Scilla智能合约,Web3.js,市场预测应用,低延迟操作,分布式验证,Decrypt,https://decrypt.co,2024-09-26,,,,,,,
2024,Hedera Hashgraph,共识层、应用层,广域账本,Gossip协议,智能合约支持,API Gateway,供应链管理,实时监控,基于角色的访问控制,Hedera官网,https://hedera.com,2024-09-26,,,,,,,
2024,Elrond,合约层、网络层,高效账本,Secure Proof of Stake,WASM智能合约,REST API,健康数据管理,快速备份与恢复,用户友好界面,Forbes,https://forbes.com,2024-09-26,,,,,,,
2024,Fantom,网络层、共识层,全局账本,Lachesis共识,智能合约支持,JSON RPC,人工智能集成应用,高效任务调度,实时性能监测,TechCrunch,https://techcrunch.com,2024-09-26,,,,,,,
2024,Cosmos,合约层、应用层,多链账本,Tendermint共识,CosmWasm智能合约,gRPC,部署与管理工具,标准化资源管理,跨链治理,ChainNews,https://chainnews.com,2024-09-26,,,,,,,
2024,Polkadot,平行链、网络层,共享账本,NPoS,Ink智能合约,RPC,跨链应用,节点运维工具,多链治理,CoinTelegraph,https://cointelegraph.com,2024-09-26,,,,,,,
2024,Cardano,链层、网络层,权益证明账本,Ouroboros,Plutus智能合约,GraphQL,供应链管理,监控仪表板,本地节点管理,CryptoSlate,https://cryptoslate.com,2024-09-26,,,,,,,
2024,Tezos,共识层、智能合约层,自我升级账本,Liquid Proof-of-Stake,Michelson智能合约,Tezos API,数字身份,自动化升级系统,去中心化治理,The Block,https://www.theblock.co,2024-09-26,,,,,,,
2024,NEO,智能合约层、数据层,数字资产账本,Delegated Byzantine Fault Tolerance,C#智能合约,API接口,游戏和娱乐,监控和报警系统,开发者工具包,CoinDesk,https://www.coindesk.com,2024-09-26,,,,,,,
2024,Flow,执行层、可用性层,高效账本,共识协议,Cadence智能合约,SDK,区块链游戏,集成监控解决方案,可扩展平台,Decrypt,https://decrypt.co,2024-09-26,,,,,,,
2024,Zilliqa,分片层、共识层,分片账本,PBFT和PoW组合,Scilla智能合约,REST API,去中心化金融,高效节点维护,可视化管理工具,TechCrunch,https://techcrunch.com,2024-09-26,,,,,,,
2024,Algorand,网络层、交易层,快速账本,Pure PoS,Algorand智能合约,SDK,稳定币,平台优化工具,标准化治理,CryptoBriefing,https://cryptobriefing.com,2024-09-26,,,,,,,
2024,Hedera Hashgraph,共识层、应用层,异步账本,Gossip + Virtual Voting,Solidity,API接口,企业应用,集中管理,实时监控,Forbes,https://forbes.com,2024-09-26,,,,,,,
2024,Celo,应用层、网络层,加密账本,Proof-of-Stake,Solidity智能合约,Celo SDK,移动支付,用户友好管理,社区治理,The Verge,https://theverge.com,2024-09-26,,,,,,,
2021,Cardano,网络层、结算层,公有链账本,Ouroboros,Plutus智能合约,GraphQL,教育应用,云端监控,社区治理,CryptoCompare,https://www.cryptocompare.com,2024-09-26,,,,,,,
2022,Tezos,网络层、治理层,自我修复账本,Liquid Proof of Stake,Michelson智能合约,JSON RPC,艺术品市场,标准化容器,动态调整,DappRadar,https://www.dapp radar.com,2024-09-26,,,,,,,
2023,Polygon,侧链、共识层,多链账本,Plasma,Solidity智能合约,Web3.js,游戏应用,可扩展网络管理,跨链交互,CoinMarketCap,https://www.coinmarketcap.com,2024-09-26,,,,,,,
2024,Fantom,共识层、执行层,高性能账本,Lachesis, Solidity智能合约,GraphQL,实时数据分析,高效能资源分配,边缘计算,Chainlink,https://chain.link,2024-09-26,,,,,,,
2021,Zilliqa,网络层、智能合约层,高吞吐量账本,SHARDING,Scilla智能合约,REST API,广告生态,监控与维护工具,中心化管理,Blockonomi,https://www.blockonomi.com,2024-09-26,,,,,,,
2023,EOSIO,执行层、网络层,公有链账本,Delegated Proof of Stake,C++智能合约,EOSJS,游戏应用,节点监控,便利用户管理,Investopedia,https://www.investopedia.com,2024-09-26,,,,,,,
2024,Algorand,共识层、网络层,多链账本,Pure Proof of Stake,Reach智能合约,REST API,金融科技应用,容器化管理,智能合约升级,Decrypt,https://decrypt.co,2024-09-26,,,,,,,
2022,Hedera,网络层、共识层,企业级账本,hashgraph, Solidity智能合约,REST API,供应链管理,异地备份,权限管理,Hedera,https://www.hedera.com,2024-09-26,,,,,,,
2023,Elrond,执行层、共识层,自适应区块链,Secure Proof of Stake,Wasm智能合约,REST API,跨境支付,自动化监控,微服务架构,CoinTelegraph,https://cointelegraph.com,2024-09-26,,,,,,,
2023,Polygon,执行层、共识层,侧链账本,PoS,Golang智能合约,GraphQL,去中心化金融应用,智能监控系统,跨链互操作,Cointelegraph,https://cointelegraph.com/,2024-09-26,,,,,,,
2024,Tezos,共识层、应用层,自我修正账本,Liquid Proof of Stake,Michelson智能合约,RESTful API,数字艺术品市场,零停机技术,社区驱动治理,The Block,https://www.theblock.co/,2024-09-26,,,,,,,
2024,Cardano,网络层、执行层,分层账本,Ouroboros,Plutus智能合约,WebSocket,供应链管理,弹性高可用设计,自我修复系统,Decrypt,https://decrypt.co/,2024-09-26,,,,,,,
2023,Hedera,网络层、共识层,有向无环图账本,哈希图共识,智能合约平台,gRPC,数字身份管理,分布式访问控制,分层治理,Hedera官网,https://hedera.com/,2024-09-26,,,,,,,
2024,Ripple,交易层、网络层,交易导向账本,Ripple协议共识,缺乏通用智能合约支持,JavaScript SDK,跨境支付系统,实时交易监测,金融合作网络,CoinDesk,https://www.coindesk.com/,2024-09-26,,,,,,,
2024,Algorand,共识层、网络层,高效能账本,Pure Proof of Stake,Transaction Packet智能合约,REST API与SDK,游戏与虚拟世界,自动化部署,多治理系统,CoinMarketCap,https://coinmarketcap.com/,2024-09-26,,,,,,,
2024,Fantom,共识层、应用层,DAG账本,Lachesis共识,Solidity智能合约,HTTP API,DeFi平台,节点监控系统,灰度管理,CryptoSlate,https://cryptoslate.com/,2024-09-26,,,,,,,
2023,Zilliqa,智能合约层、执行层,分片账本,Practical Byzantine Fault Tolerance,Scilla智能合约,JSON RPC,社交网络,数据治理工具,集成式管理,Cryptonews,https://cryptonews.com/,2024-09-26,,,,,,,
2024,Binance Smart Chain,网络层、共识层,多链账本,Tendermint共识,BSC智能合约,Web3.js,去中心化交易所,模块化设计,效能监控,CoinGecko,https://www.coingecko.com/,2024-09-26,,,,,,,
2024,Cardano,网络层、执行层,可扩展公有链账本,Ouroboros,Plutus智能合约,GraphQL API,金融服务,集成监控工具,多重签名管理,CoinDesk,https://www.coindesk.com,2024-09-26,,,,,,,
2024,Tezos,智能合同层、共识层,自我修正账本,Liquid Proof-of-Stake,Michelson智能合约,Tampering-resistant API,艺术品市场,自动化升级管理,去中心化治理,The Block,https://theblock.co,2024-09-26,,,,,,,
2024,Polkadot,共享安全层、链间通信层,跨链账本,Nominated Proof-of-Stake,ink!智能合约,Substrate API,Web3项目,集中式监控接口,自动化调度,Decrypt,https://www.decrypt.co,2024-09-26,,,,,,,
2024,Algorand,共识层、运行层,快速确认账本,Pure Proof-of-Stake,Transaction Execution Approval,RESTful API,链上投票系统,高级安全管理工具,监控与审计,CryptoSlate,https://cryptoslate.com,2024-09-26,,,,,,,
2024,Fantom,运行层、共识层,即时结算账本,Lachesis,FTM智能合约,JSON RPC,供应链管理,自动化资源分配,区块链治理,CoinTelegraph,https://cointelegraph.com,2024-09-26,,,,,,,
2024,NEM,命名空间层、交易层,可编程账本,Proof-of-Importance,Smart Asset System,REST API,身份验证,界面友好的管理工具,访问控制管理,CryptoNews,https://cryptonews.com,2024-09-26,,,,,,,
2024,EOS,执行层、应用层,高频交易账本,Delegated Proof-of-Stake,C++智能合约,API端点,游戏开发,集成开发环境,账户管理系统,CoinMarketCap,https://coinmarketcap.com,2024-09-26,,,,,,,
2024,Zilliqa,可扩展性层、共识层,分片账本,Practical Byzantine Fault Tolerance,Scilla智能合约,Zilliqa API,广告服务,灵活的资源调配,可视化报告,CoinGecko,https://www.coingecko.com,2024-09-26,,,,,,,
2024,Waves,共识层、交易层,自定义令牌账本,Leased Proof-of-Stake,Waves智能合约,WebSocket API,供应链透明化,高级日志审计,你的资产管理,Blockonomi,https://blockonomi.com,2024-09-26,,,,,,,
2024,Ethereum 2.0,共识层、执行层,分布式账本,PoS,Vyper智能合约,Web3.js,企业应用,负载均衡,分布式系统管理,Ethereum Foundation,https://ethereum.org/,2024-09-26,,,,,,,
2024,Cardano,安全层、应用层,波卡账本,Ouroboros,Plutus智能合约,GraphQL,金融服务,容器管理,集中式监控,Cardano Community,https://cardano.org/,2024-09-26,,,,,,,
2023,Binance Smart Chain,执行层、共识层,高性能账本,BFT,Solidity智能合约,JSON RPC,去中心化金融,异地容灾,自服务管理,Binance Research,https://research.binance.com/,2024-09-26,,,,,,,
2024,Polkadot,网关层、共识层,多链结构,NPoS,Ink!智能合约,Polkadot API,跨链应用,链上治理,动态图表管理,Web3 Foundation,https://polkadot.network/,2024-09-26,,,,,,,
2024,Tezos,基础层、网络层,可升级账本,Liquid Proof-of-Stake,Michelson智能合约,TezosJS,治理解决方案,根节点监控,系统资源调度,Tezos Foundation,https://tezos.com/,2024-09-26,,,,,,,
2023,Ripple,传输层、支付层,私有账本,RPCA,不支持智能合约,XRP Ledger API,跨境支付,API管理,网络拓扑管理,Ripple Labs,https://ripple.com/,2024-09-26,,,,,,,
2024,Near Protocol,执行层、存储层,公有链账本,Nightshade,Rust智能合约,JSON RPC,Web应用程序,自动故障转移,实时监控,Near Foundation,https://near.org/,2024-09-26,,,,,,,
2024,Cosmos,数据层、网络层,跨链账本,Tendermint,CosmWasm智能合约,gRPC API,区块链互操作,可插拔治理,分布式管理,Interchain Foundation,https://cosmos.network/,2024-09-26,,,,,,,
2024,Algorand,共识层、应用层,快速结算账本,Pure PoS,Transaction智能合约,Algorand API,绿色金融,标签化治理,自动化治理,Algorand Foundation,https://algorand.com/,2024-09-26,,,,,,,
2023,Cardano,智能合约层、网络层,公有链账本,Ouroboros,Plutus智能合约,GraphQL,身份认证,集成监控工具,跨链治理,BlockData,https://www.blockdata.org,2024-09-26,,,,,,,
2024,Cosmos,应用层、共识层,多链账本,Tendermint,CosmWasm智能合约,gRPC,去中心化交易所,高容错性设计,动态治理体系,DappRadar,https://www.dapp radar.com,2024-09-26,,,,,,,
2024,Tezos,智能合约层、网络层,自我修正账本,Liquid Proof-of-Stake,Michelson智能合约,REST API,治理平台,优化的资源调度,用户导向的治理机制,CoinDesk,https://www.coindesk.com,2024-09-26,,,,,,,
2024,Polkadot,共享安全层、网络层,异构链账本,Nominated Proof-of-Stake,ink!智能合约,Substrate API,跨链应用,统一的监控框架,模块化管理,CryptoSlate,https://cryptoslate.com,2024-09-26,,,,,,,
2024,Algorand,交易层、智能合约层,高效账本,Pure Proof-of-Stake,Transaction Smart Contracts,Algorand SDK,供应链管理,快速上线工具,去中心化治理,CoinMarketCap,https://coinmarketcap.com,2024-09-26,,,,,,,
2024,Fantom,共识层、数据层,高速异构账本,Lachesis,Solidity智能合约,GraphQL API,NFT平台,自动化部署工具,智能合约治理,Block.one,https://block.one,2024-09-26,,,,,,,
2024,Flow,协议层、智能合约层,可扩展账户账本,Finality,Cadence智能合约,HTTP API,游戏开发,开发者工具集成,用户反馈机制,Dapp.com,https://www.dapp.com,2024-09-26,,,,,,,
2023,Zilliqa,网络层、智能合约层,分片账本,PoW + PoS,Scilla智能合约,Zilliqa API,广告技术,低延迟运行,透明治理,Decrypt,https://decrypt.co,2024-09-26,,,,,,,
2024,near,计算层、存储层,动态可扩展账本,Doomsday,Rust & AssemblyScript智能合约,NEAR API,社会化应用,集成化支持工具,社区驱动治理,TechCrunch,https://techcrunch.com,2024-09-26,,,,,,,
2023,Cardano,结算层、智能合约层,层次化账本,Ouroboros,Plutus智能合约,GraphQL API,去中心化金融,自动化部署工具,基于角色的访问控制,CryptoCompare,https://www.cryptocompare.com/,2024-09-26,,,,,,,
2024,Polygon,网络层、应用层,偏中心化账本,PoS,Matic智能合约,REST API,多链生态应用,集成式监控,区块链分析,CoinMarketCap,https://coinmarketcap.com/,2024-09-26,,,,,,,
2024,Tezos,智能合约层、共识层,自我修正账本,Liquid Proof-of-Stake,Michelson智能合约,REST API,治理应用,动态负载均衡,监控仪表盘,Cointelegraph,https://cointelegraph.com/,2024-09-26,,,,,,,
2024,Hedera,共识层、数据层,DAG账本,HBAR共识,Hedera智能合约,gRPC,企业级应用,全面审计工具,治理框架,Decrypt,https://decrypt.co/,2024-09-26,,,,,,,
2023,Fantom,共识层、数据层,快速账本,Lachesis,Solidity智能合约,JSON RPC,政府服务应用,实时监控,高可用性设计,The Block,https://www.theblock.co/,2024-09-26,,,,,,,
2024,Zilliqa,智能合约层、分片层,分片账本,Practical Byzantine Fault Tolerance,Scilla智能合约,REST API,广告应用,集中式监控,社区治理,CryptoSlate,https://cryptoslate.com/,2024-09-26,,,,,,,
2024,Algorand,网络层、共识层,可伸缩账本,Pure Proof-of-Stake,Teal智能合约,Algorand API,供应链应用,一体化服务,多链支持,Investopedia,https://www.investopedia.com/,2024-09-26,,,,,,,
2024,EOS,执行层、存储层,高效账本,Delegated Proof-of-Stake,C++智能合约,WebSocket,社交媒体应用,多云支持,实时性能监测,CoinGecko,https://www.coingecko.com/,2024-09-26,,,,,,,
2024,Chainlink,预言机层、网络层,跨链账本,去中心化预言机,链上智能合约,Ethereum API,金融服务产品,实时数据分析,内置安全性,Forbes,https://www.forbes.com/,2024-09-26,,,,,,,