可见光通信与光计算系统名称（字符型）,可见光通信与光计算系统类型（字符型）,申请类型（数字型）,承办日期（日期型）,企业名称（字符型）,办理状态（字符型）,状态开始时间（日期型）,审评结论（字符型）,规范企业名称（字符型）,系统构成（字符型）,企业名称(CDE)（字符型）,试验登记号（数字型）,适用领域（数字型）,适应症（品种）（字符型）,规范可见光通信系统类型（字符型）,规范企业名称（字符型）.1,采集来源,来源链接,采集时间,备注,,,,,,,,,备注【疑问汇总】
超高速可见光通信系统,光通信,1,2023-09-01,杭州光科技有限公司,已完成,2023-09-02,合格,杭州光科技有限公司,全光纤接入模块,杭州光科技有限公司,VLC-002-2024,交通管理,无,高级型,V1.0,浙江省科技局,http://smep.sh.gov.cn/,2024-10-17,,,,,,,,,,
智能光网络优化系统,光计算,2,2023-10-05,上海智能光电公司,审核中,2023-10-06,待定,上海智能光电公司,优化算法单元,上海智能光电公司,VLC-005-2024,互联网服务,无,标准型,V1.0,上海市电子技术办,http://sytech.gov.cn/,2024-10-17,,,,,,,,,,
城市智能环境监控系统,光网络,3,2023-09-15,武汉智能科技有限公司,已完成,2023-09-16,合格,武汉智能科技有限公司,监测传感器模块,武汉智能科技有限公司,VLC-007-2024,生态保护,无,标准型,V1.1,武汉市科技信息中心,http://szedup.gov.cn/,2024-10-17,,,,,,,,,,
智能家居可见光网络系统,光通信,1,2023-11-01,成都智慧生活科技有限公司,审核中,2023-11-02,待定,成都智慧生活科技有限公司,用户终端接入模块,成都智慧生活科技有限公司,VLC-010-2024,物联网,无,高级型,V2.0,四川科技发展局,http://whagri.gov.cn/,2024-10-17,,,,,,,,,,
光计算量测与分析系统,光计算,2,2023-10-12,南京光电分析研究院,已完成,2023-10-13,合格,南京光电分析研究院,分析单元,南京光电分析研究院,VLC-013-2024,研究开发,无,标准型,V1.0,南京科技局,http://cdhealth.gov.cn/,2024-10-17,,,,,,,,,,
高清可见光视频传输系统,光通信,1,2023-09-30,青岛光影科技有限公司,审核中,2023-10-01,待定,青岛光影科技有限公司,视频编码模块,青岛光影科技有限公司,VLC-016-2024,媒体传播,无,高级型,V2.1,青岛市科技局,http://jsst.gov.cn/,2024-10-17,,,,,,,,,,
无线可见光通信桥接系统,光通信,1,2023-10-20,西安光通科技公司,已完成,2023-10-21,合格,西安光通科技公司,接入桥接模块,西安光通科技公司,VLC-019-2024,交通运输,无,标准型,V1.0,陕西省科技厅,http://smep.sh.gov.cn/,2024-10-17,,,,,,,,,,
光信号处理与转换系统,光计算,2,2023-11-05,合肥激光工程技术研究中心,审核中,2023-11-06,待定,合肥激光工程技术研究中心,信号处理单元,合肥激光工程技术研究中心,VLC-023-2024,研究与开发,无,高级型,V2.0,安徽科技局,http://sytech.gov.cn/,2024-10-17,,,,,,,,,,
光网络数据安全防护系统,光网络,3,2023-10-15,天津网络安全技术公司,已完成,2023-10-16,合格,天津网络安全技术公司,防火墙模块,天津网络安全技术公司,VLC-025-2024,网络安全,无,标准型,V1.0,天津市科技局,http://szedup.gov.cn/,2024-10-17,,,,,,,,,,
城市智能交通系统,光通信,1,2023-09-05,天津未来科技公司,已完成,2023-09-06,合格,天津未来科技公司,数据传输单元,天津未来科技公司,VLC-029-2024,交通管理,无,标准型,V1.0,天津市科技局,http://whagri.gov.cn/,2024-10-17,,,,,,,,,,
智能医疗监测系统,光计算,2,2023-09-10,成都健康科技有限公司,审核中,2023-09-11,待定,成都健康科技有限公司,生命体征监测模块,成都健康科技有限公司,VLC-002-2024,远程通信,糖尿病监测,高级型,V2.1,成都市医疗健康管理局,http://cdhealth.gov.cn/,2024-10-17,,,,,,,,,,
可见光智能照明系统,光通信,1,2023-09-15,苏州智能照明科技,已完成,2023-09-16,合格,苏州智能照明科技,照明控制单元,苏州智能照明科技,VLC-005-2024,电子教育,室内外照明,标准型,V1.2,江苏省科技厅,http://jsst.gov.cn/,2024-10-17,,,,,,,,,,
高速无线传输系统,光计算,2,2023-09-20,上海传输科技公司,审核中,2023-09-21,待定,上海传输科技公司,传输设备模块,上海传输科技公司,VLC-007-2024,计算机技术,高速数据传输,高级型,V2.0,上海市经济和信息化委员会,http://smep.sh.gov.cn/,2024-10-17,,,,,,,,,,
家庭智能网络系统,光网络,3,2023-09-25,沈阳家庭科技有限公司,已完成,2023-09-26,合格,沈阳家庭科技有限公司,网络管理模块,沈阳家庭科技有限公司,VLC-010-2024,网络通信,家庭无线网络,标准型,V1.0,沈阳市科技局,http://sytech.gov.cn/,2024-10-17,,,,,,,,,,
增强现实可见光系统,光计算,2,2023-09-30,深圳增强科技有限公司,审核中,2023-10-01,待定,深圳增强科技有限公司,视觉增强模块,深圳增强科技有限公司,VLC-013-2024,企业服务,教育培训,高级型,V2.0,深圳市现代教育管理平台,http://szedup.gov.cn/,2024-10-17,,,,,,,,,,
智能农业监测系统,光通信,1,2023-10-03,武汉农业科技发展有限公司,已完成,2023-10-04,合格,武汉农业科技发展有限公司,环境监控单元,武汉农业科技发展有限公司,VLC-015-2024,教育研究,气候监测,标准型,V1.0,武汉市农业信息网,http://whagri.gov.cn/,2024-10-17,,,,,,,,,,
新型光遗传调控系统,光计算,2,2023-10-08,南京生物科技有限公司,审核中,2023-10-09,待定,南京生物科技有限公司,基因调控模块,南京生物科技有限公司,VLC-018-2024,交通监控,生物研究,高级型,V2.0,南京市科技局,http://njtech.gov.cn/,2024-10-17,,,,,,,,,,
可再生能源监控系统,光网络,3,2023-10-15,杭州新能源科技有限公司,审核中,2023-10-16,待定,杭州新能源科技有限公司,能量传输模块,杭州新能源科技有限公司,VLC-020-2024,计算机视觉,能源管理,标准型,V1.0,浙江省能源局,http://zjenergy.gov.cn/,2024-10-17,,,,,,,,,,
先进可见光通信保障系统,光通信,1,2023-08-15,武汉光电信息有限公司,已完成,2023-08-16,合格,武汉光电信息有限公司,光信号调制与解调模块,武汉光电信息有限公司,VLC-024-2024,物联网技术,无,标准型,V1.0,武汉市科技局,http://njtech.gov.cn/,2024-10-17,,,,,,,,,,
融合光计算与网络系统,光计算,2,2023-09-05,长春数字科技有限公司,审核中,2023-09-06,待定,长春数字科技有限公司,数据传输与处理模块,长春数字科技有限公司,VLC-027-2024,监控技术,无,高级型,V2.0,吉林省科技厅,http://zjenergy.gov.cn/,2024-10-17,,,,,,,,,,
智能光网络服务系统,光网络,3,2023-09-20,杭州未来科技有限公司,已完成,2023-09-21,合格,杭州未来科技有限公司,网络教学与服务平台,杭州未来科技有限公司,VLC-003-2024,云计算,无,标准型,V1.0,浙江省科技信息中心,http://njtech.gov.cn/,2024-10-17,,,,,,,,,,
城市光通信监控系统,光通信,1,2023-10-03,南京智慧科技有限公司,审核中,2023-10-04,待定,南京智慧科技有限公司,监控及安防模块,南京智慧科技有限公司,VLC-007-2024,监控技术,无,高级型,V2.1,江苏省科技厅,http://zjenergy.gov.cn/,2024-10-17,,,,,,,,,,
可见光数据存储与识别系统,光计算,2,2023-10-15,厦门信息科技集团,已完成,2023-10-16,合格,厦门信息科技集团,数据存储与检索模块,厦门信息科技集团,VLC-012-2024,数据管理,无,标准型,V1.0,福建省科学技术厅,http://njtech.gov.cn/,2024-10-17,,,,,,,,,,
远程可见光通信系统,光通信,1,2023-10-28,成都智能网络有限公司,审核中,2023-10-29,待定,成都智能网络有限公司,信号扩展与传输模块,成都智能网络有限公司,VLC-015-2024,远程通信,无,高级型,V2.1,四川省科技局,http://zjenergy.gov.cn/,2024-10-17,,,,,,,,,,
智能光传感器网络,光网络,3,2023-11-05,郑州智能传感科技有限公司,已完成,2023-11-06,合格,郑州智能传感科技有限公司,传感数据采集与处理模块,郑州智能传感科技有限公司,VLC-019-2024,数据分析,无,标准型,V1.0,河南省科技厅,http://njtech.gov.cn/,2024-10-17,,,,,,,,,,
基于光的智能医疗系统,光计算,2,2023-11-15,青岛生物科技有限公司,审核中,2023-11-16,待定,青岛生物科技有限公司,医疗实时数据监控模块,青岛生物科技有限公司,VLC-022-2024,医疗技术,无,高级型,V2.0,山东省科技厅,http://zjenergy.gov.cn/,2024-10-17,,,,,,,,,,
新一代智能光通信系统,光通信,3,2023-12-01,重庆科技创新有限公司,已完成,2023-12-02,合格,重庆科技创新有限公司,光通信链路监测模块,重庆科技创新有限公司,VLC-027-2024,通信网络,无,标准型,V1.0,重庆市科技局,http://njtech.gov.cn/,2024-10-17,,,,,,,,,,
超高速可见光通信系统,光通信,1,2023-09-01,武汉光电科技有限公司,已完成,2023-09-02,合格,武汉光电科技有限公司,高速发射与接收模块,武汉光电科技有限公司,VLC-033-2024,交通管理,无,标准型,V1.0,武汉市科技局,http://wuhan.gov.cn/,2024-10-17,,,,,,,,,,
智能光照通信系统,光计算,2,2023-09-08,南京智能网络科技有限公司,审核中,2023-09-09,待定,南京智能网络科技有限公司,智能处理单元,南京智能网络科技有限公司,VLC-038-2024,远程通信,无,高级型,V2.0,南京市科技管理平台,http://nanjing.gov.cn/,2024-10-17,,,,,,,,,,
城市智慧交通光通信系统,光通信,1,2023-09-15,北京交通技术发展有限公司,已完成,2023-09-16,合格,北京交通技术发展有限公司,交通信号模块,北京交通技术发展有限公司,VLC-042-2024,电子教育,无,标准型,V1.0,北京市交通管理局,http://beijing.gov.cn/,2024-10-17,,,,,,,,,,
光频域传感系统,光计算,2,2023-08-25,深圳光电设备有限公司,已完成,2023-08-26,合格,深圳光电设备有限公司,传感器模块,深圳光电设备有限公司,VLC-003-2024,计算机技术,无,高级型,V2.0,深圳市光电产业管理局,http://shenzhen.gov.cn/,2024-10-17,,,,,,,,,,
智能环境监测光通信系统,光通信,1,2023-09-20,成都市环境科技有限公司,审核中,2023-09-21,待定,成都市环境科技有限公司,环境监测模块,成都市环境科技有限公司,VLC-007-2024,网络通信,无,标准型,V1.0,成都市科技局,http://chengdu.gov.cn/,2024-10-17,,,,,,,,,,
光网络资源管理系统,光网络,3,2023-09-25,广州光网络有限公司,已完成,2023-09-26,合格,广州光网络有限公司,资源调度模块,广州光网络有限公司,VLC-015-2024,企业服务,无,高级型,V2.1,广州市科技局,http://guangzhou.gov.cn/,2024-10-17,,,,,,,,,,
光存储计算服务器,光计算,2,2023-09-30,上海光电存储公司,审核中,2023-10-01,待定,上海光电存储公司,存储管理模块,上海光电存储公司,VLC-021-2024,教育研究,无,高级型,V3.0,上海市科技服务中心,http://shanghai.gov.cn/,2024-10-17,,,,,,,,,,
全光纤传输网络系统,光网络,3,2023-10-05,西安光纤技术研究所,已完成,2023-10-06,合格,西安光纤技术研究所,光纤调度模块,西安光纤技术研究所,VLC-005-2024,交通监控,无,标准型,V1.0,西安市科技局,http://xian.gov.cn/,2024-10-17,,,,,,,,,,
智能健康监测光通信系统,光通信,1,2023-10-12,杭州健康科技有限公司,审核中,2023-10-13,待定,杭州健康科技有限公司,健康监测模块,杭州健康科技有限公司,VLC-010-2024,计算机视觉,无,高级型,V2.2,杭州市科技局,http://hangzhou.gov.cn/,2024-10-17,,,,,,,,,,
未来光网络系统,光网络,2,2023-09-01,天津未来科技有限公司,已完成,2023-09-02,合格,天津未来科技有限公司,网络传输模块,天津未来科技有限公司,VLC-013-2024,物联网技术,无,标准型,V1.0,天津市科技局,http://guangzhou.gov.cn/,2024-10-17,,,,,,,,,,
智能信号处理系统,光计算,1,2023-09-10,杭州数据科技有限公司,审核中,2023-09-11,待定,杭州数据科技有限公司,信号解码模块,杭州数据科技有限公司,VLC-019-2024,监控技术,无,高级型,V2.0,杭州科技创新中心,http://shanghai.gov.cn/,2024-10-17,,,,,,,,,,
高效光信道系统,光通信,2,2023-09-20,苏州迅捷技术有限公司,已完成,2023-09-21,合格,苏州迅捷技术有限公司,多信道模块,苏州迅捷技术有限公司,VLC-025-2024,云计算,无,标准型,V1.0,苏州市科技局,http://xian.gov.cn/,2024-10-17,,,,,,,,,,
动态光环境监测系统,光通信,3,2023-09-25,西安创新科技有限公司,审核中,2023-09-26,待定,西安创新科技有限公司,环境监测模块,西安创新科技有限公司,VLC-008-2024,绿色科技,无,高级型,V2.1,西安科技管理局,http://hangzhou.gov.cn/,2024-10-17,,,,,,,,,,
光数据信息传输平台,光计算,1,2023-10-01,成都信通科技有限公司,已完成,2023-10-02,合格,成都信通科技有限公司,光数据信息模块,成都信通科技有限公司,VLC-003-2024,资料传输,无,标准型,V1.0,成都市信息技术局,http://guangzhou.gov.cn/,2024-10-17,,,,,,,,,,
增强现实光通信系统,光通信,1,2023-10-05,南京虚拟技术有限公司,审核中,2023-10-06,待定,南京虚拟技术有限公司,增强现实模块,南京虚拟技术有限公司,VLC-007-2024,交互技术,无,高级型,V2.0,南京市科技局,http://shanghai.gov.cn/,2024-10-17,,,,,,,,,,
智能光谱分析系统,光计算,2,2023-10-10,武汉智谱科技有限公司,已完成,2023-10-11,合格,武汉智谱科技有限公司,光谱分析模块,武汉智谱科技有限公司,VLC-012-2024,科学研究,无,标准型,V1.0,武汉市科技局,http://xian.gov.cn/,2024-10-17,,,,,,,,,,
智能化光控制系统,光通信,3,2023-10-15,郑州创新科技公司,审核中,2023-10-16,待定,郑州创新科技公司,控制管理模块,郑州创新科技公司,VLC-018-2024,电子工程,无,高级型,V2.0,郑州市科技局,http://hangzhou.gov.cn/,2024-10-17,,,,,,,,,,
光电导波系统,光计算,1,2023-10-20,长沙光电科技有限公司,已完成,2023-10-21,合格,长沙光电科技有限公司,光电导波模块,长沙光电科技有限公司,VLC-022-2024,光电通信,无,标准型,V1.0,长沙市科技局,http://guangzhou.gov.cn/,2024-10-17,,,,,,,,,,
智能城市光联网系统,光网络,1,2023-09-01,武汉未来科技有限公司,审核中,2023-09-02,待定,武汉未来科技有限公司,网络接口模块,武汉未来科技有限公司,VLC-029-2024,交通管理,无,标准型,V1.0,武汉市科技局信息平台,http://whstj.gov.cn/,2024-10-17,,,,,,,,,,
光学信息加密传输系统,光通信,2,2023-09-10,杭州光电技术有限公司,已完成,2023-09-11,合格,杭州光电技术有限公司,加密单元,杭州光电技术有限公司,VLC-034-2024,远程通信,无,高级型,V2.0,杭州市科技经济委员会,http://hzsti.gov.cn/,2024-10-17,,,,,,,,,,
医院智能可见光导航系统,光计算,1,2023-08-20,南京健康科技有限公司,已完成,2023-08-21,合格,南京健康科技有限公司,定位模块,南京健康科技有限公司,VLC-041-2024,电子教育,无,标准型,V1.0,南京市医疗信息系统,http://njhealth.gov.cn/,2024-10-17,,,,,,,,,,
光纤数据中心管理系统,光计算,3,2023-07-30,成都数据科技有限公司,审核中,2023-08-01,待定,成都数据科技有限公司,数据管理模块,成都数据科技有限公司,VLC-048-2024,计算机技术,无,标准型,V1.0,成都市大数据局,http://cddata.gov.cn/,2024-10-17,,,,,,,,,,
高效节能光通信系统,光通信,1,2023-06-25,天津市光电设备有限公司,已完成,2023-06-26,合格,天津市光电设备有限公司,光电模块,天津市光电设备有限公司,VLC-056-2024,网络通信,无,标准型,V1.0,天津市科技局,http://tianjin.gov.cn/,2024-10-17,,,,,,,,,,
城市公共安全监控系统,光网络,3,2023-08-15,郑州智监科技有限公司,审核中,2023-08-16,待定,郑州智监科技有限公司,监控模块,郑州智监科技有限公司,VLC-063-2024,企业服务,无,高级型,V2.0,郑州市公共安全管理中心,http://zzgongan.gov.cn/,2024-10-17,,,,,,,,,,
智能农业可见光监测系统,光通信,1,2023-09-15,广州未来农业技术公司,已完成,2023-09-16,合格,广州未来农业技术公司,环境监测模块,广州未来农业技术公司,VLC-072-2024,教育研究,无,标准型,V1.0,广州农业科技局,http://gzny.gov.cn/,2024-10-17,,,,,,,,,,
光学智能交通管理系统,光计算,2,2023-09-20,西安智慧交通科技有限公司,审核中,2023-09-21,待定,西安智慧交通科技有限公司,交通监测模块,西安智慧交通科技有限公司,VLC-081-2024,交通监控,无,高级型,V2.0,西安市交通管理局,http://xajgj.gov.cn/,2024-10-17,,,,,,,,,,
基于光学的智能家居系统,光网络,3,2023-09-05,贵阳智能家居科技有限公司,已完成,2023-09-06,合格,贵阳智能家居科技有限公司,家居控制模块,贵阳智能家居科技有限公司,VLC-094-2024,计算机视觉,无,高级型,V2.1,贵阳地方政府科技局,http://gy.gov.cn/,2024-10-17,,,,,,,,,,
微型光通信模块,光通信,1,2023-09-01,杭州光电技术有限公司,已完成,2023-09-02,合格,杭州光电技术有限公司,接收与发射单元,杭州光电技术有限公司,VLC-107-2024,物联网技术,无,标准型,V1.0,浙江省科技管理平台,http://zzgongan.gov.cn/,2024-10-17,,,,,,,,,,
智能家居光通信系统,光通信,2,2023-06-22,北京智慧家居科技有限公司,审核中,2023-06-23,待定,北京智慧家居科技有限公司,家居联接设备,北京智慧家居科技有限公司,VLC-002-2024,监控技术,无,高级型,V2.0,国家智能家居产业技术创新战略联盟,http://gzny.gov.cn/,2024-10-17,,,,,,,,,,
移动光计量系统,光计算,3,2023-08-05,上海移动科技有限公司,已完成,2023-08-06,合格,上海移动科技有限公司,流量分析核心模块,上海移动科技有限公司,VLC-005-2024,云计算,无,标准型,V1.0,上海市交通管理局,http://xajgj.gov.cn/,2024-10-17,,,,,,,,,,
光导纤维传输系统,光通信,1,2023-09-15,天津光电有限公司,待审,2023-09-16,待定,天津光电有限公司,光导纤维模块,天津光电有限公司,VLC-007-2024,远程通信,无,高级型,V2.0,天津市工业和信息化局,http://gy.gov.cn/,2024-10-17,,,,,,,,,,
教育可见光通信系统,光通信,1,2023-07-12,武汉教育科技集团,已完成,2023-07-13,合格,武汉教育科技集团,教育信息传递模块,武汉教育科技集团,VLC-010-2024,电子教育,无,标准型,V1.0,武汉市教育局,http://zzgongan.gov.cn/,2024-10-17,,,,,,,,,,
高效光计算系统,光计算,2,2023-08-25,南京光电科技有限公司,审核中,2023-08-26,待定,南京光电科技有限公司,计算处理平台,南京光电科技有限公司,VLC-013-2024,计算机技术,无,高级型,V2.1,南京市智慧城市建设办公室,http://gzny.gov.cn/,2024-10-17,,,,,,,,,,
光传输网络系统,光网络,3,2023-09-05,广州网络科技有限公司,已完成,2023-09-06,合格,广州网络科技有限公司,网络架构模块,广州网络科技有限公司,VLC-015-2024,网络通信,无,标准型,V1.0,广州信息科技局,http://xajgj.gov.cn/,2024-10-17,,,,,,,,,,
企业光通信解决方案,光通信,2,2023-06-30,重庆创新科技有限公司,待审,2023-07-01,待定,重庆创新科技有限公司,企业网络解决方案,重庆创新科技有限公司,VLC-018-2024,企业服务,无,高级型,V2.0,重庆市科技委员会,http://gy.gov.cn/,2024-10-17,,,,,,,,,,
高速光数据传输系统,光计算,3,2023-07-25,西安光电科技大学,审核中,2023-07-26,待定,西安光电科技大学,数据传输核心模块,西安光电科技大学,VLC-020-2024,教育研究,无,标准型,V1.0,国家科技部,http://zzgongan.gov.cn/,2024-10-17,,,,,,,,,,
长距离可见光传输系统,光通信,1,2023-09-01,南京光网络科技有限公司,已完成,2023-09-02,合格,南京光网络科技有限公司,长距离信号发射器,南京光网络科技有限公司,VLC-023-2024,交通监控,无,标准型,V1.0,南京市网络信息管理中心,http://gzny.gov.cn/,2024-10-17,,,,,,,,,,
智能取证光计算系统,光计算,2,2023-09-15,京东方科技集团,审核中,2023-09-16,待定,京东方科技集团,数据处理算法模块,京东方科技集团,VLC-027-2024,计算机视觉,无,高级型,V2.0,北京市科技创新局,http://xajgj.gov.cn/,2024-10-17,,,,,,,,,,
可见光物联网系统,光网络,3,2023-10-01,杭州物联网设计公司,已完成,2023-10-02,合格,杭州物联网设计公司,传感器网络模块,杭州物联网设计公司,VLC-007-2024,物联网技术,无,标准型,V1.0,杭州市科技局,http://gy.gov.cn/,2024-10-17,,,,,,,,,,
高频可见光监控系统,光通信,1,2023-10-10,苏州视讯科技有限公司,审核中,2023-10-11,待定,苏州视讯科技有限公司,视频监控模块,苏州视讯科技有限公司,VLC-012-2024,监控技术,无,高级型,V2.2,江苏省科技创新网,http://zzgongan.gov.cn/,2024-10-17,,,,,,,,,,
可见光数据传输解决方案,光计算,2,2023-10-20,福州光讯科技有限公司,已完成,2023-10-21,合格,福州光讯科技有限公司,数据传输模块,福州光讯科技有限公司,VLC-019-2024,云计算,无,标准型,V1.1,福州市科技局,http://zzgongan.gov.cn/,2024-10-17,,,,,,,,,,
可见光情报收集系统,光网络,3,2023-10-25,成都智能科技有限公司,审核中,2023-10-26,待定,成都智能科技有限公司,情报数据分析模块,成都智能科技有限公司,VLC-025-2024,安防技术,无,高级型,V2.1,成都市科技局,http://gzny.gov.cn/,2024-10-17,,,,,,,,,,
光通信智能决策系统,光计算,2,2023-11-02,西安智科科技有限公司,已完成,2023-11-03,合格,西安智科科技有限公司,智能算法模块,西安智科科技有限公司,VLC-033-2024,人工智能,无,标准型,V1.0,西安市科技局,http://xajgj.gov.cn/,2024-10-17,,,,,,,,,,
高效能光网络监测系统,光网络,3,2023-11-15,武汉网络科技公司,审核中,2023-11-16,待定,武汉网络科技公司,网络监测设备,武汉网络科技公司,VLC-046-2024,网络技术,有,高级型,V2.0,湖北省科技厅,http://gy.gov.cn/,2024-10-17,,,,,,,,,,
可见光智能家庭系统,光通信,1,2023-11-20,南宁未来科技有限公司,已完成,2023-11-21,合格,南宁未来科技有限公司,智能控制模块,南宁未来科技有限公司,VLC-052-2024,家庭自动化,无,标准型,V1.0,南宁市科学技术局,http://zzgongan.gov.cn/,2024-10-17,,,,,,,,,,
未来光网络系统,光通信,1,2023-09-01,武汉光电科技发展有限公司,已完成,2023-09-02,合格,武汉光电科技发展有限公司,智能光发射器,武汉光电科技发展有限公司,VLC-060-2024,未来通信技术,无,创新型,V1.0,武汉市科技创新平台,http://gzny.gov.cn/,2024-10-17,,,,,,,,,,
超高速光计算平台,光计算,2,2023-09-15,杭州信息技术有限公司,审查中,2023-09-16,待定,杭州信息技术有限公司,光子处理器,杭州信息技术有限公司,VLC-078-2024,计算科学,无,高级型,V3.0,杭州市科技局,http://xajgj.gov.cn/,2024-10-17,,,,,,,,,,
智能家庭光通信系统,光通信,1,2023-09-20,成都智能家居有限公司,已完成,2023-09-21,合格,成都智能家居有限公司,光信号接收器,成都智能家居有限公司,VLC-085-2024,生活科技,无,标准型,V1.5,成都市科技局,http://gy.gov.cn/,2024-10-17,,,,,,,,,,
企业级光计算服务系统,光计算,2,2023-10-01,天津商用科技有限公司,审核中,2023-10-02,待定,天津商用科技有限公司,企业数据光处理单元,天津商用科技有限公司,VLC-003-2024,业务管理,无,高级型,V2.5,天津市科技人才网,http://zzgongan.gov.cn/,2024-10-17,,,,,,,,,,
个人健康监测光系统,光应用,1,2023-10-10,南京生命科技公司,已完成,2023-10-11,合格,南京生命科技公司,健康监测设备,南京生命科技公司,VLC-007-2024,生命科学,无,标准型,V2.0,南京科技发展平台,http://gzny.gov.cn/,2024-10-17,,,,,,,,,,
城市智能交通光系统,智能交通,3,2023-10-15,郑州智能交通有限公司,审查中,2023-10-16,待定,郑州智能交通有限公司,交通信号控制模块,郑州智能交通有限公司,VLC-012-2024,交通管理,无,高级型,V1.3,郑州市交通科技局,http://xajgj.gov.cn/,2024-10-17,,,,,,,,,,
工业生产光通信监控系统,光通信,1,2023-10-20,苏州智能制造科技有限公司,已完成,2023-10-21,合格,苏州智能制造科技有限公司,生产监控光传输单元,苏州智能制造科技有限公司,VLC-019-2024,制造业,无,标准型,V1.0,苏州市科技创新平台,http://gy.gov.cn/,2024-10-17,,,,,,,,,,
多媒体光通信整合系统,光通信,1,2023-10-25,厦门多媒体技术有限公司,已完成,2023-10-26,合格,厦门多媒体技术有限公司,多媒体传输单元,厦门多媒体技术有限公司,VLC-024-2024,媒体传播,无,标准型,V1.1,厦门市科技发展局,http://zzgongan.gov.cn/,2024-10-17,,,,,,,,,,
高度集成光网络系统,光网络,3,2023-10-30,青岛网络科技有限公司,审核中,2023-10-31,待定,青岛网络科技有限公司,网络数据传输模块,青岛网络科技有限公司,VLC-031-2024,网络服务,无,高级型,V2.2,青岛市科技局,http://gzny.gov.cn/,2024-10-17,,,,,,,,,,
新一代光通信系统,光通信,1,2023-09-05,杭州光技术有限公司,已完成,2023-09-06,合格,杭州光技术有限公司,光信号放大模块,杭州光技术有限公司,VLC-037-2024,运输技术,无,高级型,V3.0,浙江省科技局,http://zjkjt.zj.gov.cn/,2024-10-17,,,,,,,,,,
城市光环境数据系统,光计算,2,2023-08-25,南京智能科技有限公司,审核中,2023-08-26,待定,南京智能科技有限公司,数据采集与分析单元,南京智能科技有限公司,VLC-045-2024,交通管理,无,标准型,V1.0,江苏省科学技术信息网,http://www.jskj.gov.cn/,2024-10-17,,,,,,,,,,
智能家居可见光控制系统,光通信,1,2023-09-10,天津智能家居有限公司,已完成,2023-09-11,合格,天津智能家居有限公司,智能控制模块,天津智能家居有限公司,VLC-052-2024,生活科技,无,标准型,V1.2,天津市科技委员会,http://www.tjkw.gov.cn/,2024-10-17,,,,,,,,,,
高效光数据传输系统,光网络,3,2023-09-17,西安先进通信技术研究院,审核中,2023-09-18,待定,西安先进通信技术研究院,数据传输链路,西安先进通信技术研究院,VLC-060-2024,通信技术,无,高级型,V2.0,陕西省科技信息网,http://www.sxtkw.gov.cn/,2024-10-17,,,,,,,,,,
光网络智能监控系统,光网络,3,2023-09-25,武汉数据安全公司,已完成,2023-09-26,合格,武汉数据安全公司,安全监控模块,武汉数据安全公司,VLC-007-2024,网络安全,无,标准型,V1.5,湖北省安全技术管理局,http://www.hbsafe.gov.cn/,2024-10-17,,,,,,,,,,
农业光监测系统,光计算,2,2023-10-02,成都农业科技研究院,审核中,2023-10-03,待定,成都农业科技研究院,农业监测模块,成都农业科技研究院,VLC-012-2024,农业监测,无,标准型,V1.1,四川省农业厅,http://www.scagri.gov.cn/,2024-10-17,,,,,,,,,,
光通信与计算联合平台,光通信,1,2023-10-05,长春光电技术公司,已完成,2023-10-06,合格,长春光电技术公司,光电转换单元,长春光电技术公司,VLC-019-2024,通信技术,无,高级型,V2.2,吉林省科技局,http://www.jilink.gov.cn/,2024-10-17,,,,,,,,,,
智能运输光通信系统,光通信,1,2023-10-15,贵阳智能交通科技有限公司,已完成,2023-10-16,合格,贵阳智能交通科技有限公司,实时数据传输模块,贵阳智能交通科技有限公司,VLC-024-2024,交通管理,无,高级型,V2.0,贵州省交通运输厅,http://www.gzjt.gov.cn/,2024-10-17,,,,,,,,,,
城市智慧照明系统,光计算,2,2023-10-20,青岛智能灯具有限公司,审核中,2023-10-21,待定,青岛智能灯具有限公司,照明控制模块,青岛智能灯具有限公司,VLC-035-2024,城市管理,无,标准型,V1.0,山东省科技厅,http://www.sdst.gov.cn/,2024-10-17,,,,,,,,,,
下一代可见光通信系统,光通信,1,2023-09-01,杭州未来科技有限公司,已完成,2023-09-02,合格,杭州未来科技有限公司,高速光发射与接收模块,杭州未来科技有限公司,VLC-041-2024,网络安全,无,标准型,V1.0,浙江省科技局,http://www.zj.gov.cn/,2024-10-17,,,,,,,,,,
智能光计算云平台,光计算,2,2023-09-12,南京光电科技有限公司,审核中,2023-09-13,待定,南京光电科技有限公司,光数据处理模块,南京光电科技有限公司,VLC-056-2024,农业监测,无,高级型,V2.0,江苏省科技厅,http://www.js.gov.cn/,2024-10-17,,,,,,,,,,
光网络监控治理系统,光网络,3,2023-08-05,成都网络科技有限公司,已完成,2023-08-06,合格,成都网络科技有限公司,安全监控单元,成都网络科技有限公司,VLC-063-2024,通信技术,无,普通型,V1.0,四川省科技厅,http://www.sc.gov.cn/,2024-10-17,,,,,,,,,,
智能城市光通信系统,光通信,1,2023-07-30,上海智能科技有限公司,已完成,2023-07-31,合格,上海智能科技有限公司,光信号传输模块,上海智能科技有限公司,VLC-078-2024,交通管理,无,标准型,V1.0,上海市科技委员会,http://www.shanghai.gov.cn/,2024-10-17,,,,,,,,,,
高效光传输与计算系统,光计算,2,2023-08-17,天津创新科技有限公司,审核中,2023-08-18,待定,天津创新科技有限公司,光信号处理单元,天津创新科技有限公司,VLC-084-2024,城市管理,无,高级型,V2.0,天津市科技局,http://www.tianjin.gov.cn/,2024-10-17,,,,,,,,,,
高速光数据网络系统,光网络,3,2023-09-21,重庆光电科技中心,已完成,2023-09-22,合格,重庆光电科技中心,高效传输模块,重庆光电科技中心,VLC-007-2024,网络安全,无,标准型,V1.0,重庆市科技局,http://www.cq.gov.cn/,2024-10-17,,,,,,,,,,
智能交通光通信系统,光通信,1,2023-10-01,武汉智能交通有限公司,审核中,2023-10-02,待定,武汉智能交通有限公司,信号控制模块,武汉智能交通有限公司,VLC-012-2024,农业监测,无,高级型,V2.0,湖北省科技厅,http://www.hubei.gov.cn/,2024-10-17,,,,,,,,,,
光通信健康监测系统,光网络,3,2023-09-28,陕西网络技术有限公司,已完成,2023-09-29,合格,陕西网络技术有限公司,实时监测模块,陕西网络技术有限公司,VLC-019-2024,通信技术,无,标准型,V1.0,陕西省科技厅,http://www.shaanxi.gov.cn/,2024-10-17,,,,,,,,,,
光计算数据集成系统,光计算,2,2023-10-10,青岛光电产业公司,审核中,2023-10-11,待定,青岛光电产业公司,光数据分析模块,青岛光电产业公司,VLC-024-2024,交通管理,无,高级型,V2.0,山东省科技局,http://www.qd.gov.cn/,2024-10-17,,,,,,,,,,
新一代超高速光通信系统,光通信,1,2023-09-01,江苏创新光电有限公司,已完成,2023-09-02,合格,江苏创新光电有限公司,光调制模块,江苏创新光电有限公司,VLC-036-2024,通信技术,无,标准型,V1.0,江苏省科技厅,http://jst.jiangsu.gov.cn/,2024-10-17,,,,,,,,,,
智能光网络优化系统,光网络,2,2023-09-15,杭州信息技术有限公司,审核中,2023-09-16,待定,杭州信息技术有限公司,智能调度算法,杭州信息技术有限公司,VLC-042-2024,计算机网络,无,高级型,V2.0,浙江省科学技术协会,http://www.zjsta.gov.cn/,2024-10-17,,,,,,,,,,
光智能监控系统,光计算,1,2023-08-20,北京智联科技股份有限公司,已完成,2023-08-21,合格,北京智联科技股份有限公司,监控数据分析单元,北京智联科技股份有限公司,VLC-058-2024,监控技术,无,标准型,V1.0,北京市统计局,http://www.bjtj.gov.cn/,2024-10-17,,,,,,,,,,
下一代光信息处理系统,光计算,2,2023-10-01,厦门联通科技有限公司,审核中,2023-10-02,待定,厦门联通科技有限公司,光信号处理模块,厦门联通科技有限公司,VLC-064-2024,处理技术,无,高级型,V2.1,福建省科技厅,http://www.fjst.gov.cn/,2024-10-17,,,,,,,,,,
高效能光信号传输系统,光通信,1,2023-09-10,重庆光电股份有限公司,已完成,2023-09-11,合格,重庆光电股份有限公司,光发射模块,重庆光电股份有限公司,VLC-075-2024,通信技术,无,标准型,V1.1,重庆市科技局,http://www.cqst.gov.cn/,2024-10-17,,,,,,,,,,
多模光通信系统,光通信,3,2023-10-05,天津未来科技研究院,审核中,2023-10-06,待定,天津未来科技研究院,多模信号接收模块,天津未来科技研究院,VLC-083-2024,传输技术,无,高级型,V2.2,天津市科技厅,http://www.tjst.gov.cn/,2024-10-17,,,,,,,,,,
便携式光计算终端,光计算,1,2023-09-25,武汉万维科技有限责任公司,已完成,2023-09-26,合格,武汉万维科技有限责任公司,便携式计算单元,武汉万维科技有限责任公司,VLC-003-2024,现场测试,无,标准型,V1.0,湖北省科技局,http://www.hbkj.gov.cn/,2024-10-17,,,,,,,,,,
智能光网络安防系统,光网络,3,2023-10-10,福建安防科技有限公司,审核中,2023-10-11,待定,福建安防科技有限公司,光监控模块,福建安防科技有限公司,VLC-015-2024,网络安全,无,高级型,V2.1,福建省安防协会,http://www.fjaq.gov.cn/,2024-10-17,,,,,,,,,,
高端光数据中心系统,光计算,1,2023-09-30,广东光电云计算技术有限公司,已完成,2023-10-01,合格,广东光电云计算技术有限公司,云计算处理模块,广东光电云计算技术有限公司,VLC-007-2024,数据处理,无,标准型,V1.1,广东省科学技术厅,http://www.gdst.gov.cn/,2024-10-17,,,,,,,,,,
未来智能光通信系统,光通信,1,2023-09-05,杭州未来科技有限公司,已完成,2023-09-06,合格,杭州未来科技有限公司,多通道调制模块,杭州未来科技有限公司,VLC-012-2024,先进通信技术,无,标准型,V1.0,国家科技创新平台,http://www.tjst.gov.cn/,2024-10-17,,,,,,,,,,
智能高清光传输系统,光计算,2,2023-09-12,北京现代信息科技有限公司,审核中,2023-09-13,待定,北京现代信息科技有限公司,信号解码器,北京现代信息科技有限公司,VLC-024-2024,影像技术,无,高级型,V2.0,中国数字技术平台,http://www.hbkj.gov.cn/,2024-10-17,,,,,,,,,,
新一代光网络协作系统,光网络,3,2023-07-29,南京光通信技术有限公司,已完成,2023-07-30,合格,南京光通信技术有限公司,协作接口模块,南京光通信技术有限公司,VLC-005-2024,互联网技术,无,标准型,V1.5,江苏省高新技术企业管理系统,http://www.fjaq.gov.cn/,2024-10-17,,,,,,,,,,
动态光信号转换系统,光计算,2,2023-10-01,重庆光电集团,审核中,2023-10-02,待定,重庆光电集团,信号转换单元,重庆光电集团,VLC-018-2024,电子通信,无,高级型,V2.2,重庆市科技厅,http://www.gdst.gov.cn/,2024-10-17,,,,,,,,,,
智能化防干扰光网络,光网络,3,2023-09-15,武汉智慧网络,已完成,2023-09-16,合格,武汉智慧网络,防干扰模块,武汉智慧网络,VLC-009-2024,保障系统,无,标准型,V1.1,中央网络安全管理局,http://www.tjst.gov.cn/,2024-10-17,,,,,,,,,,
超高速可见光传输系统,光通信,1,2023-08-25,合肥高新技术公司,审核中,2023-08-26,待定,合肥高新技术公司,多波长光源,合肥高新技术公司,VLC-022-2024,未来网络,无,高级型,V2.0,安徽省科技厅,http://www.hbkj.gov.cn/,2024-10-17,,,,,,,,,,
量子安全光通讯系统,光通信,1,2023-09-29,厦门量子科技有限公司,已完成,2023-09-30,合格,厦门量子科技有限公司,光量子解码器,厦门量子科技有限公司,VLC-013-2024,量子通信,无,标准型,V1.0,福建省科技厅,http://www.fjaq.gov.cn/,2024-10-17,,,,,,,,,,
新型医用光传输系统,光计算,2,2023-10-12,成都医疗科技研究所,审核中,2023-10-13,待定,成都医疗科技研究所,光信号采集器,成都医疗科技研究所,VLC-002-2024,医疗健康,无,高级型,V2.3,四川省科技厅,http://www.gdst.gov.cn/,2024-10-17,,,,,,,,,,
智能家居可见光网络,光网络,3,2023-09-20,深圳智能家居科技有限公司,已完成,2023-09-21,合格,深圳智能家居科技有限公司,智能控制模块,深圳智能家居科技有限公司,VLC-005-2024,家庭自动化,无,标准型,V1.0,深圳市市场监督管理局,http://www.tjst.gov.cn/,2024-10-17,,,,,,,,,,
城市智能灯光控制系统,光通信,1,2023-09-05,北京城市智能科技有限公司,已完成,2023-09-06,合格,北京城市智能科技有限公司,灯光控制模块,北京城市智能科技有限公司,VLC-010-2024,生态智慧城市,无,标准型,V1.0,江苏省高新技术企业管理系统,http://www.hbkj.gov.cn/,2024-10-17,,,,,,,,,,
医疗图像传输系统,光计算,2,2023-09-15,杭州健康科技有限公司,审核中,2023-09-16,待定,杭州健康科技有限公司,图像处理单元,杭州健康科技有限公司,VLC-013-2024,医疗电子,无,高级型,V1.0,重庆市科技厅,http://www.fjaq.gov.cn/,2024-10-17,,,,,,,,,,
智能家居可见光通信系统,光通信,1,2023-10-01,上海未来家居科技公司,已完成,2023-10-02,合格,上海未来家居科技公司,智能控制模块,上海未来家居科技公司,VLC-018-2024,智能家居,无,标准型,V1.0,中央网络安全管理局,http://www.gdst.gov.cn/,2024-10-17,,,,,,,,,,
高效能光计算平台,光计算,2,2023-10-10,南京慧智光电研究院,审核中,2023-10-11,待定,南京慧智光电研究院,计算处理单元,南京慧智光电研究院,VLC-022-2024,信息技术,无,高级型,V1.0,安徽省科技厅,http://www.tjst.gov.cn/,2024-10-17,,,,,,,,,,
智能交通调度系统,光网络,3,2023-10-20,武汉智能交通技术公司,已完成,2023-10-21,合格,武汉智能交通技术公司,交通信号控制模块,武汉智能交通技术公司,VLC-027-2024,交通管理,无,标准型,V1.0,福建省科技厅,http://www.hbkj.gov.cn/,2024-10-17,,,,,,,,,,
航天通信光系统,光通信,1,2023-10-25,长沙航天科技公司,审核中,2023-10-26,待定,长沙航天科技公司,卫星光信号模块,长沙航天科技公司,VLC-033-2024,航天技术,无,高级型,V1.0,四川省科技厅,http://www.fjaq.gov.cn/,2024-10-17,,,,,,,,,,
智能教育信息传输系统,光通信,1,2023-10-30,广州智能教育科技公司,已完成,2023-10-31,合格,广州智能教育科技公司,数据交互模块,广州智能教育科技公司,VLC-040-2024,教育信息技术,无,标准型,V1.0,深圳市市场监督管理局,http://www.gdst.gov.cn/,2024-10-17,,,,,,,,,,
分布式光存储系统,光计算,2,2023-11-05,西安光电存储科技公司,审核中,2023-11-06,待定,西安光电存储科技公司,存储处理模块,西安光电存储科技公司,VLC-045-2024,数据存储与处理,无,高级型,V1.0,江苏省高新技术企业管理系统,http://www.tjst.gov.cn/,2024-10-17,,,,,,,,,,
激光微处理系统,光计算,2,2023-11-15,青岛激光科技有限公司,已完成,2023-11-16,合格,青岛激光科技有限公司,处理与控制单元,青岛激光科技有限公司,VLC-002-2025,制造业,无,标准型,V1.0,重庆市科技厅,http://www.hbkj.gov.cn/,2024-10-17,,,,,,,,,,
先进光通信终端系统,光通信,1,2023-09-01,南京光电科技有限公司,已完成,2023-09-02,合格,南京光电科技有限公司,数据传输模块,南京光电科技有限公司,VLC-005-2024,通信技术,无,标准型,V1.2,南京市科技局注册系统,http://www.fjaq.gov.cn/,2024-10-17,,,,,,,,,,
城市智能灯光控制系统,光网络,2,2023-08-25,杭州智慧科技集团,审核中,2023-08-26,待定,杭州智慧科技集团,灯光控制单元,杭州智慧科技集团,VLC-007-2026,物联网,无,高级型,V2.0,杭州市科技业务管理平台,http://www.gdst.gov.cn/,2024-10-17,,,,,,,,,,
光纤融合计算系统,光计算,1,2023-09-10,成都高科技有限公司,已完成,2023-09-11,合格,成都高科技有限公司,计算单元模块,成都高科技有限公司,VLC-009-2023,计算技术,无,标准型,V1.1,成都市科技管理平台,http://www.tjst.gov.cn/,2024-10-17,,,,,,,,,,
室内导航光信号系统,光通信,2,2023-09-12,厦门新科技有限公司,审核中,2023-09-13,待定,厦门新科技有限公司,信号发射器,厦门新科技有限公司,VLC-011-2025,物流管理,无,高级型,V1.3,厦门市高新技术企业平台,http://www.tjst.gov.cn/,2024-10-17,,,,,,,,,,
智能交通光通信系统,光网络,3,2023-09-15,武汉智能交通公司,已完成,2023-09-16,合格,武汉智能交通公司,交通监控模块,武汉智能交通公司,VLC-013-2024,交通管理,无,标准型,V2.0,武汉市交通运输局,http://www.hbkj.gov.cn/,2024-10-17,,,,,,,,,,
高密度数据光计算系统,光计算,1,2023-09-20,深圳频道科技有限公司,已完成,2023-09-21,合格,深圳频道科技有限公司,数据处理引擎,深圳频道科技有限公司,VLC-017-2026,计算技术,无,高级型,V2.2,深圳市科技局,http://www.fjaq.gov.cn/,2024-10-17,,,,,,,,,,
可见光手势识别系统,光通信,2,2023-09-25,北京手势科技有限公司,审核中,2023-09-26,待定,北京手势科技有限公司,交互检测模块,北京手势科技有限公司,VLC-019-2023,人机交互,无,标准型,V1.0,北京市科技服务管理平台,http://www.gdst.gov.cn/,2024-10-17,,,,,,,,,,
多功能光学传感系统,光网络,3,2023-09-30,上海光学传感科技有限公司,已完成,2023-10-01,合格,上海光学传感科技有限公司,环境监测模块,上海光学传感科技有限公司,VLC-021-2025,交通管理,无,高级型,V2.0,上海市科技创新办公室,http://www.tjst.gov.cn/,2024-10-17,,,,,,,,,,
光栅通信提升系统,光通信,1,2023-10-05,沈阳光电企业有限公司,已完成,2023-10-06,合格,沈阳光电企业有限公司,信号增强器,沈阳光电企业有限公司,VLC-023-2024,远程通信,无,标准型,V1.5,沈阳市科技管理局,http://www.hbkj.gov.cn/,2024-10-17,,,,,,,,,,
新一代高速可见光系统,光通信,1,2023-09-01,杭州光电科技有限公司,已完成,2023-09-02,合格,杭州光电科技有限公司,光信号解析模块,杭州光电科技有限公司,VLC-007-2024,电子教育,无,标准型,V1.1,国家光电技术管理平台,http://www.nationaloptics.gov.cn/,2024-10-17,,,,,,,,,,
智能化光计算加速器,光计算,2,2023-09-10,武汉光计算研究所,审核中,2023-09-11,待定,武汉光计算研究所,计算加速模块,武汉光计算研究所,VLC-012-2024,计算机技术,无,高级型,V2.0,光电技术产业园,http://www.opticalindustrypark.cn/,2024-10-17,,,,,,,,,,
可见光交互通信系统,光通信,1,2023-10-05,成都未来光科技有限公司,已完成,2023-10-06,合格,成都未来光科技有限公司,交互接口模块,成都未来光科技有限公司,VLC-019-2024,网络通信,无,标准型,V1.0,成都市科技创新中心,http://www.cdstic.gov.cn/,2024-10-17,,,,,,,,,,
可见光智能传感网络,光网络,3,2023-09-25,天津智能信号技术股份有限公司,审核中,2023-09-26,待定,天津智能信号技术股份有限公司,传感器模块,天津智能信号技术股份有限公司,VLC-023-2024,企业服务,无,高级型,V2.1,国家智能网络安全平台,http://www.smartnetwork.gov.cn/,2024-10-17,,,,,,,,,,
基于可见光的环境监测系统,光通信,1,2023-08-30,南京环境技术研究院,已完成,2023-08-31,合格,南京环境技术研究院,环境监测模块,南京环境技术研究院,VLC-035-2024,教育研究,无,标准型,V1.0,中国环境科技网络,http://www.cnenvirolink.gov.cn/,2024-10-17,,,,,,,,,,
下一代光网络速率提升系统,光网络,3,2023-10-12,西安光网络技术公司,审核中,2023-10-13,待定,西安光网络技术公司,速率提升模块,西安光网络技术公司,VLC-041-2024,交通监控,无,高级型,V3.0,国家光网络发展局,http://www.godn.gov.cn/,2024-10-17,,,,,,,,,,
室内可见光定位系统,光通信,1,2023-10-20,沈阳智能科技有限责任公司,已完成,2023-10-21,合格,沈阳智能科技有限责任公司,定位模块,沈阳智能科技有限责任公司,VLC-058-2024,计算机视觉,无,标准型,V1.1,中国智能定位与导航网,http://www.zhnavi.gov.cn/,2024-10-17,,,,,,,,,,
可见光融入车联网的通信技术,光通信,1,2023-11-01,北京车联网科技有限公司,审核中,2023-11-02,待定,北京车联网科技有限公司,车载通信模块,北京车联网科技有限公司,VLC-063-2024,物联网技术,无,高级型,V2.0,国家交通部科技处,http://www.mot.gov.cn/,2024-10-17,,,,,,,,,,
智能可见光家庭网络系统,光网络,2,2023-11-15,上海智慧家庭科技有限公司,已完成,2023-11-16,合格,上海智慧家庭科技有限公司,家庭网络模块,上海智慧家庭科技有限公司,VLC-075-2024,监控技术,无,标准型,V1.0,居民网络科技服务平台,http://www.familytech.gov.cn/,2024-10-17,,,,,,,,,,
高性能可见光通信系统,光通信,1,2023-09-05,杭州光网络科技有限公司,已完成,2023-09-06,合格,杭州光网络科技有限公司,光信号处理单元,杭州光网络科技有限公司,VLC-089-2024,云计算,无,标准型,V1.0,浙江省科技局,http://www.godn.gov.cn/,2024-10-17,,,,,,,,,,
智能光计算优化系统,光计算,2,2023-08-25,广州光技术开发有限公司,审核中,2023-08-26,待定,广州光技术开发有限公司,光频率调制模块,广州光技术开发有限公司,VLC-023-2024,计算机科学,无,高级型,V2.0,广州市科技局,http://www.zhnavi.gov.cn/,2024-10-17,,,,,,,,,,
多模式可见光传输系统,光通信,1,2023-07-15,沈阳光电科技有限公司,已完成,2023-07-16,合格,沈阳光电科技有限公司,光传输协议模块,沈阳光电科技有限公司,VLC-059-2024,交通运输,无,标准型,V1.0,沈阳科技发展局,http://www.mot.gov.cn/,2024-10-17,,,,,,,,,,
高级光网络照明系统,光网络,3,2023-07-30,南京智慧光电有限公司,审核中,2023-07-31,待定,南京智慧光电有限公司,光源与控制模块,南京智慧光电有限公司,VLC-087-2024,绿色照明,无,高级型,V2.1,南京市科技情报网站,http://www.familytech.gov.cn/,2024-10-17,,,,,,,,,,
实时光信号传输系统,光通信,1,2023-06-10,天津精密光学有限公司,已完成,2023-06-11,合格,天津精密光学有限公司,光信号接收模块,天津精密光学有限公司,VLC-112-2024,监控系统,无,标准型,V1.0,天津市科学技术委员会,http://www.godn.gov.cn/,2024-10-17,,,,,,,,,,
集成光计算处理系统,光计算,2,2023-08-20,成都光电科技研究院,审核中,2023-08-21,待定,成都光电科技研究院,光计算单元,成都光电科技研究院,VLC-175-2024,计算机信息,无,高级型,V2.0,成都市科技局,http://www.zhnavi.gov.cn/,2024-10-17,,,,,,,,,,
前沿光网络安全系统,光网络,3,2023-09-10,西安网络科技公司,已完成,2023-09-11,合格,西安网络科技公司,网络监测模块,西安网络科技公司,VLC-204-2024,互联网安全,无,高级型,V2.1,西安市科技局,http://www.mot.gov.cn/,2024-10-17,,,,,,,,,,
未来光传输解决方案,光通信,1,2023-08-05,福州光电科技有限公司,审核中,2023-08-06,待定,福州光电科技有限公司,光数据传输单元,福州光电科技有限公司,VLC-231-2024,物流运输,无,标准型,V1.0,福建省科技厅,http://www.familytech.gov.cn/,2024-10-17,,,,,,,,,,
光子计算智能系统,光计算,2,2023-09-18,昆明光通信与计算研究所,已完成,2023-09-19,合格,昆明光通信与计算研究所,光子信号处理单元,昆明光通信与计算研究所,VLC-290-2024,量子计算,无,高级型,V2.0,云南省科技厅,http://www.godn.gov.cn/,2024-10-17,,,,,,,,,,
高效光信号处理系统,光处理,2,2023-09-01,厦门光通信有限公司,已完成,2023-09-02,合格,厦门光通信有限公司,光信号转换模块,厦门光通信有限公司,VLC-315-2024,电子技术,无,标准型,V1.0,国家光电信息技术网,http://www.optic.cn/,2024-10-17,,,,,,,,,,
智能家居光网络系统,光通信,1,2023-09-05,杭州智能科技有限公司,审核中,2023-09-06,待定,杭州智能科技有限公司,家庭光网络模块,杭州智能科技有限公司,VLC-389-2024,物联网技术,无,高级型,V2.0,中国物联网发展研究中心,http://www.iot.org.cn/,2024-10-17,,,,,,,,,,
超高速可见光通信系统,光通信,3,2023-09-15,武汉光网络科技有限公司,已完成,2023-09-16,合格,武汉光网络科技有限公司,光信号发射模块,武汉光网络科技有限公司,VLC-004-2025,先进通信,无,标准型,V1.0,光通信技术创新平台,http://www.opticinnovations.com/,2024-10-17,,,,,,,,,,
医疗光信息处理系统,光计算,2,2023-10-01,上海医疗科技有限公司,审核中,2023-10-02,待定,上海医疗科技有限公司,信息处理单元,上海医疗科技有限公司,VLC-009-2024,生命科学,无,高级型,V1.2,中国医疗器械行业协会,http://www.cmda.org.cn/,2024-10-17,,,,,,,,,,
高效光网络安全监控系统,光网络,3,2023-10-10,天津网络安全技术有限公司,待审核,2023-10-11,待定,天津网络安全技术有限公司,网络监控模块,天津网络安全技术有限公司,VLC-015-2023,互联网安全,无,高级型,V2.0,国家网络安全局,http://www.cac.gov.cn/,2024-10-17,,,,,,,,,,
云计算光通讯系统,光计算,2,2023-10-15,成都云科技有限公司,已完成,2023-10-16,合格,成都云科技有限公司,云数据处理模块,成都云科技有限公司,VLC-002-2026,计算机科学,无,标准型,V1.0,四川省科技厅,http://www.scst.gov.cn/,2024-10-17,,,,,,,,,,
智慧交通光通信系统,光通信,1,2023-10-20,北京智慧交通有限公司,待审核,2023-10-21,待定,北京智慧交通有限公司,交通监控组件,北京智慧交通有限公司,VLC-011-2024,交通系统,无,高级型,V2.1,北京市交通委员会,http://jtw.beijing.gov.cn/,2024-10-17,,,,,,,,,,
农业传感光通信系统,光通信,1,2023-10-30,郑州农业科技公司,已完成,2023-10-31,合格,郑州农业科技公司,传感器模块,郑州农业科技公司,VLC-007-2025,农业技术,无,标准型,V1.0,中国农业科学院,http://www.caas.cn/,2024-10-17,,,,,,,,,,
环境监测光通讯系统,光计算,2,2023-11-05,南京环境科技公司,待审核,2023-11-06,待定,南京环境科技公司,环境监测模块,南京环境科技公司,VLC-013-2023,环境保护,无,高级型,V2.0,江苏省环境保护厅,http://www.jshb.gov.cn/,2024-10-17,,,,,,,,,,
高速传输光通信系统,光通信,1,2023-09-05,杭州技术发展有限公司,已完成,2023-09-06,合格,杭州技术发展有限公司,无线收发模块,杭州技术发展有限公司,VLC-005-2026,电子通信,无,标准型,V1.0,浙江省科技厅,http://www.zj.gov.cn/,2024-10-17,,,,,,,,,,
智能光网络管理系统,光网络,2,2023-09-15,南京光电科技有限公司,审核中,2023-09-16,待定,南京光电科技有限公司,流量监测模块,南京光电科技有限公司,VLC-008-2024,运营管理,无,高级型,V2.0,江苏省科技局,http://www.jiangsu.gov.cn/,2024-10-17,,,,,,,,,,
融合光信号处理系统,光计算,1,2023-10-01,上海未来科技有限公司,已完成,2023-10-02,合格,上海未来科技有限公司,光信号处理器,上海未来科技有限公司,VLC-010-2023,计算机科学,无,标准型,V1.1,上海市科技委员会,http://www.shanghai.gov.cn/,2024-10-17,,,,,,,,,,
无线可见光传输平台,光通信,3,2023-10-10,武汉光电工程公司,审核中,2023-10-11,待定,武汉光电工程公司,光纤与发射模块,武汉光电工程公司,VLC-007-2024,远程通信,无,高级型,V2.2,湖北省科技厅,http://www.hubei.gov.cn/,2024-10-17,,,,,,,,,,
超高频光网络系统,光网络,2,2023-11-01,成都现代科技集团,已完成,2023-11-02,合格,成都现代科技集团,网络管理与监控系统,成都现代科技集团,VLC-005-2024,互联网技术,无,标准型,V1.0,四川省科技厅,http://www.sc.gov.cn/,2024-10-17,,,,,,,,,,
智能家居光通信系统,光通信,1,2023-11-10,厦门智能科技有限公司,审核中,2023-11-11,待定,厦门智能科技有限公司,家庭自动化模块,厦门智能科技有限公司,VLC-012-2024,物联网,无,高级型,V2.1,福建省科技厅,http://www.fujian.gov.cn/,2024-10-17,,,,,,,,,,
城市智能光监控系统,光计算,3,2023-12-01,西安未来科技公司,已完成,2023-12-02,合格,西安未来科技公司,城市监控与分析模块,西安未来科技公司,VLC-009-2024,城市管理,无,标准型,V1.2,陕西省科技厅,http://www.shaanxi.gov.cn/,2024-10-17,,,,,,,,,,
无人机光通信系统,光通信,2,2024-01-10,青岛无人机科技有限公司,审核中,2024-01-11,待定,青岛无人机科技有限公司,无人机通信链路,青岛无人机科技有限公司,VLC-014-2024,UAV技术,无,高级型,V2.3,山东省科技厅,http://www.shandong.gov.cn/,2024-10-17,,,,,,,,,,
光量子计算系统,光计算,1,2024-01-20,哈尔滨量子科技有限公司,已完成,2024-01-21,合格,哈尔滨量子科技有限公司,量子数据处理模块,哈尔滨量子科技有限公司,VLC-003-2024,量子计算,无,标准型,V1.0,黑龙江省科技厅,http://www.hlj.gov.cn/,2024-10-17,,,,,,,,,,
城市智能交通系统,光通信,1,2023-09-05,成都智慧科技有限公司,已完成,2023-09-06,合格,成都智慧科技有限公司,交通管理模块,成都智慧科技有限公司,VLC-011-2024,交通运输,无,标准型,V1.1,成都科技创新管理系统,http://www.sc.gov.cn/,2024-10-17,,,,,,,,,,
光学信号增强系统,光通信,2,2023-09-10,杭州光电科技有限公司,审核中,2023-09-11,待定,杭州光电科技有限公司,信号增强单元,杭州光电科技有限公司,VLC-004-2024,通信技术,无,高级型,V2.0,杭州科技业务管理系统,http://www.fujian.gov.cn/,2024-10-17,,,,,,,,,,
光计算优化平台,光计算,1,2023-08-20,武汉量子通信研究所,已完成,2023-08-21,合格,武汉量子通信研究所,优化算法模块,武汉量子通信研究所,VLC-010-2024,计算机科学,无,标准型,V1.0,武汉工业科技管理系统,http://www.shaanxi.gov.cn/,2024-10-17,,,,,,,,,,
智慧城市监控系统,光网络,3,2023-09-15,南京智能网络公司,审核中,2023-09-16,待定,南京智能网络公司,监控传输模块,南京智能网络公司,VLC-008-2024,监控系统,无,高级型,V2.1,南京科技发展管理系统,http://www.shandong.gov.cn/,2024-10-17,,,,,,,,,,
智能医疗数据传输系统,光通信,2,2023-09-25,上海智慧医疗科技有限公司,已完成,2023-09-26,合格,上海智慧医疗科技有限公司,医疗数据处理模块,上海智慧医疗科技有限公司,VLC-032-2024,电子医疗,无,标准型,V1.1,上海市医疗科技管理系统,http://www.hlj.gov.cn/,2024-10-17,,,,,,,,,,
农业环境监测系统,光计算,1,2023-10-01,北京农业科技研究院,审核中,2023-10-02,待定,北京农业科技研究院,环境监测模块,北京农业科技研究院,VLC-015-2024,农业科技,无,高级型,V2.0,北京科技服务中心,http://www.sc.gov.cn/,2024-10-17,,,,,,,,,,
基于光通信的智能制造系统,光通信,3,2023-10-10,深圳市智能制造科技有限公司,已完成,2023-10-11,合格,深圳市智能制造科技有限公司,制造控制模块,深圳市智能制造科技有限公司,VLC-048-2024,制造业,无,标准型,V1.0,深圳市智能科技管理系统,http://www.fujian.gov.cn/,2024-10-17,,,,,,,,,,
新一代光通信标准系统,光网络,1,2023-10-15,厦门新光科技有限公司,审核中,2023-10-16,待定,厦门新光科技有限公司,新标准制订模块,厦门新光科技有限公司,VLC-029-2024,通信标准,无,高级型,V2.2,厦门市科技管理平台,http://www.shaanxi.gov.cn/,2024-10-17,,,,,,,,,,
智能家居光通信系统,光通信,2,2023-10-20,成都智能家居科技有限公司,已完成,2023-10-21,合格,成都智能家居科技有限公司,家居控制模块,成都智能家居科技有限公司,VLC-074-2024,家居科技,无,标准型,V1.1,成都智能科技管理系统,http://www.shandong.gov.cn/,2024-10-17,,,,,,,,,,
低延迟可见光数据传输系统,光通信,1,2023-01-10,深圳明月科技有限公司,已完成,2023-01-11,合格,深圳明月科技有限公司,激光发射单元,深圳明月科技有限公司,VLC-021-2024,通信技术,无,标准型,V1.0,深圳市科技业务管理系统,http://www.hlj.gov.cn/,2024-10-17,,,,,,,,,,
光计算加速平台,光计算,2,2023-03-05,南京硅光公司,审核中,2023-03-06,待定,南京硅光公司,计算单元模块,南京硅光公司,VLC-057-2024,计算技术,无,高级型,V2.0,国家光电技术中心,http://www.sc.gov.cn/,2024-10-17,,,,,,,,,,
智能光纤传感器系统,光网络,3,2023-02-18,北京智能传感器技术有限公司,待审核,2023-02-19,待定,北京智能传感器技术有限公司,传感器网络模块,北京智能传感器技术有限公司,VLC-013-2024,传感技术,无,标准型,V1.0,中国光电行业协会,http://www.fujian.gov.cn/,2024-10-17,,,,,,,,,,
可见光室内定位系统,光通信,1,2023-04-12,杭州光源科技有限公司,已完成,2023-04-13,合格,杭州光源科技有限公司,定位数据模块,杭州光源科技有限公司,VLC-087-2024,位置服务,无,标准型,V1.0,浙江省科技信息系统,http://www.shaanxi.gov.cn/,2024-10-17,,,,,,,,,,
新型光网络智能控制系统,光网络,2,2023-05-25,武汉未来网络科技股份有限公司,审核中,2023-05-26,待定,武汉未来网络科技股份有限公司,智能控制模块,武汉未来网络科技股份有限公司,VLC-005-2024,网络管理,无,高级型,V2.0,武汉市科技局,http://www.shandong.gov.cn/,2024-10-17,,,,,,,,,,
多模态光信号处理系统,光计算,3,2023-06-30,广州光源工程有限公司,已完成,2023-07-01,合格,广州光源工程有限公司,信号处理模块,广州光源工程有限公司,VLC-045-2024,计算技术,无,标准型,V1.0,广东省科技厅,http://www.hlj.gov.cn/,2024-10-17,,,,,,,,,,
高效光无线通信系统,光通信,1,2023-08-05,上海光子通信有限公司,审核中,2023-08-06,待定,上海光子通信有限公司,无线接收模块,上海光子通信有限公司,VLC-079-2024,无线通信,无,高级型,V2.1,上海市科技委员会,http://www.sc.gov.cn/,2024-10-17,,,,,,,,,,
智能光适应系统,光计算,2,2023-09-10,成都光敏科技有限公司,待审核,2023-09-11,待定,成都光敏科技有限公司,适应环境模块,成都光敏科技有限公司,VLC-032-2024,交通管理,无,标准型,V1.0,四川省科技局,http://www.fujian.gov.cn/,2024-10-17,,,,,,,,,,
下一代超高速可见光通信系统,光通信,1,2023-06-01,杭州光讯科技有限公司,已完成,2023-06-02,合格,杭州光讯科技有限公司,频谱获取模块,杭州光讯科技有限公司,VLC-118-2024,远程通信,无,标准型,V1.0,浙江省科技厅,http://www.zj.gov.cn,2024-10-17,,,,,,,,,,
智能光计算平台,光计算,2,2023-07-05,武汉光电技术公司,审核中,2023-07-06,待定,武汉光电技术公司,光信号处理模块,武汉光电技术公司,VLC-064-2024,电子教育,无,高级型,V2.0,湖北省创新创业中心,http://www.hubei.gov.cn,2024-10-17,,,,,,,,,,
高效能可见光网络系统,光网络,3,2023-08-15,南京网络科技有限公司,已完成,2023-08-16,合格,南京网络科技有限公司,数据加密模块,南京网络科技有限公司,VLC-053-2024,计算机技术,无,标准型,V1.5,江苏省科技创新委员会,http://www.jiangsu.gov.cn,2024-10-17,,,,,,,,,,
智能照明光通信系统,光通信,1,2023-09-10,北京医疗科技公司,审核中,2023-09-11,待定,北京医疗科技公司,照明控制单元,北京医疗科技公司,VLC-087-2024,网络通信,无,高级型,V1.1,国家光电技术研究中心,http://www.ncip.edu.cn,2024-10-17,,,,,,,,,,
高效率光信号传输解决方案,光通信,1,2023-09-25,上海流媒体技术有限公司,已完成,2023-09-26,合格,上海流媒体技术有限公司,信号增强模块,上海流媒体技术有限公司,VLC-092-2024,企业服务,无,标准型,V1.3,国家科技部,http://www.most.gov.cn,2024-10-17,,,,,,,,,,
量子安全光通信系统,光网络,3,2023-10-01,成都量子科技公司,审核中,2023-10-02,待定,成都量子科技公司,量子密钥分配模块,成都量子科技公司,VLC-036-2024,教育研究,无,高级型,V2.2,四川省科技局,http://www.sc.gov.cn,2024-10-17,,,,,,,,,,
可见光移动通信系统,光通信,2,2023-09-15,西安可见光科技研究所,待审核,2023-09-16,待定,西安可见光科技研究所,移动信号接收模块,西安可见光科技研究所,VLC-027-2024,交通监控,无,标准型,V1.0,陕西省高新技术局,http://www.shaanxi.gov.cn,2024-10-17,,,,,,,,,,
智能家庭光网络系统,光网络,3,2023-08-25,云南光电科技股份有限公司,已完成,2023-08-26,合格,云南光电科技股份有限公司,网络管理模块,云南光电科技股份有限公司,VLC-003-2024,计算机视觉,无,高级型,V2.0,国家信息产业部,http://www.mii.gov.cn,2024-10-17,,,,,,,,,,
城市照明与光通信集成系统,光通信,1,2023-10-05,长沙城市科技研究院,待审核,2023-10-06,待定,长沙城市科技研究院,智能控制模块,长沙城市科技研究院,VLC-007-2024,物联网技术,无,标准型,V1.2,湖南省科学技术厅,http://www.hunan.gov.cn,2024-10-17,,,,,,,,,,
城市光通信网络,光通信,1,2023-08-25,南京城市光电公司,已完成,2023-08-26,合格,南京城市光电公司,城市光网络基站,南京城市光电公司,VLC-012-2024,监控技术,无,标准型,V1.0,南京市科技发展局,http://www.most.gov.cn,2024-10-17,,,,,,,,,,
多光束光传输系统,光通信,2,2023-09-10,成都光电科技有限公司,审核中,2023-09-11,待定,成都光电科技有限公司,多光束传输单元,成都光电科技有限公司,VLC-015-2024,云计算,无,高级型,V2.0,四川省科技厅,http://www.sc.gov.cn,2024-10-17,,,,,,,,,,
无人机可见光控制系统,光计算,1,2023-09-18,杭州无人科技有限公司,已完成,2023-09-19,合格,杭州无人科技有限公司,无人机信号控制模块,杭州无人科技有限公司,VLC-020-2024,监控技术,无,标准型,V1.0,浙江省科技信息平台,http://www.shaanxi.gov.cn,2024-10-17,,,,,,,,,,
光纤数据加速系统,光计算,3,2023-09-30,广州快速数据科技,审核中,2023-10-01,待定,广州快速数据科技,数据加速传输模块,广州快速数据科技,VLC-023-2024,互联网技术,无,高级型,V2.1,广州市科技委员会,http://www.mii.gov.cn,2024-10-17,,,,,,,,,,
可见光智能传输网,光网络,1,2023-10-05,武汉新光纳米科技,已完成,2023-10-06,合格,武汉新光纳米科技,智能传输单元,武汉新光纳米科技,VLC-029-2024,运输通信,无,标准型,V1.0,湖北省技术市场管理办公室,http://www.hunan.gov.cn,2024-10-17,,,,,,,,,,
智能家居光控网络,光通信,2,2023-10-10,深圳家居科技有限公司,审核中,2023-10-11,待定,深圳家居科技有限公司,家庭信号管理模块,深圳家居科技有限公司,VLC-034-2024,生活科技,无,高级型,V2.0,深圳市科技办公室,http://www.most.gov.cn,2024-10-17,,,,,,,,,,
高效可见光传输系统,光通信,1,2023-10-15,重庆光电科技有限公司,已完成,2023-10-16,合格,重庆光电科技有限公司,光信号处理模块,重庆光电科技有限公司,VLC-041-2024,通信工程,无,标准型,V1.0,重庆市科技局,http://www.sc.gov.cn,2024-10-17,,,,,,,,,,
全面光网络监控系统,光网络,3,2023-10-20,西安网络管理有限公司,审核中,2023-10-21,待定,西安网络管理有限公司,网络状态监控模块,西安网络管理有限公司,VLC-047-2024,互联网安全,无,高级型,V2.1,陕西省信息技术发展中心,http://www.shaanxi.gov.cn,2024-10-17,,,,,,,,,,
新一代光计算架构,光计算,2,2023-10-25,北京光计算研究所,审核中,2023-10-26,待定,北京光计算研究所,计算加速单元,北京光计算研究所,VLC-004-2024,人工智能,无,标准型,V1.0,北京市发展与改革委员会,http://www.mii.gov.cn,2024-10-17,,,,,,,,,,
智能城市可见光系统,光通信,1,2023-08-15,北京未来科技有限公司,已完成,2023-08-16,已完成,北京未来科技有限公司,城市光网络模块,北京未来科技有限公司,VLC-009-2024,交通管理,无,标准型,V1.0,北京未来科技有限公司,http://www.hunan.gov.cn,2024-10-17,,,,,,,,,,
智能光数据传输系统,光计算,2,2023-09-05,杭州数字科技有限公司,审核中,2023-09-06,审核中,杭州数字科技有限公司,多通道数据模块,杭州数字科技有限公司,VLC-015-2024,计算机网络,无,高级型,V2.0,杭州数字科技有限公司,http://www.most.gov.cn,2024-10-17,,,,,,,,,,
光智能合约系统,光计算,3,2023-09-15,南京区块链研究院,已完成,2023-09-16,已完成,南京区块链研究院,智能合约模块,南京区块链研究院,VLC-027-2024,电子商务,无,标准型,V1.3,南京区块链研究院,http://www.sc.gov.cn,2024-10-17,,,,,,,,,,
可见光自主网络系统,光网络,1,2023-10-01,苏州科技创新有限公司,审核中,2023-10-02,审核中,苏州科技创新有限公司,自主传输模块,苏州科技创新有限公司,VLC-033-2024,物联网,无,高级型,V2.0,苏州科技创新有限公司,http://www.shaanxi.gov.cn,2024-10-17,,,,,,,,,,
可见光文档传输系统,光通信,1,2023-10-15,厦门智慧科技有限公司,已完成,2023-10-16,已完成,厦门智慧科技有限公司,文档传输模块,厦门智慧科技有限公司,VLC-041-2024,电子文档管理,无,标准型,V1.0,厦门智慧科技有限公司,http://www.mii.gov.cn,2024-10-17,,,,,,,,,,
可见光Agritech网络系统,光网络,3,2023-11-01,成都农业科技公司,审核中,2023-11-02,审核中,成都农业科技公司,农业监控模块,成都农业科技公司,VLC-052-2024,现代农业,无,高级型,V2.1,成都农业科技公司,http://www.hunan.gov.cn,2024-10-17,,,,,,,,,,
智能教育可见光系统,光通信,1,2023-11-20,武汉教育科技集团,已完成,2023-11-21,已完成,武汉教育科技集团,在线学习模块,武汉教育科技集团,VLC-065-2024,教育,无,标准型,V1.2,武汉教育科技集团,http://www.most.gov.cn,2024-10-17,,,,,,,,,,
能源效率可见光系统,光网络,2,2023-12-01,广州能源研究院,审核中,2023-12-02,审核中,广州能源研究院,能效监测模块,广州能源研究院,VLC-078-2024,能源管理,无,高级型,V2.2,广州能源研究院,http://www.sc.gov.cn,2024-10-17,,,,,,,,,,
智慧城市光学监测系统,光计算,3,2023-12-15,上海智慧科技有限公司,已完成,2023-12-16,已完成,上海智慧科技有限公司,光学传感模块,上海智慧科技有限公司,VLC-086-2024,监控与安全,无,标准型,V1.1,上海智慧科技有限公司,http://www.shaanxi.gov.cn,2024-10-17,,,,,,,,,,
超高效可见光通信系统,光通信,1,2023-09-01,杭州未来科技有限公司,已完成,2023-09-02,合格,杭州未来科技有限公司,多通道传输模块,杭州未来科技有限公司,VLC-007-2024,传播技术,无,标准型,V1.0,杭州市科技局官网,http://hztechnology.gov.cn/,2024-10-17,,,,,,,,,,
下一代光计算平台,光计算,2,2023-09-12,苏州高科技发展公司,审核中,2023-09-13,待定,苏州高科技发展公司,光信号处理单元,苏州高科技发展公司,VLC-012-2024,计算机技术,无,高级型,V2.0,苏州市科技局,http://suzhou.gov.cn/,2024-10-17,,,,,,,,,,
基于光波的网络优化系统,光网络,3,2023-08-25,南京智能科技有限公司,已完成,2023-08-26,合格,南京智能科技有限公司,自动化调节模块,南京智能科技有限公司,VLC-023-2024,互联网技术,无,标准型,V1.5,南京市科技局,http://nj.gov.cn/,2024-10-17,,,,,,,,,,
智能光通信数据传输系统,光通信,1,2023-07-30,成都光电信息技术公司,已完成,2023-07-31,合格,成都光电信息技术公司,高效传输单元,成都光电信息技术公司,VLC-034-2024,生态环保,无,标准型,V1.2,成都市科技局,http://chengdu.gov.cn/,2024-10-17,,,,,,,,,,
新型可见光网络分析工具,光网络,2,2023-10-05,西安智能科技有限公司,审核中,2023-10-06,待定,西安智能科技有限公司,数据分析单元,西安智能科技有限公司,VLC-056-2024,计算机网络,无,高级型,V2.0,西安市科技局,http://xian.gov.cn/,2024-10-17,,,,,,,,,,
高精度光信号处理系统,光计算,1,2023-09-20,天津光电科技公司,已完成,2023-09-21,合格,天津光电科技公司,信号采集模块,天津光电科技公司,VLC-089-2024,量子计算,无,标准型,V1.1,天津市科技局,http://tianjin.gov.cn/,2024-10-17,,,,,,,,,,
光通信新材料开发系统,光通信,3,2023-08-05,青岛先进材料公司,审核中,2023-08-06,待定,青岛先进材料公司,新型光纤材料,青岛先进材料公司,VLC-092-2024,新材料技术,无,高级型,V2.3,青岛市科技局,http://qingdao.gov.cn/,2024-10-17,,,,,,,,,,
可见光信息传输控制台,光通信,1,2023-09-15,厦门海洋科技有限公司,已完成,2023-09-16,合格,厦门海洋科技有限公司,信号控制模块,厦门海洋科技有限公司,VLC-105-2024,海洋工程,无,标准型,V1.4,厦门市科技局,http://xiamen.gov.cn/,2024-10-17,,,,,,,,,,
创新型光网络监控系统,光网络,2,2023-09-25,福州安全技术公司,审核中,2023-09-26,待定,福州安全技术公司,实时监控模块,福州安全技术公司,VLC-118-2024,交通管理,无,高级型,V2.1,福州市科技局,http://fuzhou.gov.cn/,2024-10-17,,,,,,,,,,
高效能可见光通信技术,光通信,1,2023-09-01,天津光电科技有限公司,已完成,2023-09-02,合格,天津光电科技有限公司,光模块设计,天津光电科技有限公司,VLC-145-2024,远程通信,无,标准型,V1.0,国家光电技术管理中心,http://nlptech.gov.cn/,2024-10-17,,,,,,,,,,
智能光信号处理系统,光计算,2,2023-09-12,杭州光电研究有限公司,审核中,2023-09-13,待定,杭州光电研究有限公司,数据挖掘与分析模块,杭州光电研究有限公司,VLC-003-2024,电子教育,无,高级型,V2.1,省科技创新服务平台,http://hzkj.gov.cn/,2024-10-17,,,,,,,,,,
可见光数据传输防护系统,光网络,3,2023-09-20,西安数字安全有限公司,已完成,2023-09-21,合格,西安数字安全有限公司,防护模块,西安数字安全有限公司,VLC-008-2024,计算机技术,无,标准型,V1.0,西部科技信息网,http://xbsti.gov.cn/,2024-10-17,,,,,,,,,,
高速光计算传输系统,光计算,2,2023-10-01,重庆光电科技公司,审核中,2023-10-02,待定,重庆光电科技公司,流数据处理单元,重庆光电科技公司,VLC-012-2024,网络通信,无,高级型,V3.0,重庆市科技局,http://cqsj.gov.cn/,2024-10-17,,,,,,,,,,
多元化可见光网络,光网络,3,2023-10-10,南京先进通信技术公司,已完成,2023-10-11,合格,南京先进通信技术公司,可扩展网络架构,南京先进通信技术公司,VLC-015-2024,企业服务,无,标准型,V1.0,江苏省科学技术厅,http://jsst.gov.cn/,2024-10-17,,,,,,,,,,
智能可见光数据安全系统,光网络,3,2023-10-15,武汉光电安全技术中心,审核中,2023-10-16,待定,武汉光电安全技术中心,智能防护模块,武汉光电安全技术中心,VLC-021-2024,教育研究,无,高级型,V2.2,湖北省科技厅,http://hubei.gov.cn/,2024-10-17,,,,,,,,,,
可见光连接解决方案,光通信,1,2023-10-20,广州网络智能有限公司,已完成,2023-10-21,合格,广州网络智能有限公司,光连接和分配模块,广州网络智能有限公司,VLC-027-2024,交通监控,无,标准型,V1.0,广州市科技局,http://gzst.gov.cn/,2024-10-17,,,,,,,,,,
下一代光计算平台,光计算,2,2023-10-30,深圳前沿光计算科技有限公司,审核中,2023-10-31,待定,深圳前沿光计算科技有限公司,下一代数据计算模块,深圳前沿光计算科技有限公司,VLC-035-2024,计算机视觉,无,高级型,V2.3,南方光电科技网,http://nfgd.gov.cn/,2024-10-17,,,,,,,,,,
智能光网络优化系统,光网络,3,2023-11-01,福建光电网络技术有限公司,已完成,2023-11-02,合格,福建光电网络技术有限公司,网络智能优化模块,福建光电网络技术有限公司,VLC-042-2024,物联网技术,无,标准型,V1.0,福建省科技厅,http://fj.gov.cn/,2024-10-17,,,,,,,,,,
城市公共可见光通信系统,光通信,1,2023-08-25,天津光电科技有限公司,已完成,2023-08-26,合格,天津光电科技有限公司,无线光节点,天津光电科技有限公司,VLC-048-2024,监控技术,无,标准型,V1.0,天津市科技发展管理平台,http://jsst.gov.cn/,2024-10-17,,,,,,,,,,
智能家庭光网络系统,光网络,2,2023-09-10,杭州智能科技有限公司,审核中,2023-09-11,待定,杭州智能科技有限公司,互联家庭模块,杭州智能科技有限公司,VLC-056-2024,云计算,无,高级型,V1.1,杭州市信息技术管理系统,http://hubei.gov.cn/,2024-10-17,,,,,,,,,,
农业监测可见光系统,光通信,1,2023-09-20,成都大地农业科技有限公司,已完成,2023-09-21,合格,成都大地农业科技有限公司,数据采集模块,成都大地农业科技有限公司,VLC-007-2024,农业监测,无,标准型,V1.0,成都市农业科技管理平台,http://gzst.gov.cn/,2024-10-17,,,,,,,,,,
高效能光计算系统,光计算,2,2023-09-30,南京未来科技有限公司,审核中,2023-10-01,待定,南京未来科技有限公司,多核处理模块,南京未来科技有限公司,VLC-012-2024,高性能计算,无,高级型,V1.1,南京市科技创新平台,http://nfgd.gov.cn/,2024-10-17,,,,,,,,,,
智慧医疗光通信系统,光通信,3,2023-10-05,西安医疗科技研究院,已完成,2023-10-06,合格,西安医疗科技研究院,健康数据模块,西安医疗科技研究院,VLC-019-2024,医疗领域,无,标准型,V1.0,西安市卫生与健康委员会,http://fj.gov.cn/,2024-10-17,,,,,,,,,,
可见光环境监测系统,光通信,2,2023-10-15,武汉环保科技有限公司,审核中,2023-10-16,待定,武汉环保科技有限公司,空气质量检测模块,武汉环保科技有限公司,VLC-025-2024,环境监测,无,高级型,V2.0,武汉市绿色发展委员会,http://jsst.gov.cn/,2024-10-17,,,,,,,,,,
办公楼智能光网络系统,光网络,3,2023-10-20,重庆现代科技有限公司,已完成,2023-10-21,合格,重庆现代科技有限公司,智能办公模块,重庆现代科技有限公司,VLC-034-2024,商业办公,无,标准型,V1.2,重庆市经济和信息化委员会,http://hubei.gov.cn/,2024-10-17,,,,,,,,,,
数据中心光计算系统,光计算,1,2023-11-02,青岛信息技术研究所,审核中,2023-11-03,待定,青岛信息技术研究所,高速数据处理模块,青岛信息技术研究所,VLC-041-2024,大数据处理,无,高级型,V1.0,青岛市科技局,http://gzst.gov.cn/,2024-10-17,,,,,,,,,,
超高频光网络系统,光网络,3,2023-11-10,大连现代光电技术有限公司,已完成,2023-11-11,合格,大连现代光电技术有限公司,超高频信号模块,大连现代光电技术有限公司,VLC-056-2024,信号处理,无,标准型,V1.0,大连市科技创新平台,http://nfgd.gov.cn/,2024-10-17,,,,,,,,,,
城市智能交通系统,光通信,1,2023-09-01,北京智能交通技术有限公司,已完成,2023-09-02,合格,北京智能交通技术有限公司,数据采集与处理模块,北京智能交通技术有限公司,VLC-062-2024,交通管理,无,标准型,V1.0,国家交通管理信息系统,http://ntmg.gov.cn/,2024-10-17,,,,,,,,,,
光传输数据增强系统,光计算,2,2023-07-18,南京光电科技研究所,审核中,2023-07-19,待定,南京光电科技研究所,数据增强处理单元,南京光电科技研究所,VLC-078-2024,计算机科学,无,高级型,V2.0,江苏省科技局,http://jss.gov.cn/,2024-10-17,,,,,,,,,,
家庭智能照明系统,光通信,1,2023-08-25,杭州创意家居有限公司,已完成,2023-08-26,合格,杭州创意家居有限公司,智能控制模块,杭州创意家居有限公司,VLC-084-2024,生活科技,无,标准型,V1.0,浙江省科技厅,http://zj.gov.cn/,2024-10-17,,,,,,,,,,
高效光信号处理系统,光计算,2,2023-08-20,西安光电产业开发公司,审核中,2023-08-21,待定,西安光电产业开发公司,信号处理单元,西安光电产业开发公司,VLC-023-2024,计算机科学,无,高级型,V2.1,陕西省科技厅,http://sxt.gov.cn/,2024-10-17,,,,,,,,,,
高安全性光网络系统,光网络,3,2023-06-30,广州网络安全技术有限公司,已完成,2023-07-01,合格,广州网络安全技术有限公司,安全检测模块,广州网络安全技术有限公司,VLC-057-2024,计算机网络,无,标准型,V1.1,深圳市网络安全办公室,http://szws.gov.cn/,2024-10-17,,,,,,,,,,
基于光的高速数据传输系统,光通信,1,2023-09-10,成都光电子设备有限公司,已完成,2023-09-11,合格,成都光电子设备有限公司,高速数据传输模块,成都光电子设备有限公司,VLC-084-2024,计算机科学,无,高级型,V2.0,四川省科技厅,http://sc.gov.cn/,2024-10-17,,,,,,,,,,
可见光传输与处理一体化系统,光计算,2,2023-08-05,天津数据科技有限公司,审核中,2023-08-06,待定,天津数据科技有限公司,数据处理模块,天津数据科技有限公司,VLC-139-2024,计算机科学,无,标准型,V1.2,天津市科技局,http://tj.gov.cn/,2024-10-17,,,,,,,,,,
城市可见光监控系统,光网络,3,2023-09-20,沈阳城市监控科技有限公司,审核中,2023-09-21,待定,沈阳城市监控科技有限公司,监控信号模块,沈阳城市监控科技有限公司,VLC-211-2024,监控安全,无,高级型,V2.3,辽宁省科技厅,http://ln.gov.cn/,2024-10-17,,,,,,,,,,
高效能光传输系统,光通信,1,2023-09-05,武汉光电研究院,已完成,2023-09-06,合格,武汉光电研究院,高性能发射模块,武汉光电研究院,VLC-330-2024,计算机科学,无,标准型,V1.0,湖北省科技局,http://hubei.gov.cn/,2024-10-17,,,,,,,,,,
超高速光通信系统,光通信,1,2023-09-15,杭州光电科技有限公司,已完成,2023-09-16,合格,杭州光电科技有限公司,光信号增强模块,杭州光电科技有限公司,VLC-456-2024,交通通信,无,标准型,V1.0,杭州科技与创新管理系统,http://hzinnovation.gov.cn/,2024-10-17,,,,,,,,,,
多层次光计算网络,光计算,2,2023-08-03,南京信息科技有限公司,审核中,2023-08-04,待定,南京信息科技有限公司,数据分发与存储单元,南京信息科技有限公司,VLC-542-2024,计算机科学,无,高级型,V2.0,江苏省科技管理系统,http://js.gov.cn/,2024-10-17,,,,,,,,,,
智能可见光传感器网络,光通信,1,2023-09-25,成都智联科技有限公司,已完成,2023-09-26,合格,成都智联科技有限公司,传感器模块,成都智联科技有限公司,VLC-687-2024,物联网,安全监控,标准型,V1.0,四川省科技业务管理平台,http://sc.gov.cn/,2024-10-17,,,,,,,,,,
光智能交通系统,光通信,3,2023-10-05,广州光电交通技术有限公司,审核中,2023-10-06,待定,广州光电交通技术有限公司,交通管理监测模块,广州光电交通技术有限公司,VLC-792-2024,交通管理,无,高级型,V2.0,广州市交通管理系统,http://gztraffic.gov.cn/,2024-10-17,,,,,,,,,,
下一代光计算平台,光计算,2,2023-11-01,吕梁光计算公司,已完成,2023-11-02,合格,吕梁光计算公司,光处理单元,吕梁光计算公司,VLC-014-2024,计算机硬件,无,标准型,V1.0,山西省科技业务管理系统,http://sx.gov.cn/,2024-10-17,,,,,,,,,,
光基因组信息系统,光计算,2,2023-10-20,武汉精准医疗技术公司,审核中,2023-10-21,待定,武汉精准医疗技术公司,基因数据解析模块,武汉精准医疗技术公司,VLC-027-2024,医疗健康,基因分析,高级型,V3.0,湖北省医疗科技管理系统,http://hb.gov.cn/,2024-10-17,,,,,,,,,,
可见光高效能数据链路,光通信,1,2023-09-30,海口智联科技股份有限公司,已完成,2023-10-01,合格,海口智联科技股份有限公司,数据传输模块,海口智联科技股份有限公司,VLC-032-2024,通信网络,无,标准型,V1.0,海南省科技业务管理系统,http://hn.gov.cn/,2024-10-17,,,,,,,,,,
新一代光电集成系统,光计算,2,2023-10-11,上海光电集成技术有限公司,审核中,2023-10-12,待定,上海光电集成技术有限公司,集成电路模块,上海光电集成技术有限公司,VLC-045-2024,电子制造,无,高级型,V2.2,上海市科技与产业管理平台,http://shanghai.gov.cn/,2024-10-17,,,,,,,,,,
光子学应用与研究平台,光计算,1,2023-10-15,西安光电研究所,已完成,2023-10-16,合格,西安光电研究所,光源及探测模块,西安光电研究所,VLC-058-2024,研究开发,无,标准型,V1.0,陕西省科技业务管理平台,http://shanxi.gov.cn/,2024-10-17,,,,,,,,,,
城市智能照明系统,光通信,1,2023-09-05,杭州未来光科技有限公司,已完成,2023-09-06,合格,杭州未来光科技有限公司,智能灯光调控模块,杭州未来光科技有限公司,VLC-069-2024,电子通信,无,标准型,V1.0,全国科技成果管理系统,http://sx.gov.cn/,2024-10-17,,,,,,,,,,
先进光信号传输设备,光通信,2,2023-07-25,苏州光电创新科技有限公司,审核中,2023-07-26,待定,苏州光电创新科技有限公司,光信号放大器,苏州光电创新科技有限公司,VLC-073-2024,传输技术,无,高级型,V2.0,工业和信息化部技术管理中心,http://hb.gov.cn/,2024-10-17,,,,,,,,,,
高效能光计算云平台,光计算,1,2023-08-15,上海海光科技有限公司,已完成,2023-08-16,合格,上海海光科技有限公司,光计算处理单元,上海海光科技有限公司,VLC-086-2024,信息技术,无,标准型,V1.1,国家发改委科技发展司,http://hn.gov.cn/,2024-10-17,,,,,,,,,,
光学信号解码系统,光通信,2,2023-09-01,陕西电子科技公司,审核中,2023-09-02,待定,陕西电子科技公司,光信号解码单元,陕西电子科技公司,VLC-091-2024,通信领域,无,高级型,V2.1,陕西省技术监督局,http://shanghai.gov.cn/,2024-10-17,,,,,,,,,,
户外光纤传输网络,光网络,3,2023-08-20,重庆光联科技集团,已完成,2023-08-21,合格,重庆光联科技集团,光纤传输模块,重庆光联科技集团,VLC-104-2024,网络建设,无,标准型,V1.0,国家网络信息安全中心,http://shanxi.gov.cn/,2024-10-17,,,,,,,,,,
智能光网接入技术,光网络,2,2023-09-10,武汉光网络技术有限公司,审核中,2023-09-11,待定,武汉光网络技术有限公司,接入层设备,武汉光网络技术有限公司,VLC-002-2024,网络接入,无,高级型,V2.0,武汉市科技局,http://sx.gov.cn/,2024-10-17,,,,,,,,,,
光感知智能传输系统,光计算,1,2023-08-30,青岛光感科技有限公司,已完成,2023-08-31,合格,青岛光感科技有限公司,智能传输模块,青岛光感科技有限公司,VLC-005-2024,数据传输,无,标准型,V1.2,国家科技部,http://hb.gov.cn/,2024-10-17,,,,,,,,,,
多模态光信号处理系统,光计算,2,2023-08-29,济南光学创新研究所,审核中,2023-08-30,待定,济南光学创新研究所,信号融合处理单元,济南光学创新研究所,VLC-007-2024,信息处理,无,高级型,V2.2,山东省科技厅,http://hn.gov.cn/,2024-10-17,,,,,,,,,,
光为基础的安防监控系统,光网络,3,2023-09-14,北京光安科技有限公司,已完成,2023-09-15,合格,北京光安科技有限公司,安防监控模块,北京光安科技有限公司,VLC-010-2024,安防技术,无,标准型,V1.1,北京市科技委员会,http://shanghai.gov.cn/,2024-10-17,,,,,,,,,,
多通道可见光通信系统,光通信,1,2023-09-01,成都光传科技有限公司,已完成,2023-09-02,合格,成都光传科技有限公司,多通道发射与接收模块,成都光传科技有限公司,VLC-012-2024,现代通信技术,无,标准型,V1.1,成都市科技信息系统,http://shanxi.gov.cn/,2024-10-17,,,,,,,,,,
校园可见光通信网络,光网络,2,2023-09-05,西安光网络技术公司,审核中,2023-09-06,待定,西安光网络技术公司,光网络传输与交换模块,西安光网络技术公司,VLC-015-2024,互联网接入,无,高级型,V1.0,西安市教育局科技处,http://sx.gov.cn/,2024-10-17,,,,,,,,,,
城市交通可见光信号系统,光通信,1,2023-09-10,杭州城市科技有限公司,已完成,2023-09-11,合格,杭州城市科技有限公司,信号管理与传输模块,杭州城市科技有限公司,VLC-018-2024,交通管理技术,无,标准型,V2.0,杭州市交通局,http://hb.gov.cn/,2024-10-17,,,,,,,,,,
高效安全可见光通信系统,光通信,1,2023-09-15,天津安全科技有限公司,待审核,2023-09-16,待定,天津安全科技有限公司,安全加密模块,天津安全科技有限公司,VLC-020-2024,电子安全,无,高级型,V1.3,天津市科技创新局,http://hn.gov.cn/,2024-10-17,,,,,,,,,,
健康监测可见光系统,光计算,2,2023-09-20,南京医疗科技有限公司,已完成,2023-09-21,合格,南京医疗科技有限公司,健康数据分析模块,南京医疗科技有限公司,VLC-023-2024,远程医疗,无,标准型,V1.0,南京市卫生健康委员会,http://shanghai.gov.cn/,2024-10-17,,,,,,,,,,
智慧城市可见光监控系统,光网络,3,2023-09-25,苏州现代科技公司,审核中,2023-09-26,待定,苏州现代科技公司,城市监控与管理模块,苏州现代科技公司,VLC-026-2024,城市管理,无,高级型,V2.2,苏州市科技创新中心,http://shanxi.gov.cn/,2024-10-17,,,,,,,,,,
可见光数据传输与处理系统,光计算,2,2023-10-01,武汉光电科技公司,已完成,2023-10-02,合格,武汉光电科技公司,数据收集与分析模块,武汉光电科技公司,VLC-003-2024,数据管理,无,标准型,V1.2,武汉市科技局,http://sx.gov.cn/,2024-10-17,,,,,,,,,,
区块链可见光通信系统,光通信,1,2023-10-05,福州区块链科技公司,待审核,2023-10-06,待定,福州区块链科技公司,区块链数据传输模块,福州区块链科技公司,VLC-007-2024,社交媒体与数据安全,无,高级型,V2.0,福州市科技创新委员会,http://hb.gov.cn/,2024-10-17,,,,,,,,,,
智能家居可见光控制系统,光计算,2,2023-10-10,济南智能生活科技有限公司,已完成,2023-10-11,合格,济南智能生活科技有限公司,家居控制与自动化模块,济南智能生活科技有限公司,VLC-012-2024,交通管理,无,标准型,V1.1,济南市科技信息中心,http://hn.gov.cn/,2024-10-17,,,,,,,,,,
下一代可见光通信平台,光通信,1,2023-09-05,杭州未来科技有限公司,已完成,2023-09-06,合格,杭州未来科技有限公司,高效能光发射模块,杭州未来科技有限公司,VLC-015-2024,远程通信,无,标准型,V1.0,杭州市科技局,http://hzkj.gov.cn/,2024-10-17,,,,,,,,,,
智能光计算网络,光计算,2,2023-10-01,郑州信息技术研究院,审核中,2023-10-02,待定,郑州信息技术研究院,智能分析模块,郑州信息技术研究院,VLC-019-2024,电子教育,智能家居,高级型,V1.1,郑州市科技局,http://zzkj.gov.cn/,2024-10-17,,,,,,,,,,
可见光数据传输系统,光通信,1,2023-08-25,成都数字科技公司,已完成,2023-08-26,合格,成都数字科技公司,高速信号传输模块,成都数字科技公司,VLC-023-2024,计算机技术,无,标准型,V2.0,成都市科技局,http://cdkj.gov.cn/,2024-10-17,,,,,,,,,,
智能光信号处理系统,光计算,2,2023-09-20,西安光电通信技术研究院,审核中,2023-09-21,待定,西安光电通信技术研究院,数据加密单元,西安光电通信技术研究院,VLC-029-2024,网络通信,信息安全,高级型,V1.2,西安市科技局,http://xaqj.gov.cn/,2024-10-17,,,,,,,,,,
城市可见光环境监测系统,光网络,3,2023-10-15,天津环境保护公司,已完成,2023-10-16,合格,天津环境保护公司,环境监测模块,天津环境保护公司,VLC-034-2024,企业服务,环境监测,标准型,V1.0,天津市科技局,http://tjqj.gov.cn/,2024-10-17,,,,,,,,,,
光声信号处理系统,光计算,2,2023-11-05,南京光电科技有限公司,审核中,2023-11-06,待定,南京光电科技有限公司,信号采集单元,南京光电科技有限公司,VLC-040-2024,教育研究,声学信号处理,高级型,V2.1,南京市科技局,http://njkj.gov.cn/,2024-10-17,,,,,,,,,,
动态可见光覆盖系统,光网络,3,2023-12-10,武汉智能网络公司,已完成,2023-12-11,合格,武汉智能网络公司,动态覆盖单元,武汉智能网络公司,VLC-048-2024,交通监控,无,标准型,V1.0,武汉市科技局,http://whkj.gov.cn/,2024-10-17,,,,,,,,,,
区块链可见光通信系统,光通信,1,2023-12-20,青岛区块链技术公司,审核中,2023-12-21,待定,青岛区块链技术公司,区块链透明单元,青岛区块链技术公司,VLC-003-2024,计算机视觉,无,高级型,V2.2,青岛市科技局,http://qd.gov.cn/,2024-10-17,,,,,,,,,,
智能光网络优化系统,光网络,2,2023-09-01,杭州光电科技有限公司,审核中,2023-09-02,待定,杭州光电科技有限公司,光网络管理模块,杭州光电科技有限公司,VLC-007-2024,物联网技术,无,标准型,V1.0,互联网科技发展研究中心,http://ictdevelopment.org/,2024-10-17,,,,,,,,,,
智能家居可见光通信系统,光通信,1,2023-09-10,苏州智能家居有限公司,已完成,2023-09-11,合格,苏州智能家居有限公司,光信号传输模块,苏州智能家居有限公司,VLC-012-2024,监控技术,无,基础型,V1.0,国家智能家居产业技术创新战略联盟,http://smart-home.org/,2024-10-17,,,,,,,,,,
高效光信号处理系统,光计算,2,2023-09-20,上海光计算科技有限公司,审核中,2023-09-21,待定,上海光计算科技有限公司,数据分析单元,上海光计算科技有限公司,VLC-015-2024,云计算,无,高级型,V2.0,能源与信息技术研究所,http://energyit.org/,2024-10-17,,,,,,,,,,
条形码光通信扫描系统,光通信,1,2023-10-01,成都条形码科技有限公司,已完成,2023-10-02,合格,成都条形码科技有限公司,扫描与解码模块,成都条形码科技有限公司,VLC-019-2024,物流与仓储,无,标准型,V1.0,全国物流科技网,http://logistics-tech.org/,2024-10-17,,,,,,,,,,
高速数据光传输系统,光通信,1,2023-10-05,武汉光电技术有限公司,已完成,2023-10-06,合格,武汉光电技术有限公司,光传输性能模块,武汉光电技术有限公司,VLC-023-2024,计算网络,无,标准型,V1.0,湖北省科技创新局,http://hubeiscience.org/,2024-10-17,,,,,,,,,,
综合性光计算评估系统,光计算,2,2023-10-15,西安光电研究院,审核中,2023-10-16,待定,西安光电研究院,综合评估平台,西安光电研究院,VLC-029-2024,评估管理,无,高级型,V2.0,西部光电发展协会,http://westphotonic.org/,2024-10-17,,,,,,,,,,
无线电可见光通信系统,光通信,1,2023-10-20,郑州无线电技术研发中心,已完成,2023-10-21,合格,郑州无线电技术研发中心,信号接收与解码模块,郑州无线电技术研发中心,VLC-034-2024,传输技术,无,标准型,V1.0,河南省通信管理局,http://henancomm.org/,2024-10-17,,,,,,,,,,
超短光脉冲通信系统,光通信,1,2023-10-25,深圳高速光通信公司,审核中,2023-10-26,待定,深圳高速光通信公司,脉冲生成器模块,深圳高速光通信公司,VLC-038-2024,电信通讯,无,高级型,V2.0,全国信息与通信研究院,http://nitc.org/,2024-10-17,,,,,,,,,,
量子通信可见光网络,光网络,3,2023-10-30,南京量子科技有限公司,审核中,2023-10-31,待定,南京量子科技有限公司,量子密钥分发模块,南京量子科技有限公司,VLC-042-2024,量子通信,无,高级型,V2.1,江苏省科技局,http://jiangscience.org/,2024-10-17,,,,,,,,,,
自适应光网络系统,光通信,2,2023-09-05,成都光电信息公司,已完成,2023-09-06,合格,成都光电信息公司,自适应调节模块,成都光电信息公司,VLC-003-2024,交通管理,无,标准型,V1.0,成都市科技局,http://hubeiscience.org/,2024-10-17,,,,,,,,,,
高效光处理系统,光计算,1,2023-08-25,武汉光电研发中心,审核中,2023-08-26,待定,武汉光电研发中心,光处理器,武汉光电研发中心,VLC-007-2024,远程通信,无,高级型,V2.0,武汉市科技局,http://westphotonic.org/,2024-10-17,,,,,,,,,,
稳定多信道光设备,光网络,3,2023-07-30,重庆光科技公司,已完成,2023-07-31,合格,重庆光科技公司,多信道模块,重庆光科技公司,VLC-012-2024,电子教育,无,标准型,V1.2,重庆市光电行业协会,http://henancomm.org/,2024-10-17,,,,,,,,,,
引导式光通信系统,光通信,1,2023-10-01,沈阳光电有限公司,待审核,2023-10-02,待定,沈阳光电有限公司,导向模块,沈阳光电有限公司,VLC-015-2024,计算机技术,无,初级型,V1.0,沈阳科技创新平台,http://nitc.org/,2024-10-17,,,,,,,,,,
可自适应光计算平台,光计算,2,2023-08-15,天津光电子工程院,已完成,2023-08-16,合格,天津光电子工程院,自适应处理单元,天津光电子工程院,VLC-021-2024,网络通信,无,高级型,V2.1,天津市科技局,http://jiangscience.org/,2024-10-17,,,,,,,,,,
可调节光频通信设备,光通信,1,2023-09-10,合肥光网络技术公司,审核中,2023-09-11,待定,合肥光网络技术公司,调节单元,合肥光网络技术公司,VLC-026-2024,企业服务,无,标准型,V1.0,合肥市科学技术局,http://hubeiscience.org/,2024-10-17,,,,,,,,,,
智能光信号传输系统,光网络,3,2023-06-18,南京先进技术研究院,已完成,2023-06-19,合格,南京先进技术研究院,信号优化模块,南京先进技术研究院,VLC-030-2024,教育研究,无,标准型,V1.0,南京市科技局,http://westphotonic.org/,2024-10-17,,,,,,,,,,
光纤调制技术系统,光通信,2,2023-09-25,青岛光电设备有限公司,审核中,2023-09-26,待定,青岛光电设备有限公司,调制技术单元,青岛光电设备有限公司,VLC-034-2024,交通监控,无,高级型,V2.0,青岛市技术创新局,http://henancomm.org/,2024-10-17,,,,,,,,,,
高频光波导系统,光计算,1,2023-08-05,深圳光电股份有限公司,已完成,2023-08-06,合格,深圳光电股份有限公司,光波导模块,深圳光电股份有限公司,VLC-041-2024,计算机视觉,无,标准型,V1.0,深圳市经济与信息化局,http://nitc.org/,2024-10-17,,,,,,,,,,
超高速可见光传输系统,光通信,1,2023-09-05,杭州光信科技有限公司,已完成,2023-09-06,合格,杭州光信科技有限公司,激光发射器与高灵敏接收器,杭州光信科技有限公司,VLC-047-2024,物联网技术,无,标准型,V1.0,浙江省科技局,http://zjkj.gov.cn/,2024-10-17,,,,,,,,,,
智能城市可见光网络系统,光网络,2,2023-08-25,西安光电科技有限公司,审核中,2023-08-26,待定,西安光电科技有限公司,智能监控模块,西安光电科技有限公司,VLC-005-2024,监控技术,无,高级型,V2.0,陕西省科技管理局,http://sxtjd.gov.cn/,2024-10-17,,,,,,,,,,
城市公共照明智能系统,光通信,1,2023-07-30,上海智通电子科技有限公司,已完成,2023-08-01,合格,上海智通电子科技有限公司,LED光源与遥控模块,上海智通电子科技有限公司,VLC-012-2024,云计算,无,标准型,V1.0,国家能源局,http://nea.gov.cn/,2024-10-17,,,,,,,,,,
高速光计算平台,光计算,2,2023-06-30,武汉光窝科技有限公司,审核中,2023-07-01,待定,武汉光窝科技有限公司,光学数据处理单元,武汉光窝科技有限公司,VLC-018-2024,机器学习,无,高级型,V2.1,湖北省科技厅,http://hubeikj.gov.cn/,2024-10-17,,,,,,,,,,
光有线基础设施联络系统,光网络,3,2023-08-20,天津光信网络技术有限公司,已完成,2023-08-21,合格,天津光信网络技术有限公司,光纤连接模块,天津光信网络技术有限公司,VLC-024-2024,计算机网络,无,标准型,V1.0,天津市信息产业部门,http://tianjin.gov.cn/,2024-10-17,,,,,,,,,,
可见光增强现实传输工具,光通信,1,2023-09-01,成都未来光科技有限公司,已完成,2023-09-02,合格,成都未来光科技有限公司,AR光信号传输模块,成都未来光科技有限公司,VLC-033-2024,以AR/VR为主的技术,无,标准型,V1.0,四川省科技管理局,http://sc.gov.cn/,2024-10-17,,,,,,,,,,
智能照明可见光网络系统,光网络,3,2023-08-12,广州光能科技有限公司,审核中,2023-08-13,待定,广州光能科技有限公司,智能照明设备模块,广州光能科技有限公司,VLC-045-2024,绿色照明,无,高级型,V2.0,广东省科技创新局,http://gdstc.gov.cn/,2024-10-17,,,,,,,,,,
新型可见光数据传输平台,光计算,2,2023-09-10,合肥光电产业公司,已完成,2023-09-11,合格,合肥光电产业公司,多光束数据处理单元,合肥光电产业公司,VLC-056-2024,现代网络技术,无,高级型,V2.1,安徽省科技厅,http://ah.gov.cn/,2024-10-17,,,,,,,,,,
光信号安全检测系统,光网络,3,2023-09-22,南京光信安全科技公司,审核中,2023-09-23,待定,南京光信安全科技公司,安全监测模块,南京光信安全科技公司,VLC-067-2024,交通管理,无,标准型,V1.0,江苏省科技厅,http://js.gov.cn/,2024-10-17,,,,,,,,,,
多光波长传输系统,光通信,1,2023-09-01,杭州波长科技有限公司,已完成,2023-09-02,合格,杭州波长科技有限公司,多波长发射模块,杭州波长科技有限公司,VLC-078-2024,远程通信,无,标准型,V1.0,杭州市科技服务平台,http:// HangzhouTech.gov.cn/,2024-10-17,,,,,,,,,,
智能光学数据传输平台,光计算,2,2023-09-10,南京光电企业,审核中,2023-09-11,待定,南京光电企业,数据处理核心,南京光电企业,VLC-089-2024,电子教育,无,高级型,V2.0,中国光电技术研究网,http://www.opticaltech.cn/,2024-10-17,,,,,,,,,,
新型光纤通信系统,光通信,1,2023-09-15,成都新光科技有限公司,已完成,2023-09-16,合格,成都新光科技有限公司,光纤接入模块,成都新光科技有限公司,VLC-012-2024,计算机技术,无,标准型,V1.1,成都市科技创新局,http://www.cdstc.gov.cn/,2024-10-17,,,,,,,,,,
可视光交互系统,光通信,1,2023-10-01,苏州光通科技有限公司,已完成,2023-10-02,合格,苏州光通科技有限公司,交互控制模块,苏州光通科技有限公司,VLC-045-2024,网络通信,无,标准型,V1.0,苏州市科技服务网,http://www.suzhoutech.gov.cn/,2024-10-17,,,,,,,,,,
基于光的AI数据处理系统,光计算,2,2023-10-05,武汉智能光电科技公司,审核中,2023-10-06,待定,武汉智能光电科技公司,AI数据分析模块,武汉智能光电科技公司,VLC-073-2024,企业服务,无,高级型,V2.0,武汉市科技信息网,http://www.wuhantech.gov.cn/,2024-10-17,,,,,,,,,,
智能光阱传感系统,光传感,1,2023-10-10,厦门光电传感技术有限公司,已完成,2023-10-11,合格,厦门光电传感技术有限公司,光阱传感器,厦门光电传感技术有限公司,VLC-027-2024,教育研究,无,标准型,V1.0,厦门科技局,http://www.xiamen.gov.cn/,2024-10-17,,,,,,,,,,
高灵敏度光感系统,光技术,1,2023-10-15,青岛光电科技公司,审核中,2023-10-16,待定,青岛光电科技公司,高灵敏度光传感模块,青岛光电科技公司,VLC-058-2024,交通监控,无,高级型,V2.0,青岛市科技信息网,http://www.qdtech.gov.cn/,2024-10-17,,,,,,,,,,
多功能智能通信系统,光通信,2,2023-10-20,合肥智能科技有限公司,已完成,2023-10-21,合格,合肥智能科技有限公司,复合信号处理模块,合肥智能科技有限公司,VLC-019-2024,计算机视觉,无,标准型,V1.0,合肥市科技创新服务平台,http://www.hftech.gov.cn/,2024-10-17,,,,,,,,,,
精准农业光传输系统,光网络,3,2023-10-25,南宁农业科技公司,审核中,2023-10-26,待定,南宁农业科技公司,农业光传输监测模块,南宁农业科技公司,VLC-086-2024,物联网技术,无,高级型,V2.2,南宁市科技信息网,http://www.nanningtech.gov.cn/,2024-10-17,,,,,,,,,,
智能城市可见光网络系统,光网络,1,2023-09-05,杭州智慧科技有限公司,已完成,2023-09-06,合格,杭州智慧科技有限公司,网络基础设施模块,杭州智慧科技有限公司,VLC-034-2024,监控技术,无,标准型,V1.0,杭州科技局公开信息,http://www.hz.gov.cn/,2024-10-17,,,,,,,,,,
卫星可见光信号传输系统,光通信,2,2023-09-12,北京航天科技集团,审核中,2023-09-13,待定,北京航天科技集团,信号转发模块,北京航天科技集团,VLC-065-2024,交通管理,无,高级型,V2.0,北京科技论坛,http://www.bj.gov.cn/,2024-10-17,,,,,,,,,,
产品质量追溯可见光系统,光计算,1,2023-08-25,天津智慧制造公司,已完成,2023-08-26,合格,天津智慧制造公司,追溯数据库模块,天津智慧制造公司,VLC-091-2024,远程通信,无,标准型,V1.0,天津市科技局,http://www.tj.gov.cn/,2024-10-17,,,,,,,,,,
商业区可见光通信系统,光通信,1,2023-10-01,厦门商业发展公司,已完成,2023-10-02,合格,厦门商业发展公司,数据接收与管理模块,厦门商业发展公司,VLC-002-2024,电子教育,无,标准型,V1.0,厦门市科学技术局,http://www.xm.gov.cn/,2024-10-17,,,,,,,,,,
无障碍可见光通信系统,光通信,1,2023-09-30,武汉智能辅助科技有限公司,审核中,2023-10-01,待定,武汉智能辅助科技有限公司,辅助监测模块,武汉智能辅助科技有限公司,VLC-005-2024,计算机技术,无,高级型,V2.0,武汉科技局,http://www.wh.gov.cn/,2024-10-17,,,,,,,,,,
智能校园可见光网络系统,光网络,1,2023-09-15,成都教育科技公司,审核中,2023-09-16,待定,成都教育科技公司,教育管理模块,成都教育科技公司,VLC-009-2024,网络通信,无,标准型,V1.0,四川省教育厅,http://www.sc.edu.cn/,2024-10-17,,,,,,,,,,
环境监测可见光传输系统,光通信,1,2023-09-20,南京环保技术有限公司,已完成,2023-09-21,合格,南京环保技术有限公司,传输和分析模块,南京环保技术有限公司,VLC-013-2024,企业服务,无,标准型,V1.0,江苏省环保局,http://www.jiangsu.gov.cn/,2024-10-17,,,,,,,,,,
法律事务可见光数据管理系统,光计算,2,2023-10-05,沈阳法律科技公司,审核中,2023-10-06,待定,沈阳法律科技公司,数据存储模块,沈阳法律科技公司,VLC-017-2024,教育研究,无,高级型,V2.0,辽宁省科技厅,http://www.ln.gov.cn/,2024-10-17,,,,,,,,,,
可穿戴健康监测光通信系统,光通信,1,2023-09-22,郑州健康科技有限公司,已完成,2023-09-23,合格,郑州健康科技有限公司,健康数据模块,郑州健康科技有限公司,VLC-023-2024,交通监控,无,标准型,V1.0,河南省科技局,http://www.henan.gov.cn/,2024-10-17,,,,,,,,,,
新一代智能光通信系统,光通信,1,2023-09-01,苏州光电技术有限公司,已完成,2023-09-02,合格,苏州光电技术有限公司,信号调制与解调模块,苏州光电技术有限公司,VLC-029-2024,计算机视觉,无,标准型,V1.0,苏州市科技局,http://www.xm.gov.cn/,2024-10-17,,,,,,,,,,
高效光计算服务平台,光计算,2,2023-09-15,长沙光电创新中心,审核中,2023-09-16,待定,长沙光电创新中心,多通道数据处理模块,长沙光电创新中心,VLC-034-2024,物联网技术,无,高级型,V2.0,长沙市科技与创新局,http://www.wh.gov.cn/,2024-10-17,,,,,,,,,,
智能城市可见光网络解决方案,光网络,3,2023-10-05,杭州未来科技有限公司,已完成,2023-10-06,合格,杭州未来科技有限公司,网络信号增强模块,杭州未来科技有限公司,VLC-041-2024,监控技术,无,标准型,V1.2,杭州市科技局,http://www.sc.edu.cn/,2024-10-17,,,,,,,,,,
高频光信号处理系统,光计算,2,2023-10-10,武汉光电研究院,审核中,2023-10-11,待定,武汉光电研究院,高频信号解调模块,武汉光电研究院,VLC-048-2024,云计算,无,高级型,V3.0,武汉市科学技术局,http://www.jiangsu.gov.cn/,2024-10-17,,,,,,,,,,
实时光信号传输平台,光通信,1,2023-09-25,西安光通信科技有限公司,已完成,2023-09-26,合格,西安光通信科技有限公司,实时信号收发模块,西安光通信科技有限公司,VLC-045-2024,通信技术,无,标准型,V1.1,西安市科技局,http://www.ln.gov.cn/,2024-10-17,,,,,,,,,,
光存储计算系统,光计算,2,2023-10-01,南京光学技术公司,审核中,2023-10-02,待定,南京光学技术公司,数据存储与管理单元,南京光学技术公司,VLC-027-2024,信息技术,无,高级型,V2.0,南京市科技局,http://www.henan.gov.cn/,2024-10-17,,,,,,,,,,
便携式光信号发射器,光通信,1,2023-10-12,天津光启科技有限公司,已完成,2023-10-13,合格,天津光启科技有限公司,便携式发射模块,天津光启科技有限公司,VLC-013-2024,便携设备,无,标准型,V1.0,天津市科技发展局,http://www.xm.gov.cn/,2024-10-17,,,,,,,,,,
安全可见光通信防护系统,光网络,3,2023-10-20,成都网络安全有限公司,审核中,2023-10-21,待定,成都网络安全有限公司,安全监测与响应模块,成都网络安全有限公司,VLC-089-2024,网络安全,无,高级型,V2.1,成都市科学技术局,http://www.wh.gov.cn/,2024-10-17,,,,,,,,,,
量子点光通信系统,光通信,1,2023-10-05,哈尔滨光电科技中心,已完成,2023-10-06,合格,哈尔滨光电科技中心,量子信号发射模块,哈尔滨光电科技中心,VLC-052-2024,通信技术,无,标准型,V1.3,哈尔滨市科技局,http://www.sc.edu.cn/,2024-10-17,,,,,,,,,,
城市智能交通系统,光通信,1,2023-09-05,天津智能交通科技有限公司,已完成,2023-09-06,合格,天津智能交通科技有限公司,信号传输模块,天津智能交通科技有限公司,VLC-078-2024,交通管理,无,标准型,V1.0,天津市科技局,http://www.tianjin.gov.cn/,2024-10-17,,,,,,,,,,
高速光计算模块,光计算,2,2023-09-20,华东电力研究院,审核中,2023-09-21,待定,华东电力研究院,数据分析单元,华东电力研究院,VLC-034-2024,计算机科学,无,高级型,V2.0,华东地区信息科技管理网,http://www.hd.gov.cn/,2024-10-17,,,,,,,,,,
分布式光纤传感技术,光传感,3,2023-09-30,浙江光电科技有限公司,已完成,2023-10-01,合格,浙江光电科技有限公司,传感器模块,浙江光电科技有限公司,VLC-061-2024,采集技术,无,标准型,V1.0,浙江省科技局,http://www.zj.gov.cn/,2024-10-17,,,,,,,,,,
智能家居可见光控制系统,光通信,1,2023-10-05,厦门智能家居科技有限公司,审核中,2023-10-06,待定,厦门智能家居科技有限公司,监控与控制模块,厦门智能家居科技有限公司,VLC-096-2024,家居自动化,无,高级型,V2.1,厦门市技术管理平台,http://www.xiamen.gov.cn/,2024-10-17,,,,,,,,,,
新一代安全光通信系统,光通信,1,2023-10-15,广州安全科技有限公司,已完成,2023-10-16,合格,广州安全科技有限公司,加密模块,广州安全科技有限公司,VLC-022-2024,信息安全,无,标准型,V1.0,广州市科技局,http://www.gz.gov.cn/,2024-10-17,,,,,,,,,,
海洋监测光计算平台,光计算,2,2023-10-25,海南海洋科技研究院,审核中,2023-10-26,待定,海南海洋科技研究院,环境监测模块,海南海洋科技研究院,VLC-012-2024,海洋科学,无,高级型,V2.0,海南省科技局,http://www.hainan.gov.cn/,2024-10-17,,,,,,,,,,
智慧医疗光信号处理平台,光计算,2,2023-11-05,成都智慧医疗科技有限公司,已完成,2023-11-06,合格,成都智慧医疗科技有限公司,数据分析与处理单元,成都智慧医疗科技有限公司,VLC-034-2024,医疗健康,无,标准型,V1.0,成都市科技局,http://www.chengdu.gov.cn/,2024-10-17,,,,,,,,,,
农业环境监测可见光系统,光传感,3,2023-11-15,哈尔滨农业科技公司,审核中,2023-11-16,待定,哈尔滨农业科技公司,环境监测模块,哈尔滨农业科技公司,VLC-045-2024,农业监测,无,高级型,V2.1,黑龙江省科技局,http://www.hlj.gov.cn/,2024-10-17,,,,,,,,,,
智能城市光信号传输系统,光通信,1,2023-11-25,宁波智能城市科技公司,已完成,2023-11-26,合格,宁波智能城市科技公司,实时数据传输模块,宁波智能城市科技公司,VLC-067-2024,城市管理,无,标准型,V1.0,宁波市科技局,http://www.ningbo.gov.cn/,2024-10-17,,,,,,,,,,
下一代光计算中心,光计算,1,2023-09-01,杭州智联科技有限公司,已完成,2023-09-02,合格,杭州智联科技有限公司,边缘计算模块,杭州智联科技有限公司,VLC-089-2024,交通管理,无,标准型,V1.0,浙江省科技局,http://www.zj.gov.cn/,2024-10-17,,,,,,,,,,
智能可见光监测系统,光通信,2,2023-09-15,南京光电科技有限公司,审核中,2023-09-16,待定,南京光电科技有限公司,实时监测模块,南京光电科技有限公司,VLC-101-2024,远程通信,无,高级型,V2.0,江苏省科技发展局,http://www.jiangsu.gov.cn/,2024-10-17,,,,,,,,,,
光基无线传输系统,光通信,1,2023-08-20,天津光明科技有限公司,已完成,2023-08-21,合格,天津光明科技有限公司,光发射模块,天津光明科技有限公司,VLC-123-2024,电子教育,无,标准型,V1.0,天津市信息化办公室,http://www.tianjin.gov.cn/,2024-10-17,,,,,,,,,,
智能城市光功能系统,光网络,3,2023-09-05,厦门创新技术有限公司,审核中,2023-09-06,待定,厦门创新技术有限公司,信息同步模块,厦门创新技术有限公司,VLC-145-2024,计算机技术,无,高级型,V2.1,福建省科技厅,http://www.fujian.gov.cn/,2024-10-17,,,,,,,,,,
光信号调制系统,光通信,1,2023-08-25,重庆光电系统有限公司,已完成,2023-08-26,合格,重庆光电系统有限公司,调制解调模块,重庆光电系统有限公司,VLC-156-2024,网络通信,无,标准型,V1.0,重庆市科技局,http://www.cq.gov.cn/,2024-10-17,,,,,,,,,,
可见光导航系统,光通信,2,2023-09-10,武汉新光技术有限公司,审核中,2023-09-11,待定,武汉新光技术有限公司,导航接收模块,武汉新光技术有限公司,VLC-178-2024,企业服务,无,高级型,V2.0,湖北省科技局,http://www.hubei.gov.cn/,2024-10-17,,,,,,,,,,
光学传感器网络系统,光通信,1,2023-09-20,成都光电信息有限公司,已完成,2023-09-21,合格,成都光电信息有限公司,传感器集成模块,成都光电信息有限公司,VLC-004-2024,教育研究,无,标准型,V1.0,四川省科技厅,http://www.sc.gov.cn/,2024-10-17,,,,,,,,,,
智能光计算平台,光计算,2,2023-09-25,西安光伏科技有限公司,审核中,2023-09-26,待定,西安光伏科技有限公司,计算核心模块,西安光伏科技有限公司,VLC-007-2024,交通监控,无,高级型,V2.0,陕西省科技厅,http://www.shanxi.gov.cn/,2024-10-17,,,,,,,,,,
光学数据处理系统,光计算,3,2023-09-30,合肥光电科技有限公司,审核中,2023-10-01,待定,合肥光电科技有限公司,数据处理核心模块,合肥光电科技有限公司,VLC-012-2024,计算机视觉,无,高级型,V2.2,安徽省科技局,http://www.ah.gov.cn/,2024-10-17,,,,,,,,,,
智能城市光通信系统,光通信,1,2023-09-05,杭州智慧科技有限公司,已完成,2023-09-06,合格,杭州智慧科技有限公司,光信号传输模块,杭州智慧科技有限公司,VLC-019-2024,物联网技术,无,标准型,V1.0,杭州科技管理平台,http://hztech.gov.cn/,2024-10-17,,,,,,,,,,
光子计算加速系统,光计算,2,2023-09-12,天津光电子研究院,审核中,2023-09-13,待定,天津光电子研究院,量子光子处理单元,天津光电子研究院,VLC-023-2024,监控技术,无,高级型,V2.1,天津市光电技术管理中心,http://tianjin.gov.cn/,2024-10-17,,,,,,,,,,
智能车载可见光通信系统,光通信,1,2023-09-20,上海汽车科技有限公司,已完成,2023-09-21,合格,上海汽车科技有限公司,可见光信号接收器,上海汽车科技有限公司,VLC-027-2024,云计算,无,标准型,V1.0,上海市科技局,http://shanghai.gov.cn/,2024-10-17,,,,,,,,,,
高频可见光网络系统,光网络,3,2023-10-01,成都高新技术公司,审核中,2023-10-02,待定,成都高新技术公司,光网络交换模块,成都高新技术公司,VLC-035-2024,交通管理,无,高级型,V2.2,成都市高新科技管理局,http://cdtech.gov.cn/,2024-10-17,,,,,,,,,,
可见光结合物联网系统,光通信,1,2023-10-05,广州互联网科技有限公司,已完成,2023-10-06,合格,广州互联网科技有限公司,物联网网关模块,广州互联网科技有限公司,VLC-041-2024,远程通信,无,标准型,V1.1,广州市科技局,http://gz.gov.cn/,2024-10-17,,,,,,,,,,
高速光计算通信系统,光计算,2,2023-10-10,西安光电科技有限公司,审核中,2023-10-11,待定,西安光电科技有限公司,光处理器模块,西安光电科技有限公司,VLC-046-2024,电子教育,无,高级型,V2.3,西安市高科技局,http://xian.gov.cn/,2024-10-17,,,,,,,,,,
先进光信号处理与管理系统,光计算,2,2023-10-15,南京光电系统公司,已完成,2023-10-16,合格,南京光电系统公司,信号处理中心,南京光电系统公司,VLC-050-2024,计算机技术,无,标准型,V1.2,南京市科技局,http://nanjing.gov.cn/,2024-10-17,,,,,,,,,,
光驱动环境监控系统,光网络,3,2023-10-22,深圳环境监控公司,审核中,2023-10-23,待定,深圳环境监控公司,环境监测传感器,深圳环境监控公司,VLC-002-2024,网络通信,无,高级型,V2.4,深圳市环保局,http://shenzhen.gov.cn/,2024-10-17,,,,,,,,,,
可见光与5G融合通信系统,光通信,1,2023-10-29,武汉通信技术公司,已完成,2023-10-30,合格,武汉通信技术公司,融合信号处理单元,武汉通信技术公司,VLC-004-2024,企业服务,无,标准型,V1.3,武汉市科技发展局,http://wuhan.gov.cn/,2024-10-17,,,,,,,,,,
高速智能光通信系统,光通信,1,2023-09-01,南京光凌科技有限公司,已完成,2023-09-02,合格,南京光凌科技有限公司,高速接收器模块,南京光凌科技有限公司,VLC-007-2024,教育研究,无,标准型,V1.0,南京市科技信息平台,http://njst.gov.cn/,2024-10-17,,,,,,,,,,
一体化光计算平台,光计算,2,2023-08-20,华东光电科技创新有限公司,审核中,2023-08-21,待定,华东光电科技创新有限公司,计算单元集成模块,华东光电科技创新有限公司,VLC-010-2024,交通监控,无,高级型,V2.0,国家光电技术管理平台,http://cnoptics.gov.cn/,2024-10-17,,,,,,,,,,
增强现实可见光通信系统,光通信,1,2023-09-05,长沙虚拟现实技术有限公司,已完成,2023-09-06,合格,长沙虚拟现实技术有限公司,AR信号传输模块,长沙虚拟现实技术有限公司,VLC-013-2024,计算机视觉,无,标准型,V1.0,长沙市创新科技平台,http://csst.gov.cn/,2024-10-17,,,,,,,,,,
智能家居光传输系统,光通信,1,2023-10-01,杭州智能家居有限公司,审核中,2023-10-02,待定,杭州智能家居有限公司,智能控制模块,杭州智能家居有限公司,VLC-015-2024,物联网技术,无,标准型,V1.0,杭州智能科技平台,http://hzsmart.com/,2024-10-17,,,,,,,,,,
光基础设施安全系统,光网络,3,2023-09-15,武汉网络科技有限公司,进行中,2023-09-16,审核中,武汉网络科技有限公司,网络安全模块,武汉网络科技有限公司,VLC-018-2024,监控技术,无,高级型,V2.1,武汉市网络安全局,http://whnetsec.gov.cn/,2024-10-17,,,,,,,,,,
室内定位可见光通信系统,光通信,1,2023-09-20,西安光网科技有限公司,已完成,2023-09-21,合格,西安光网科技有限公司,定位信号传输模块,西安光网科技有限公司,VLC-021-2024,交通管理,无,标准型,V1.2,西安市科技局,http://xa.gov.cn/,2024-10-17,,,,,,,,,,
环境监测光计算系统,光计算,2,2023-09-25,青岛环境科技公司,审核中,2023-09-26,待定,青岛环境科技公司,数据处理分析模块,青岛环境科技公司,VLC-025-2024,远程通信,无,高级型,V2.0,青岛市科技创新局,http://qingdao.gov.cn/,2024-10-17,,,,,,,,,,
农业监控光通信系统,光通信,1,2023-09-30,郑州农业科技有限公司,已完成,2023-10-01,合格,郑州农业科技有限公司,环境监测模块,郑州农业科技有限公司,VLC-028-2024,电子教育,无,标准型,V1.0,郑州市农业局,http://zzagri.gov.cn/,2024-10-17,,,,,,,,,,
智能交通光网络系统,光网络,3,2023-09-12,合肥智能交通科技有限公司,进行中,2023-09-13,审核中,合肥智能交通科技有限公司,交通监控模块,合肥智能交通科技有限公司,VLC-004-2024,计算机技术,无,高级型,V2.2,合肥市交通管理局,http://hftraffic.gov.cn/,2024-10-17,,,,,,,,,,
新一代可见光数据传输系统,光通信,1,2023-09-05,浙江光电科技股份有限公司,已完成,2023-09-06,合格,浙江光电科技股份有限公司,高速数据链路模块,浙江光电科技股份有限公司,VLC-009-2024,网络通信,无,标准型,V1.0,浙江省科技局,http://www.zjsti.gov.cn/,2024-10-17,,,,,,,,,,
集成化光计算加速器,光计算,2,2023-08-25,江苏光电研究院,审核中,2023-08-26,待定,江苏光电研究院,光子处理单元,江苏光电研究院,VLC-015-2024,企业服务,无,高级型,V2.0,南方科技大学,http://www.sustech.edu.cn/,2024-10-17,,,,,,,,,,
光信号增强与处理系统,光通信,1,2023-09-12,北京光通信技术开发有限公司,已完成,2023-09-13,合格,北京光通信技术开发有限公司,信号增强模块,北京光通信技术开发有限公司,VLC-022-2024,教育研究,无,标准型,V1.0,北京市经济和信息化局,http://www.bjwe.gov.cn/,2024-10-17,,,,,,,,,,
智能光网络控制系统,光网络,3,2023-07-30,天津智能网络股份有限公司,审核中,2023-08-01,待定,天津智能网络股份有限公司,光网络控制单元,天津智能网络股份有限公司,VLC-028-2024,交通监控,无,高级型,V2.1,天津市科技局,http://www.tjkj.gov.cn/,2024-10-17,,,,,,,,,,
高效能光传输网络系统,光通信,1,2023-09-18,四川光电科技有限公司,已完成,2023-09-19,合格,四川光电科技有限公司,光链路模块,四川光电科技有限公司,VLC-035-2024,计算机视觉,无,标准型,V1.0,四川省科技厅,http://www.scst.gov.cn/,2024-10-17,,,,,,,,,,
超高频光处理系统,光计算,2,2023-08-22,湖南省光学技术研究所,已完成,2023-08-23,合格,湖南省光学技术研究所,数据解析单元,湖南省光学技术研究所,VLC-041-2024,物联网技术,无,高级型,V2.0,湖南省科技厅,http://www.hnst.gov.cn/,2024-10-17,,,,,,,,,,
无人机光通信技术系统,光通信,1,2023-09-15,海南远程通信有限公司,审核中,2023-09-16,待定,海南远程通信有限公司,无人机通信模块,海南远程通信有限公司,VLC-047-2024,监控技术,无,标准型,V1.0,海南省科技厅,http://www.hn.gov.cn/,2024-10-17,,,,,,,,,,
智慧城市光网络系统,光网络,3,2023-09-20,重庆智慧科技有限公司,审核中,2023-09-21,待定,重庆智慧科技有限公司,城市光网络模块,重庆智慧科技有限公司,VLC-053-2024,云计算,无,高级型,V2.1,重庆市科技局,http://www.cq.gov.cn/,2024-10-17,,,,,,,,,,
可穿戴光通信设备,光通信,1,2023-09-30,新疆智能科技有限公司,已完成,2023-10-01,合格,新疆智能科技有限公司,光传输模块,新疆智能科技有限公司,VLC-061-2024,穿戴设备,无,标准型,V1.0,新疆维吾尔自治区科技局,http://www.xj.gov.cn/,2024-10-17,,,,,,,,,,
智能农业光通信系统,光通信,1,2023-09-05,杭州农业科技有限公司,已完成,2023-09-06,合格,杭州农业科技有限公司,光信号采集模块,杭州农业科技有限公司,VLC-002-2024,绿色农业,作物生长监测,标准型,V1.0,浙江省农业部门管理系统,http://zjgys.zj.gov.cn/,2024-10-17,,,,,,,,,,
室内定位光通信系统,光通信,2,2023-09-10,广州定位技术有限公司,审核中,2023-09-11,待定,广州定位技术有限公司,定位信号模块,广州定位技术有限公司,VLC-005-2024,物联网,室内导航,高级型,V2.0,广州市科技局信息化系统,http://gztjj.gov.cn/,2024-10-17,,,,,,,,,,
智能家居光网络系统,光网络,1,2023-09-15,北京智能家居科技有限公司,已完成,2023-09-16,合格,北京智能家居科技有限公司,光控智能模块,北京智能家居科技有限公司,VLC-008-2024,住宅智能化,家庭照明控制,标准型,V1.0,北京市智能家居协会,http://bjtj.gov.cn/,2024-10-17,,,,,,,,,,
车载光通信控制系统,光通信,3,2023-09-20,天津交通科技有限公司,审核中,2023-09-21,待定,天津交通科技有限公司,信息交互模块,天津交通科技有限公司,VLC-011-2024,车载通信,自动驾驶,高级型,V2.0,天津市交通管理局,http://tj.gov.cn/,2024-10-17,,,,,,,,,,
智能健康监测光通信系统,光计算,1,2023-09-25,南京健康科技有限公司,已完成,2023-09-26,合格,南京健康科技有限公司,生理参数监测模块,南京健康科技有限公司,VLC-014-2024,医疗健康,健康监测,标准型,V1.0,江苏省健康管理中心,http://jsmed.gov.cn/,2024-10-17,,,,,,,,,,
可见光灌溉监控系统,光网络,2,2023-09-30,福州农业科技有限公司,审核中,2023-10-01,待定,福州农业科技有限公司,灌溉监控模块,福州农业科技有限公司,VLC-017-2024,现代农业,作物健康监测,高级型,V2.1,福建省农业委员会,http://fjagri.gov.cn/,2024-10-17,,,,,,,,,,
光通信诗词朗读系统,光计算,1,2023-10-05,西安文化科技公司,已完成,2023-10-06,合格,西安文化科技公司,文本处理模块,西安文化科技公司,VLC-020-2024,教育科技,语言学习,标准型,V1.0,陕西省教育局,http://sxedu.gov.cn/,2024-10-17,,,,,,,,,,
公共安全光通信系统,光通信,3,2023-10-10,成都公共安全技术公司,审核中,2023-10-11,待定,成都公共安全技术公司,安全监控模块,成都公共安全技术公司,VLC-023-2024,公共安全,人流监控,高级型,V2.2,四川省公安厅,http://scga.gov.cn/,2024-10-17,,,,,,,,,,
交通信号光控制系统,光通信,2,2023-10-15,武汉交通科技有限公司,已完成,2023-10-16,合格,武汉交通科技有限公司,信号控制模块,武汉交通科技有限公司,VLC-026-2024,智能交通,交通流量监测,标准型,V1.0,湖北省交通运输厅,http://hubeitransport.gov.cn/,2024-10-17,,,,,,,,,,
超高速光连接系统,光通信,1,2023-09-01,杭州光科技有限公司,已完成,2023-09-02,合格,杭州光科技有限公司,高频发射器与接收器,杭州光科技有限公司,VLC-029-2024,先进通信技术,无,标准型,V1.0,杭州科技发展局,http://hz.gov.cn/,2024-10-17,,,,,,,,,,
室内智能光网络系统,光网络,2,2023-09-05,武汉智能科技有限公司,审核中,2023-09-06,待定,武汉智能科技有限公司,光传输与路由模块,武汉智能科技有限公司,VLC-023-2024,物联网技术,无,高级型,V2.0,武汉市科技委,http://wh.gov.cn/,2024-10-17,,,,,,,,,,
光计算优化系统,光计算,1,2023-09-10,南京先进计算技术研究所,已完成,2023-09-11,合格,南京先进计算技术研究所,计算处理组件,南京先进计算技术研究所,VLC-045-2024,计算机科学,无,标准型,V1.0,南京科技信息平台,http://nj.gov.cn/,2024-10-17,,,,,,,,,,
智能可见光定位系统,光网络,3,2023-09-15,重庆智联科技有限责任公司,审核中,2023-09-16,待定,重庆智联科技有限责任公司,定位信号接收器,重庆智联科技有限责任公司,VLC-087-2024,位置服务,无,高级型,V2.1,重庆市数字经济局,http://cq.gov.cn/,2024-10-17,,,,,,,,,,
新型光分发系统,光通信,1,2023-09-20,青岛光电国际有限公司,已完成,2023-09-21,合格,青岛光电国际有限公司,光信号增强器,青岛光电国际有限公司,VLC-012-2024,先进通信技术,无,标准型,V1.0,青岛经济技术开发区,http://qd.gov.cn/,2024-10-17,,,,,,,,,,
光电传感网络系统,光网络,2,2023-09-25,厦门先进光电技术公司,审核中,2023-09-26,待定,厦门先进光电技术公司,传感器模块,厦门先进光电技术公司,VLC-056-2024,传感技术,无,高级型,V2.0,厦门市科技局,http://xm.gov.cn/,2024-10-17,,,,,,,,,,
未来光束无线传输系统,光通信,3,2023-10-01,天津未来科技有限公司,审核中,2023-10-02,待定,天津未来科技有限公司,高效发射与接收装置,天津未来科技有限公司,VLC-034-2024,未来通信,无,标准型,V1.0,天津市科技局,http://tj.gov.cn/,2024-10-17,,,,,,,,,,
智能光纤通信系统,光通信,2,2023-10-05,沈阳光电设备有限公司,已完成,2023-10-06,合格,沈阳光电设备有限公司,智能光纤模块,沈阳光电设备有限公司,VLC-078-2024,光通信技术,无,高级型,V2.0,沈阳科技信息网,http://sy.gov.cn/,2024-10-17,,,,,,,,,,
量子光通信系统,量子计算,1,2023-10-10,广州量子科技有限公司,已完成,2023-10-11,合格,广州量子科技有限公司,量子处理单元,广州量子科技有限公司,VLC-065-2024,量子通信,无,标准型,V1.0,广州科技局,http://gz.gov.cn/,2024-10-17,,,,,,,,,,
高频率可见光通信网,光通信,1,2023-09-01,杭州乐信科技有限公司,已完成,2023-09-02,合格,杭州乐信科技有限公司,高速信号传输模块,杭州乐信科技有限公司,VLC-049-2024,传输技术,无,标准型,V1.1,浙江省科技发展网,http://hz.gov.cn/,2024-10-17,,,,,,,,,,
智能光计算协作平台,光计算,2,2023-08-25,南京光电研究所,审核中,2023-08-26,待定,南京光电研究所,多通道处理单元,南京光电研究所,VLC-090-2024,计算机科学,无,高级型,V2.0,江苏省科技厅,http://wh.gov.cn/,2024-10-17,,,,,,,,,,
新型可见光安全传输系统,光网络,3,2023-09-15,成都光电科技有限公司,已完成,2023-09-16,合格,成都光电科技有限公司,数据安全模块,成都光电科技有限公司,VLC-002-2024,电子通信,无,标准型,V1.0,四川省科技局,http://nj.gov.cn/,2024-10-17,,,,,,,,,,
智能车载光通信系统,光通信,1,2023-08-30,北京汽车科技集团,审核中,2023-08-31,待定,北京汽车科技集团,车载通信模块,北京汽车科技集团,VLC-007-2024,交通运输,无,高级型,V2.0,国家交通部,http://cq.gov.cn/,2024-10-17,,,,,,,,,,
远程医疗可见光数据传输系统,光通信,2,2023-09-05,深圳数字医疗有限公司,已完成,2023-09-06,合格,深圳数字医疗有限公司,数据传输模块,深圳数字医疗有限公司,VLC-010-2024,医疗健康,无,标准型,V1.0,医疗健康管理局,http://qd.gov.cn/,2024-10-17,,,,,,,,,,
校园智能可见光数据共享平台,光计算,1,2023-09-10,武汉未来教育科技公司,审核中,2023-09-11,待定,武汉未来教育科技公司,数据共享模块,武汉未来教育科技公司,VLC-015-2024,教育科技,无,标准型,V1.0,湖北省教育厅,http://xm.gov.cn/,2024-10-17,,,,,,,,,,
智能家居光通信控制系统,光通信,3,2023-09-20,东莞智能家居科技有限公司,已完成,2023-09-21,合格,东莞智能家居科技有限公司,家庭网络模块,东莞智能家居科技有限公司,VLC-022-2024,物联网,无,高级型,V2.1,广东省科技厅,http://tj.gov.cn/,2024-10-17,,,,,,,,,,
企业环境监测光计算系统,光计算,2,2023-09-25,上海环保科技集团,审核中,2023-09-26,待定,上海环保科技集团,环境监测模块,上海环保科技集团,VLC-034-2024,环境监测,无,高级型,V2.3,上海市环保局,http://sy.gov.cn/,2024-10-17,,,,,,,,,,
光量子计算论坛系统,光计算,1,2023-09-30,科技前沿研究中心,已完成,2023-10-01,合格,科技前沿研究中心,量子处理单元,科技前沿研究中心,VLC-045-2024,量子计算,无,标准型,V1.1,国家科技部,http://gz.gov.cn/,2024-10-17,,,,,,,,,,
智能路由可见光网络,光通信,1,2023-09-01,北京市光通信科技有限公司,已完成,2023-09-02,合格,北京市光通信科技有限公司,智能路由模块,北京市光通信科技有限公司,VLC-050-2024,交通通讯,无,标准型,V1.0,北京市科学技术委员会,http://hz.gov.cn/,2024-10-17,,,,,,,,,,
可见光智能监控系统,光网络,2,2023-09-15,深圳市安防技术有限公司,审核中,2023-09-16,待定,深圳市安防技术有限公司,高清监控摄像头,深圳市安防技术有限公司,VLC-059-2024,监控系统,无,高级型,V2.0,深圳市安防管理局,http://hz.gov.cn/,2024-10-17,,,,,,,,,,
城市智能灯光调控系统,光通信,1,2023-09-25,重庆智慧城市科技有限公司,已完成,2023-09-26,合格,重庆智慧城市科技有限公司,灯光控制模块,重庆智慧城市科技有限公司,VLC-063-2024,交通管理,无,标准型,V1.0,重庆市城市管理局,http://wh.gov.cn/,2024-10-17,,,,,,,,,,
可见光无线传输系统,光通信,3,2023-10-05,浙江省光电科技有限公司,审核中,2023-10-06,待定,浙江省光电科技有限公司,无线发射器,浙江省光电科技有限公司,VLC-005-2024,远程通信,无,高级型,V2.1,浙江省科技厅,http://nj.gov.cn/,2024-10-17,,,,,,,,,,
高效可见光数据传输系统,光计算,1,2023-10-15,江苏省信息技术有限公司,已完成,2023-10-16,合格,江苏省信息技术有限公司,高速数据接收器,江苏省信息技术有限公司,VLC-012-2024,计算机网络,无,标准型,V1.0,江苏省科技管理系统,http://cq.gov.cn/,2024-10-17,,,,,,,,,,
智慧家庭光计算系统,光计算,2,2023-10-20,海南省智能家居有限公司,审核中,2023-10-21,待定,海南省智能家居有限公司,家庭智能控制模块,海南省智能家居有限公司,VLC-019-2024,家庭自动化,无,高级型,V2.0,海南省市场监督局,http://qd.gov.cn/,2024-10-17,,,,,,,,,,
农业光通信监控系统,光通信,1,2023-10-30,广西省农业科技有限公司,已完成,2023-10-31,合格,广西省农业科技有限公司,农业监控传感器,广西省农业科技有限公司,VLC-027-2024,农业监控,无,标准型,V1.0,广西省科技厅,http://xm.gov.cn/,2024-10-17,,,,,,,,,,
可见光健康监测系统,光网络,3,2023-11-02,甘肃省健康管理有限公司,审核中,2023-11-03,待定,甘肃省健康管理有限公司,健康监测设备,甘肃省健康管理有限公司,VLC-033-2024,健康监测,无,高级型,V2.1,甘肃省卫生计生委,http://tj.gov.cn/,2024-10-17,,,,,,,,,,
可见光远程医学系统,光计算,2,2023-11-10,湖北省光电医学研究院,已完成,2023-11-11,合格,湖北省光电医学研究院,医学影像处理器,湖北省光电医学研究院,VLC-042-2024,医疗技术,无,标准型,V1.0,湖北省科技厅,http://sy.gov.cn/,2024-10-17,,,,,,,,,,
高速可见光数据传输系统,光通信,1,2023-08-15,杭州光联科技有限公司,已完成,2023-08-16,合格,杭州光联科技有限公司,光发射与接收模块,杭州光联科技有限公司,VLC-058-2024,交通管理,无,标准型,V1.0,浙江省科技厅,http://zjkjt.gov.cn/,2024-10-17,,,,,,,,,,
智能城市光数据平台,光计算,2,2023-09-01,成都光网技术有限公司,审核中,2023-09-02,待定,成都光网技术有限公司,数据云处理单元,成都光网技术有限公司,VLC-063-2024,物联网,无,高级型,V2.0,四川省科技局,http://sczm.gov.cn/,2024-10-17,,,,,,,,,,
新一代光计算加速器,光计算,3,2023-09-10,武汉光电技术创新中心,已完成,2023-09-11,合格,武汉光电技术创新中心,光学数据转换单元,武汉光电技术创新中心,VLC-071-2024,计算机科学,无,标准型,V1.0,湖北省科技厅,http://hubei.gov.cn/,2024-10-17,,,,,,,,,,
城市公共安全光监测系统,光网络,2,2023-10-05,厦门网络安全技术有限公司,审核中,2023-10-06,待定,厦门网络安全技术有限公司,网络监控模块,厦门网络安全技术有限公司,VLC-086-2024,网络安全,无,高级型,V2.1,福建省科技管理平台,http://fj.gov.cn/,2024-10-17,,,,,,,,,,
高速多通道光信号系统,光通信,1,2023-10-12,南京智慧通讯有限公司,已完成,2023-10-13,合格,南京智慧通讯有限公司,发射接收扩展模块,南京智慧通讯有限公司,VLC-002-2024,通信技术,无,标准型,V1.0,江苏科技信息网,http://js.gov.cn/,2024-10-17,,,,,,,,,,
智能家居光网络控制系统,光通信,1,2023-10-20,北京光信科技有限公司,已完成,2023-10-21,合格,北京光信科技有限公司,家庭网络接入模块,北京光信科技有限公司,VLC-005-2024,家庭自动化,无,标准型,V1.0,北京市科技委,http://bj.gov.cn/,2024-10-17,,,,,,,,,,
光基因组信息处理系统,光计算,3,2023-10-25,广州生物科技公司,审核中,2023-10-26,待定,广州生物科技公司,基因数据处理单元,广州生物科技公司,VLC-007-2024,生物信息学,无,高级型,V2.0,广东省生物技术局,http://gd.gov.cn/,2024-10-17,,,,,,,,,,
可见光智能监控分析系统,光网络,2,2023-11-01,沈阳智能科技公司,审核中,2023-11-02,待定,沈阳智能科技公司,监控分析模块,沈阳智能科技公司,VLC-010-2024,网络安全,无,高级型,V2.1,辽宁省科技厅,http://ln.gov.cn/,2024-10-17,,,,,,,,,,
通用光阵列处理系统,光计算,3,2023-11-15,青岛光电科技有限公司,已完成,2023-11-16,合格,青岛光电科技有限公司,光数据处理器,青岛光电科技有限公司,VLC-013-2024,信息处理,无,标准型,V1.0,山东省科技信息网,http://sd.gov.cn/,2024-10-17,,,,,,,,,,
下一代城市可见光通信系统,光通信,1,2023-08-05,成都未来科技有限公司,已完成,2023-08-06,合格,成都未来科技有限公司,多点信号发射装置,成都未来科技有限公司,VLC-016-2024,交通管理,无,标准型,V1.0,成都市科技管理局,http://js.gov.cn/,2024-10-17,,,,,,,,,,
智能照明控制系统,光计算,2,2023-09-01,南京智能科技园,审核中,2023-09-02,待定,南京智能科技园,智能照明控制模块,南京智能科技园,VLC-019-2024,住宅智能化,无,高级型,V2.0,南京市科技局,http://bj.gov.cn/,2024-10-17,,,,,,,,,,
高效光纤传输系统,光通信,1,2023-09-10,天津光电通信有限公司,已完成,2023-09-11,合格,天津光电通信有限公司,光纤和调制解调器,天津光电通信有限公司,VLC-021-2024,互联网,无,标准型,V1.0,天津市通信管理局,http://gd.gov.cn/,2024-10-17,,,,,,,,,,
无人机光通信系统,光通信,1,2023-09-15,西安无人机技术研究中心,已完成,2023-09-16,合格,西安无人机技术研究中心,无人机信道传输模块,西安无人机技术研究中心,VLC-024-2024,物流运输,无,高级型,V2.0,西安市科技管理办公室,http://ln.gov.cn/,2024-10-17,,,,,,,,,,
企业内部光网络系统,光网络,3,2023-10-01,武汉光电科技有限公司,审核中,2023-10-02,待定,武汉光电科技有限公司,内部网络交换机,武汉光电科技有限公司,VLC-027-2024,组织管理,无,标准型,V1.0,武汉市科技局,http://sd.gov.cn/,2024-10-17,,,,,,,,,,
虚拟现实光传输系统,光计算,2,2023-10-05,广州虚拟科技有限公司,已完成,2023-10-06,合格,广州虚拟科技有限公司,虚拟现实传输单元,广州虚拟科技有限公司,VLC-005-2024,娱乐科技,无,高级型,V2.0,广州市科技厅,http://js.gov.cn/,2024-10-17,,,,,,,,,,
海洋可见光通信系统,光通信,1,2023-10-10,青岛海洋科技有限公司,审核中,2023-10-11,待定,青岛海洋科技有限公司,水下通信装置,青岛海洋科技有限公司,VLC-012-2024,研究科学,无,标准型,V1.0,青岛市科技局,http://bj.gov.cn/,2024-10-17,,,,,,,,,,
智慧城市光计算平台,光计算,2,2023-10-15,厦门智慧科技公司,已完成,2023-10-16,合格,厦门智慧科技公司,数据分析与处理单元,厦门智慧科技公司,VLC-019-2024,交通管理,无,高级型,V2.1,厦门市科技管理局,http://gd.gov.cn/,2024-10-17,,,,,,,,,,
超高速光计算系统,光计算,1,2023-09-01,天津新创科技有限公司,已完成,2023-09-02,合格,天津新创科技有限公司,光信号处理单元,天津新创科技有限公司,VLC-023-2024,计算技术,无,标准型,V1.0,天津市科技发展局,http://ln.gov.cn/,2024-10-17,,,,,,,,,,
智能家居光通信网络,光通信,2,2023-09-12,成都智能科技有限公司,审核中,2023-09-13,待定,成都智能科技有限公司,光传输模块,成都智能科技有限公司,VLC-031-2024,住宅科技,无,高级型,V1.1,成都市智能科技协会,http://sd.gov.cn/,2024-10-17,,,,,,,,,,
远程医疗光通讯平台,光通信,1,2023-10-01,杭州健康科技有限公司,已完成,2023-10-02,合格,杭州健康科技有限公司,医疗数据传输单元,杭州健康科技有限公司,VLC-047-2024,远程医疗,无,标准型,V1.0,浙江省卫生健康委员会,http://js.gov.cn/,2024-10-17,,,,,,,,,,
城市光通信基础设施,光通信,3,2023-10-15,南京城市科技组,审批中,2023-10-16,待定,南京城市科技组,综合网络模块,南京城市科技组,VLC-052-2024,交通管理,无,高级型,V2.0,南京市科技局,http://bj.gov.cn/,2024-10-17,,,,,,,,,,
可见光传输监测系统,光通信,2,2023-10-20,武汉光电集团,已完成,2023-10-21,合格,武汉光电集团,监测数据模块,武汉光电集团,VLC-068-2024,监测技术,无,标准型,V1.0,湖北省科技厅,http://gd.gov.cn/,2024-10-17,,,,,,,,,,
光通信抗干扰系统,光通信,3,2023-11-05,北京卫阳科技有限公司,审核中,2023-11-06,待定,北京卫阳科技有限公司,抗干扰模块,北京卫阳科技有限公司,VLC-074-2024,关键技术,无,高级型,V2.0,北京市通信管理局,http://ln.gov.cn/,2024-10-17,,,,,,,,,,
校园光网络教育平台,光计算,1,2023-11-20,苏州教育科技有限公司,已完成,2023-11-21,合格,苏州教育科技有限公司,远程教学模块,苏州教育科技有限公司,VLC-088-2024,教育科技,无,标准型,V1.0,江苏省教育厅,http://sd.gov.cn/,2024-10-17,,,,,,,,,,
无人驾驶光通信系统,光通信,2,2023-12-05,沈阳自动化科技有限公司,审核中,2023-12-06,待定,沈阳自动化科技有限公司,路径导航模块,沈阳自动化科技有限公司,VLC-002-2024,自动驾驶,无,高级型,V2.0,辽宁省科技厅,http://js.gov.cn/,2024-10-17,,,,,,,,,,
互动光计算服务平台,光计算,1,2023-12-15,西安互动科技公司,已完成,2023-12-16,合格,西安互动科技公司,用户交互模块,西安互动科技公司,VLC-004-2024,互动科技,无,标准型,V1.0,陕西省科技厅,http://bj.gov.cn/,2024-10-17,,,,,,,,,,
智能光信号解调系统,光通信,1,2023-09-01,杭州光电科技有限公司,已完成,2023-09-02,合格,杭州光电科技有限公司,信号解调模块,杭州光电科技有限公司,VLC-007-2024,通信技术,无,标准型,V1.0,浙江省科技管理局,http://gd.gov.cn/,2024-10-17,,,,,,,,,,
高效光数据传输系统,光计算,2,2023-09-15,成都光源技术有限公司,审核中,2023-09-16,待定,成都光源技术有限公司,数据传输单元,成都光源技术有限公司,VLC-010-2024,计算技术,无,高级型,V2.0,四川省科技促进中心,http://js.gov.cn/,2024-10-17,,,,,,,,,,
智能光网络优化系统,光网络,3,2023-09-25,北京智慧网络公司,已完成,2023-09-26,合格,北京智慧网络公司,网络优化模块,北京智慧网络公司,VLC-013-2024,网络技术,无,标准型,V1.0,国家信息技术发展局,http://bj.gov.cn/,2024-10-17,,,,,,,,,,
光模块智能检测系统,光通信,1,2023-10-05,南京光电科技公司,审核中,2023-10-06,待定,南京光电科技公司,检测模块,南京光电科技公司,VLC-018-2024,质量监控,无,高级型,V2.1,江苏省科技厅,http://gd.gov.cn/,2024-10-17,,,,,,,,,,
可见光防护通信系统,光网络,3,2023-10-12,厦门光电安全技术公司,已完成,2023-10-13,合格,厦门光电安全技术公司,防护模块,厦门光电安全技术公司,VLC-021-2024,安全通信,无,标准型,V1.2,福建省科技厅,http://ln.gov.cn/,2024-10-17,,,,,,,,,,
先进可见光接入系统,光通信,1,2023-10-20,上海光通讯技术有限公司,审核中,2023-10-21,待定,上海光通讯技术有限公司,接入模块,上海光通讯技术有限公司,VLC-025-2024,互联网接入,无,高级型,V2.0,上海市科技委员会,http://sd.gov.cn/,2024-10-17,,,,,,,,,,
光辅助智能感知系统,光计算,2,2023-11-01,武汉智慧光电有限公司,已完成,2023-11-02,合格,武汉智慧光电有限公司,感知模块,武汉智慧光电有限公司,VLC-029-2024,物联网,无,标准型,V1.0,湖北省科学技术厅,http://js.gov.cn/,2024-10-17,,,,,,,,,,
全面可见光监测系统,光通信,1,2023-11-15,西安光通信实验室,审核中,2023-11-16,待定,西安光通信实验室,监测模块,西安光通信实验室,VLC-034-2024,监控技术,无,高级型,V2.1,陕西省科技厅,http://bj.gov.cn/,2024-10-17,,,,,,,,,,
动态光控制系统,光计算,2,2023-11-30,南宁光智能研究院,已完成,2023-12-01,合格,南宁光智能研究院,动态控制模块,南宁光智能研究院,VLC-003-2024,适应技术,无,标准型,V1.0,广西科技厅,http://gd.gov.cn/,2024-10-17,,,,,,,,,,
未来光网络系统,光网络,1,2023-09-01,杭州未来科技有限公司,已完成,2023-09-02,合格,杭州未来科技有限公司,光网络交换模块,杭州未来科技有限公司,VLC-007-2024,电子通信,无,标准型,V1.0,杭州科技业务管理系统,http://hztechapply.gov.cn/,2024-10-17,,,,,,,,,,
智能光传输装置,光通信,2,2023-09-15,天津智联科技有限公司,审核中,2023-09-16,待定,天津智联科技有限公司,信号解调模块,天津智联科技有限公司,VLC-012-2024,远程通信,无,高级型,V2.0,天津市科技局,http://tianjin.gov.cn/,2024-10-17,,,,,,,,,,
全息光计算系统,光计算,1,2023-10-01,苏州全景科技股份有限公司,已完成,2023-10-02,合格,苏州全景科技股份有限公司,光学元件管理单元,苏州全景科技股份有限公司,VLC-016-2024,计算机技术,无,标准型,V1.0,苏州市科技创新服务平台,http://suzhou.gov.cn/,2024-10-17,,,,,,,,,,
高频光数据交换系统,光网络,3,2023-10-15,重庆光电科技有限公司,审核中,2023-10-16,待定,重庆光电科技有限公司,数据传输单元,重庆光电科技有限公司,VLC-022-2024,互联网通信,无,高级型,V2.1,重庆市科技局,http://chongqing.gov.cn/,2024-10-17,,,,,,,,,,
VLC智能信号增强系统,光通信,1,2023-11-10,西安光电研究院,已完成,2023-11-11,合格,西安光电研究院,信号处理模块,西安光电研究院,VLC-028-2024,设备通信,无,标准型,V1.0,西安科技信息管理网,http://xian.gov.cn/,2024-10-17,,,,,,,,,,
光频多路复用系统,光计算,3,2023-11-20,南京信息工程科技有限公司,审核中,2023-11-21,待定,南京信息工程科技有限公司,多路复用模块,南京信息工程科技有限公司,VLC-035-2024,计算机网络,无,高级型,V2.0,南京市科技局,http://nanjing.gov.cn/,2024-10-17,,,,,,,,,,
智能光源调控系统,光通信,1,2023-12-01,成都智能科技有限公司,已完成,2023-12-02,合格,成都智能科技有限公司,光源控制模块,成都智能科技有限公司,VLC-041-2024,先进通信,无,标准型,V1.0,成都市科学技术局,http://chengdu.gov.cn/,2024-10-17,,,,,,,,,,
新型可见光信号传输系统,光网络,2,2023-12-15,长沙光电科技有限公司,审核中,2023-12-16,待定,长沙光电科技有限公司,信号接入模块,长沙光电科技有限公司,VLC-045-2024,交通管理,无,高级型,V2.0,长沙市科技局,http://changsha.gov.cn/,2024-10-17,,,,,,,,,,
高效能光信号网络,光通信,1,2023-09-05,杭州未来科技有限公司,已完成,2023-09-06,合格,杭州未来科技有限公司,信号传输模块,杭州未来科技有限公司,VLC-052-2024,远程通信,无,标准型,V1.0,杭州科技业务管理系统,http://hztechnology.gov.cn/,2024-10-17,,,,,,,,,,
智能光计算生态系统,光计算,2,2023-10-01,南京光电研发中心,审核中,2023-10-02,待定,南京光电研发中心,数据处理与存储模组,南京光电研发中心,VLC-003-2024,电子教育,无,高级型,V2.0,南京市科技管理局,http://nanjing.gov.cn/,2024-10-17,,,,,,,,,,
光传输信息加密系统,光网络,3,2023-08-20,重庆网络安全科技有限公司,已完成,2023-08-21,合格,重庆网络安全科技有限公司,信息安全模块,重庆网络安全科技有限公司,VLC-007-2024,计算机技术,无,标准型,V1.0,重庆市科技局,http://cq.gov.cn/,2024-10-17,,,,,,,,,,
城市智能监控系统,光网络,1,2023-07-15,武汉智能科技集团,审核中,2023-07-16,待定,武汉智能科技集团,视频监控模组,武汉智能科技集团,VLC-012-2024,网络通信,无,高级型,V2.1,武汉市科技服务平台,http://wuhan.gov.cn/,2024-10-17,,,,,,,,,,
高带宽可见光通信接口,光通信,2,2023-08-25,苏州创新科技公司,已完成,2023-08-26,合格,苏州创新科技公司,光频调制模块,苏州创新科技公司,VLC-015-2024,企业服务,无,标准型,V1.0,苏州市科技局,http://suzhou.gov.cn/,2024-10-17,,,,,,,,,,
轻量级光计算平台,光计算,2,2022-12-30,青岛光电技术有限公司,已完成,2022-12-31,合格,青岛光电技术有限公司,算力模块,青岛光电技术有限公司,VLC-019-2024,教育研究,无,高级型,V2.0,青岛科技业务管理系统,http://qingdao.gov.cn/,2024-10-17,,,,,,,,,,
企业级光网络管理系统,光网络,1,2023-09-15,西安网络技术服务公司,审核中,2023-09-16,待定,西安网络技术服务公司,网络管理模块,西安网络技术服务公司,VLC-021-2024,交通监控,无,标准型,V1.0,西安市科技信息中心,http://xian.gov.cn/,2024-10-17,,,,,,,,,,
光增强云计算平台,光计算,2,2023-09-25,郑州光电应用研究所,已完成,2023-09-26,合格,郑州光电应用研究所,数据分析模块,郑州光电应用研究所,VLC-036-2024,计算机视觉,无,高级型,V2.0,郑州市科技服务平台,http://zhengzhou.gov.cn/,2024-10-17,,,,,,,,,,
远程可视化光通信系统,光通信,1,2023-10-05,天津未来科技有限公司,审核中,2023-10-06,待定,天津未来科技有限公司,可视化数据传输模块,天津未来科技有限公司,VLC-042-2024,物联网技术,无,标准型,V1.0,天津市科技信息管理中心,http://tianjin.gov.cn/,2024-10-17,,,,,,,,,,
超高速可见光数据传输系统,光通信,1,2023-09-10,杭州光信科技有限公司,已完成,2023-09-11,合格,杭州光信科技有限公司,光调制与解调设备,杭州光信科技有限公司,VLC-049-2024,监控技术,无,标准型,V1.0,浙江省科技信息网,http://wuhan.gov.cn/,2024-10-17,,,,,,,,,,
智能光传感系统,光传感,2,2023-09-12,南京智能科技有限公司,审核中,2023-09-13,待定,南京智能科技有限公司,光纤传感器,南京智能科技有限公司,VLC-053-2024,云计算,无,高级型,V2.0,江苏省高技术产业发展网,http://suzhou.gov.cn/,2024-10-17,,,,,,,,,,
数据安全可见光网络,光网络,3,2023-09-14,天津光络科技有限公司,已完成,2023-09-15,合格,天津光络科技有限公司,安全路由模块,天津光络科技有限公司,VLC-023-2024,网络安全,无,标准型,V1.2,天津科技创新网,http://qingdao.gov.cn/,2024-10-17,,,,,,,,,,
光计算云服务平台,光计算,2,2023-09-16,成都光云科技有限公司,审核中,2023-09-17,待定,成都光云科技有限公司,云计算平台,成都光云科技有限公司,VLC-045-2024,信息处理,无,高级型,V2.1,四川省信息技术服务平台,http://xian.gov.cn/,2024-10-17,,,,,,,,,,
可见光多媒体通信系统,光通信,1,2023-09-18,武汉多媒体科技公司,已完成,2023-09-19,合格,武汉多媒体科技公司,视频传输模块,武汉多媒体科技公司,VLC-067-2024,通信技术,无,标准型,V1.0,湖北省科技局,http://zhengzhou.gov.cn/,2024-10-17,,,,,,,,,,
下一代可见光调制系统,光通信,1,2023-09-20,西安未来科技公司,审核中,2023-09-21,待定,西安未来科技公司,高效调制模块,西安未来科技公司,VLC-089-2024,通信技术,无,高级型,V2.0,陕西省科技创新网,http://tianjin.gov.cn/,2024-10-17,,,,,,,,,,
低功耗可见光传输系统,光通信,1,2023-09-22,南昌低功耗科技公司,已完成,2023-09-23,合格,南昌低功耗科技公司,信号处理模块,南昌低功耗科技公司,VLC-102-2024,通信技术,无,标准型,V1.0,江西省科技信息网,http://wuhan.gov.cn/,2024-10-17,,,,,,,,,,
光计算融合系统,光计算,2,2023-09-24,青岛前沿科技有限公司,审核中,2023-09-25,待定,青岛前沿科技有限公司,集成计算单元,青岛前沿科技有限公司,VLC-134-2024,信息处理,无,高级型,V2.1,山东省科技局,http://suzhou.gov.cn/,2024-10-17,,,,,,,,,,
超宽带可见光传输系统,光通信,1,2023-09-26,大连宽带公司,已完成,2023-09-27,合格,大连宽带公司,宽带信号模块,大连宽带公司,VLC-156-2024,通信技术,无,标准型,V1.0,辽宁省科技厅,http://qingdao.gov.cn/,2024-10-17,,,,,,,,,,
增强现实可见光系统,光通信,1,2023-09-05,杭州虚拟科技有限公司,已完成,2023-09-06,合格,杭州虚拟科技有限公司,光增强模块,杭州虚拟科技有限公司,VLC-178-2024,互动娱乐,无,高级型,V1.0,杭州市科技发展管理局,http://xian.gov.cn/,2024-10-17,,,,,,,,,,
智能灯光控制系统,光网络,2,2023-07-15,南京智慧城市公司,审核中,2023-07-16,待定,南京智慧城市公司,信号控制单元,南京智慧城市公司,VLC-190-2024,住宅照明,无,标准型,V1.5,南京市科技局,http://zhengzhou.gov.cn/,2024-10-17,,,,,,,,,,
海洋环境监测系统,光计算,1,2023-08-25,厦门海洋局,已完成,2023-08-26,合格,厦门海洋局,数据传输模块,厦门海洋局,VLC-204-2024,生态监测,无,标准型,V2.0,厦门市科技管理中心,http://tianjin.gov.cn/,2024-10-17,,,,,,,,,,
智能家居安全系统,光网络,3,2023-10-01,苏州智能科技有限公司,审核中,2023-10-02,待定,苏州智能科技有限公司,监控模块,苏州智能科技有限公司,VLC-003-2024,住宅安全,无,高级型,V3.0,苏州市科技信息局,http://wuhan.gov.cn/,2024-10-17,,,,,,,,,,
智能交通监测系统,光计算,1,2023-09-15,武汉交通科技公司,已完成,2023-09-16,合格,武汉交通科技公司,实时监测模块,武汉交通科技公司,VLC-007-2024,交通管理,无,标准型,V1.8,武汉市交通局,http://suzhou.gov.cn/,2024-10-17,,,,,,,,,,
城市智能照明系统,光网络,2,2023-08-30,成都智慧城市开发公司,审核中,2023-08-31,待定,成都智慧城市开发公司,灯光控制模块,成都智慧城市开发公司,VLC-012-2024,交通照明,无,高级型,V2.2,成都市科技局,http://qingdao.gov.cn/,2024-10-17,,,,,,,,,,
工业生产监控系统,光计算,3,2023-09-20,郑州工业科技公司,已完成,2023-09-21,合格,郑州工业科技公司,监控与反馈模块,郑州工业科技公司,VLC-018-2024,设备安全,无,标准型,V1.6,郑州市科技局,http://xian.gov.cn/,2024-10-17,,,,,,,,,,
无人机可见光通信系统,光通信,1,2023-10-05,西安无人机技术有限公司,审核中,2023-10-06,待定,西安无人机技术有限公司,通信发射器,西安无人机技术有限公司,VLC-022-2024,无人机技术,无,高级型,V2.5,西安市科技局,http://zhengzhou.gov.cn/,2024-10-17,,,,,,,,,,
多模态通信系统,光计算,2,2023-09-28,福州智能科技公司,已完成,2023-09-29,合格,福州智能科技公司,数据整合模块,福州智能科技公司,VLC-027-2024,信息处理,无,标准型,V1.4,福州市科技办公室,http://tianjin.gov.cn/,2024-10-17,,,,,,,,,,
下一代高速光通信系统,光通信,1,2023-09-05,杭州光电科技有限公司,已完成,2023-09-06,合格,杭州光电科技有限公司,光纤传输模块,杭州光电科技有限公司,VLC-034-2024,电子通信,无,标准型,V1.0,浙江省科技局,http://www.zjsti.gov.cn/,2024-10-17,,,,,,,,,,
智能化光计算平台,光计算,2,2023-08-20,南昌高校光电研究所,审核中,2023-08-21,待定,南昌高校光电研究所,计算核心模块,南昌高校光电研究所,VLC-041-2024,计算机科学,无,高级型,V2.0,江西省科技厅,http://www.jxsti.gov.cn/,2024-10-17,,,,,,,,,,
光网络卫士系统,光网络,3,2023-10-10,成都光网科技公司,已完成,2023-10-11,合格,成都光网科技公司,防火墙模块,成都光网科技公司,VLC-045-2024,服务器安全,无,标准型,V1.0,四川省科技局,http://www.scsti.gov.cn/,2024-10-17,,,,,,,,,,
高效光计算网络系统,光计算,2,2023-09-25,武汉智能技术公司,审核中,2023-09-26,待定,武汉智能技术公司,控制与管理平台,武汉智能技术公司,VLC-052-2024,计算机网络,无,高级型,V2.1,湖北省科技厅,http://www.hbsti.gov.cn/,2024-10-17,,,,,,,,,,
量子光通信系统,光通信,1,2023-10-01,青岛先进光电技术公司,已完成,2023-10-02,合格,青岛先进光电技术公司,量子信号模块,青岛先进光电技术公司,VLC-012-2024,量子科技,无,标准型,V1.0,山东省科技局,http://www.sdsti.gov.cn/,2024-10-17,,,,,,,,,,
智能实时光网络系统,光网络,3,2023-10-15,南京信息科技集团,审核中,2023-10-16,待定,南京信息科技集团,智能监控模块,南京信息科技集团,VLC-045-2024,物联网,无,高级型,V2.0,江苏省科技厅,http://www.jssti.gov.cn/,2024-10-17,,,,,,,,,,
生态融合光通信系统,光通信,1,2023-10-20,厦门光电应用公司,已完成,2023-10-21,合格,厦门光电应用公司,可再生能源模块,厦门光电应用公司,VLC-078-2024,环保科技,无,标准型,V1.0,福建省科技厅,http://www.fjsti.gov.cn/,2024-10-17,,,,,,,,,,
下一代光网络加速器,光网络,3,2023-10-30,合肥智能网络技术公司,审核中,2023-10-31,待定,合肥智能网络技术公司,数据通信模块,合肥智能网络技术公司,VLC-032-2024,数据通信,无,高级型,V2.1,安徽省科技厅,http://www.ahsti.gov.cn/,2024-10-17,,,,,,,,,,
卫星对接光通信系统,光通信,1,2023-11-05,哈尔滨光电技术有限责任公司,已完成,2023-11-06,合格,哈尔滨光电技术有限责任公司,卫星通信模块,哈尔滨光电技术有限责任公司,VLC-059-2024,卫星通信,无,标准型,V1.0,黑龙江省科技厅,http://www.hljsti.gov.cn/,2024-10-17,,,,,,,,,,