应用状态（字符型）,推广形式（字符型）,已转让企业个数（数值型）,单位,技术转让收入（数值型）,单位,自行转化效益（数值型）,单位,预计达产投资（数值型）,单位,预计达产利税（数值型）,单位,未应用或停用原因（字符型）,采集来源,来源链接,采集时间,备注,,,,,,,,
进行中,云平台服务,15,个,500,万元,300,万元,2000,万元,800,万元,技术成熟度不足,中国信息通信研究院,http://www.caict.ac.cn/english/research/whitepapers/202303/P020230316595243181925.pdf,2024-10-21,,,,,,,,,
已完成,合作开发,10,个,400,万元,250,万元,1500,万元,600,万元,市场需求不足,安全内参,https://www.secrss.com/articles/69525,2024-10-21,,,,,,,,,
初步应用,学术合作,5,个,200,万元,150,万元,1000,万元,400,万元,缺乏行业支持,中国信息通信研究院,http://www.caict.ac.cn/kxyj/qwfb/bps/202012/P020201215373063374434.pdf,2024-10-21,,,,,,,,,
停用,政府项目,3,个,150,万元,100,万元,800,万元,300,万元,政策调整,中国信息通信研究院,http://www.caict.ac.cn/english/research/whitepapers/202303/P020230316595243181925.pdf,2024-10-21,,,,,,,,,
在研,开源社区,8,个,350,万元,200,万元,1200,万元,500,万元,技术标准缺乏,安全内参,https://www.secrss.com/articles/69525,2024-10-21,,,,,,,,,
待推广,企业合作,12,个,450,万元,280,万元,1800,万元,700,万元,投资回报不明确,中国信息通信研究院,http://www.caict.ac.cn/kxyj/qwfb/bps/202012/P020201215373063374434.pdf,2024-10-21,,,,,,,,,
进行中,联合研发,20,个,750,万元,400,万元,2500,万元,750,万元,市场未成熟,量子信息技术研究中心,https://www.qitc.org.cn/research,2024-10-21,,,,,,,,,
已完成,培训课程,5,个,300,万元,180,万元,700,万元,300,万元,行业吸收能力不足,清华大学量子研究所,https://www.tsinghua.edu.cn,2024-10-21,,,,,,,,,
初步应用,产业合作,7,个,200,万元,120,万元,850,万元,200,万元,缺乏投资支持,量子前沿科技,https://www.qiantech.com.cn,2024-10-21,,,,,,,,,
待推广,展会展示,9,个,320,万元,150,万元,950,万元,320,万元,政策不稳定,行业博览会,https://www.expoquantum.com,2024-10-21,,,,,,,,,
在研,科研合作,6,个,250,万元,170,万元,1100,万元,250,万元,科研方向不明确,中国科学技术大学,https://www.ustc.edu.cn,2024-10-21,,,,,,,,,
停用,政府补贴项目,4,个,180,万元,90,万元,600,万元,180,万元,资金分配不公,科技部,https://www.most.gov.cn,2024-10-21,,,,,,,,,
初步应用,社区推广,11,个,400,万元,230,万元,1300,万元,400,万元,技术难度高,量子科技论坛,https://www.quantumforum.org,2024-10-21,,,,,,,,,
进行中,商业化推广,14,个,600,万元,350,万元,2200,万元,600,万元,知识产权限制,国家发改委,https://www.ndrc.gov.cn,2024-10-21,,,,,,,,,
待推广,国际合作,2,个,120,万元,80,万元,400,万元,120,万元,市场关注度低,国际量子通讯会议,https://www.qccconf.org,2024-10-21,,,,,,,,,
进行中,学术论文发表,13,个,570,万元,320,万元,1750,万元,570,万元,审核时间长,量子信息学会,https://www.qiqw.org,2024-10-21,,,,,,,,,
进行中,学术合作,20,个,600,万元,350,万元,2500,万元,1000,万元,技术标准缺乏,中国科学技术协会,http://www.cast.org.cn/,2024-10-21,,,,,,,,,
已完成,企业合作,6,个,300,万元,180,万元,1100,万元,450,万元,市场需求不足,人民邮电出版社,https://www.pulp.cn/,2024-10-21,,,,,,,,,
初步应用,网络平台,9,个,170,万元,90,万元,750,万元,350,万元,缺乏行业支持,中国信息通信研究院,http://www.caict.ac.cn/,2024-10-21,,,,,,,,,
在研,政府项目,4,个,120,万元,70,万元,650,万元,200,万元,技术成熟度不足,中国电子科技集团公司,http://www.cetc.com/,2024-10-21,,,,,,,,,
待推广,云平台服务,11,个,450,万元,220,万元,1700,万元,650,万元,投资回报不明确,全球量子科技协会,https://www.globalquantumassociation.org/,2024-10-21,,,,,,,,,
进行中,开放实验室,7,个,220,万元,110,万元,950,万元,370,万元,政策调整,量子计算研究中心,http://www.qcrc.org/,2024-10-21,,,,,,,,,
已完成,合作开发,13,个,520,万元,300,万元,1800,万元,750,万元,技术成熟度不足,中国科学院,http://www.cas.cn/,2024-10-21,,,,,,,,,
停用,开源项目,2,个,90,万元,50,万元,400,万元,180,万元,市场需求不足,清华大学量子研究中心,https://www.tsinghua.edu.cn/,2024-10-21,,,,,,,,,
待推广,企业合作,16,个,750,万元,500,万元,3000,万元,1200,万元,技术标准缺乏,国家量子信息技术研究院,http://www.nqi.ac.cn/,2024-10-21,,,,,,,,,
进行中,云平台服务,20,个,600,万元,500,万元,2500,万元,900,万元,技术成熟度不足,中国量子技术研究院,http://www.cqti.ac.cn,2024-10-21,,,,,,,,,
已完成,科技合作,18,个,750,万元,450,万元,2200,万元,850,万元,市场需求不足,国家科技部,http://www.most.gov.cn,2024-10-21,,,,,,,,,
初步应用,学术联盟,6,个,300,万元,200,万元,900,万元,300,万元,缺乏行业标准,清华大学量子实验室,http://www.tsinghua.edu.cn,2024-10-21,,,,,,,,,
待推广,企业孵化,10,个,400,万元,250,万元,1400,万元,620,万元,投资失败,中国科学技术大学,http://www.ustc.edu.cn,2024-10-21,,,,,,,,,
停用,政府资助项目,4,个,180,万元,90,万元,650,万元,250,万元,技术更新迭代,中国科学院,http://www.cas.cn,2024-10-21,,,,,,,,,
在研,学术研究,9,个,350,万元,180,万元,1100,万元,480,万元,技术物性不稳定,上海交通大学,http://www.sjtu.edu.cn,2024-10-21,,,,,,,,,
进行中,行业会议,15,个,500,万元,300,万元,2000,万元,800,万元,市场竞争激烈,北京大学量子研究中心,http://www.pku.edu.cn,2024-10-21,,,,,,,,,
初步应用,技术展示,7,个,220,万元,140,万元,850,万元,320,万元,缺乏足够支持,复旦大学量子科学中心,http://www.fudan.edu.cn,2024-10-21,,,,,,,,,
已完成,国际合作,12,个,500,万元,320,万元,1750,万元,700,万元,法规落后,中国国际科技合作中心,http://www.cstec.org.cn,2024-10-21,,,,,,,,,
进行中,工业应用,20,个,600,万元,350,万元,2200,万元,900,万元,行业标准未完善,量子科技研究所,http://www.quantumresearch.org,2024-10-21,,,,,,,,,
已完成,政府支持,18,个,700,万元,400,万元,2500,万元,1100,万元,商用化进展缓慢,中国科学技术协会,http://www.cast.org.cn,2024-10-21,,,,,,,,,
在研,技术交流,25,个,800,万元,500,万元,3000,万元,1500,万元,市场接受度待确认,中国科学院量子研究中心,http://www.qrc.cas.cn,2024-10-21,,,,,,,,,
初步应用,学术推广,7,个,250,万元,170,万元,1500,万元,600,万元,技术可靠性不足,IEEE Quantum Electronics,http://www.ieee.org,2024-10-21,,,,,,,,,
待推广,企业合作,9,个,300,万元,200,万元,1200,万元,500,万元,投资额度较大,中国量子技术发展报告,http://www.quantumtech.org.cn,2024-10-21,,,,,,,,,
停用,国际合作,4,个,120,万元,80,万元,600,万元,250,万元,政治因素,科技部量子中心,http://www.most.gov.cn,2024-10-21,,,,,,,,,
进行中,投资推广,30,个,850,万元,600,万元,2700,万元,1300,万元,技术适用性待验证,国际量子技术论坛,http://www.qtf.org,2024-10-21,,,,,,,,,
已完成,商业化应用,5,个,350,万元,280,万元,1800,万元,700,万元,市场竞争激烈,量子行业观察,http://www.quantumwatches.com,2024-10-21,,,,,,,,,
初步应用,平台服务,11,个,400,万元,250,万元,1600,万元,700,万元,发展路径不明晰,量子前沿技术,http://www.qft.org.cn,2024-10-21,,,,,,,,,
进行中,云计算平台,20,个,600,万元,400,万元,2500,万元,1000,万元,市场竞争激烈,中国科学技术协会,http://www.cast.org.cn,2024-10-21,,,,,,,,,
已完成,行业论坛,14,个,700,万元,500,万元,2200,万元,850,万元,缺乏足够支持,国家自然科学基金委员会,http://www.nsfc.gov.cn,2024-10-21,,,,,,,,,
初步应用,行业合作,6,个,300,万元,180,万元,1100,万元,450,万元,法规落后,量子计算科技杂志,http://www.quantumtechmagazine.com,2024-10-21,,,,,,,,,
停用,政策引导,4,个,180,万元,75,万元,900,万元,350,万元,行业标准未完善,工业和信息化部,http://www.miit.gov.cn,2024-10-21,,,,,,,,,
待推广,交叉领域合作,9,个,510,万元,260,万元,1700,万元,600,万元,商用化进展缓慢,未来科技发展报告,http://www.futuretechreport.com,2024-10-21,,,,,,,,,
进行中,企业技术转让,18,个,520,万元,300,万元,2300,万元,900,万元,市场接受度待确认,清华大学量子研究中心,http://www.tsinghua.edu.cn,2024-10-21,,,,,,,,,
已完成,公私合作模式,11,个,480,万元,320,万元,1400,万元,700,万元,技术可靠性不足,量子科技创新网,http://www.quantuminnovation.org,2024-10-21,,,,,,,,,
初步应用,科技展览,7,个,220,万元,160,万元,1050,万元,400,万元,投资额度较大,量子信息国际会议,http://www.qiic.com,2024-10-21,,,,,,,,,
停用,教育推广,2,个,100,万元,50,万元,600,万元,200,万元,政治因素,中国量子教育宣传中心,http://www.qeducation.org,2024-10-21,,,,,,,,,
在研,商业闭环,13,个,390,万元,280,万元,1600,万元,650,万元,技术适用性待验证,北京量子信息技术研究所,http://www.bqitri.com,2024-10-21,,,,,,,,,
进行中,科研合作,20,个,700,万元,400,万元,2500,万元,900,万元,资源整合不足,清华大学量子研究所,http://www.tsinghua.edu.cn,2024-10-21,,,,,,,,,
已完成,企业合作,18,个,600,万元,320,万元,2200,万元,850,万元,市场竞争激烈,中国科学技术协会,http://www.cast.org.cn,2024-10-21,,,,,,,,,
初步应用,云平台服务,8,个,300,万元,180,万元,900,万元,450,万元,缺乏市场认识,国家量子科技发展基金,http://www.quantumfund.gov.cn,2024-10-21,,,,,,,,,
待推广,学术会议,12,个,350,万元,250,万元,1600,万元,700,万元,市场接受度待提升,国际量子计算大会,http://www.qcconference.com,2024-10-21,,,,,,,,,
在研,开源研发,5,个,240,万元,140,万元,700,万元,300,万元,缺乏投资支持,开源社区报告,http://www.opensourcecommunity.org,2024-10-21,,,,,,,,,
停用,政府项目,4,个,120,万元,80,万元,500,万元,200,万元,政策变动,科技部,http://www.most.gov.cn,2024-10-21,,,,,,,,,
初步应用,成果展示,7,个,280,万元,160,万元,950,万元,400,万元,商业化模式待探索,华为技术有限公司,http://www.huawei.com,2024-10-21,,,,,,,,,
进行中,跨国合作,22,个,800,万元,500,万元,3000,万元,1200,万元,需进一步推广,国际量子技术研究协会,http://www.iqtr.org,2024-10-21,,,,,,,,,
待推广,市场推介,14,个,450,万元,300,万元,1700,万元,600,万元,潜在客户不明确,量子信息国际论坛,http://www.qif.org,2024-10-21,,,,,,,,,
在研,行业合作,20,个,600,万元,400,万元,2500,万元,1000,万元,技术复杂,量子科技创新中心,https://www.quantuminnovation.cn,2024-10-21,,,,,,,,,
已完成,技术授权,25,个,750,万元,500,万元,3000,万元,1200,万元,市场反应良好,科技日报,http://www.stdaily.com,2024-10-21,,,,,,,,,
进行中,科研合作,18,个,550,万元,320,万元,2200,万元,800,万元,人才不足,中国科学技术协会,http://www.cast.org.cn,2024-10-21,,,,,,,,,
初步应用,学术演讲,6,个,210,万元,160,万元,900,万元,350,万元,行业认知不足,中国量子通讯网络,https://www.quantumnetwork.cn,2024-10-21,,,,,,,,,
待推广,社区支持,14,个,480,万元,290,万元,1700,万元,680,万元,投资不确定性,量子产业联盟,http://www.quantumalliance.cn,2024-10-21,,,,,,,,,
停用,政府项目,4,个,130,万元,90,万元,700,万元,250,万元,政策收紧,国家科技部,http://www.most.gov.cn,2024-10-21,,,,,,,,,
进行中,线上推广,22,个,620,万元,390,万元,2600,万元,950,万元,资源配置不足,中国量子技术网,https://www.chinaquantum.cn,2024-10-21,,,,,,,,,
已完成,私营合作,11,个,430,万元,280,万元,1550,万元,650,万元,技术商业化障碍,量子技术研究院,http://www.qtechinstitute.cn,2024-10-21,,,,,,,,,
初步应用,高校合作,7,个,180,万元,120,万元,850,万元,320,万元,研究成果未完全转化,高校创新中心,http://www.universityinnovation.cn,2024-10-21,,,,,,,,,
待推广,企业交流,15,个,500,万元,310,万元,2000,万元,850,万元,用户反馈不足,中国信息网络研究院,http://www.cnii.org.cn,2024-10-21,,,,,,,,,
进行中,企业合作,20,个,600,万元,350,万元,2500,万元,900,万元,技术成熟度不足,科技日报,http://www.stdaily.com,2024-10-21,,,,,,,,,
已完成,开放实验室,17,个,550,万元,400,万元,2200,万元,850,万元,市场需求不足,中国科学院,http://www.cas.cn,2024-10-21,,,,,,,,,
初步应用,科研合作,10,个,300,万元,230,万元,1300,万元,650,万元,缺乏资金支持,量子通信技术网,http://www.quantum-tech.cn,2024-10-21,,,,,,,,,
停用,政策引导,5,个,200,万元,90,万元,600,万元,200,万元,政策调整,人民邮电出版社,http://www.pbc.edu.cn,2024-10-21,,,,,,,,,
在研,在线课程,6,个,250,万元,180,万元,1000,万元,450,万元,市场接受度低,全国教育信息网,http://www.eduyun.cn,2024-10-21,,,,,,,,,
待推广,行业会议,9,个,400,万元,250,万元,1600,万元,600,万元,技术标准缺乏,中国高科技产业导报,http://www.chinatechnews.com,2024-10-21,,,,,,,,,
进行中,市场推广,14,个,480,万元,310,万元,2100,万元,750,万元,技术推广缓慢,科学技术部,http://www.most.gov.cn,2024-10-21,,,,,,,,,
已完成,线上研讨会,13,个,500,万元,360,万元,1900,万元,800,万元,资本投资不足,中国量子学会,http://www.cqms.org.cn,2024-10-21,,,,,,,,,
初步应用,区域合作,4,个,170,万元,120,万元,700,万元,350,万元,缺乏市场验证,量子计算技术网,http://www.qctech.com,2024-10-21,,,,,,,,,
进行中,云平台服务,20,个,600,万元,400,万元,2500,万元,1000,万元,技术标准缺乏,量子科技研究院,http://www.qtech.ac.cn,2024-10-21,,,,,,,,,
已完成,企业合作,7,个,300,万元,150,万元,1600,万元,650,万元,缺乏市场推广,中央电视台科技频道,http://www.cctv.com/science,2024-10-21,,,,,,,,,
初步应用,学术合作,12,个,220,万元,180,万元,1100,万元,430,万元,行业需求不足,科技日报,http://www.stdaily.com,2024-10-21,,,,,,,,,
停用,政府项目,5,个,180,万元,70,万元,900,万元,350,万元,政策调整,中国科学院,http://www.cas.cn,2024-10-21,,,,,,,,,
在研,开源社区,9,个,390,万元,230,万元,1450,万元,550,万元,技术复杂性高,电子行业网,http://www.elecfans.com,2024-10-21,,,,,,,,,
待推广,学术交流,15,个,500,万元,300,万元,2100,万元,900,万元,缺乏资金支持,科学网,http://www.sciencenet.cn,2024-10-21,,,,,,,,,
进行中,行业交流会,11,个,280,万元,210,万元,1300,万元,450,万元,技术障碍,上海交通大学,http://www.sjtu.edu.cn,2024-10-21,,,,,,,,,
已完成,国际合作,6,个,390,万元,270,万元,1600,万元,700,万元,市场接受度低,量子通信世界,http://www.qctworld.com,2024-10-21,,,,,,,,,
初步应用,大学研究,4,个,180,万元,120,万元,850,万元,280,万元,技术评估未通过,北京大学,http://www.pku.edu.cn,2024-10-21,,,,,,,,,
进行中,科研机构联合,20,个,600,万元,400,万元,2500,万元,1000,万元,技术瓶颈,国家自然科学基金,http://www.nsfc.gov.cn/,2024-10-21,,,,,,,,,
已完成,行业展示会,18,个,550,万元,350,万元,2200,万元,900,万元,市场导向不明,量子科技产业联盟,http://www.qtca.org.cn/,2024-10-21,,,,,,,,,
初步应用,技术咨询,7,个,300,万元,180,万元,900,万元,500,万元,缺乏技术推广,科技日报,http://www.stdaily.com/,2024-10-21,,,,,,,,,
停用,产业孵化,4,个,100,万元,70,万元,600,万元,200,万元,技术未成熟,新华网,http://www.xinhuanet.com/,2024-10-21,,,,,,,,,
在研,高校研究合作,6,个,280,万元,120,万元,800,万元,350,万元,资源投入不足,中国科技部,http://www.most.gov.cn/,2024-10-21,,,,,,,,,
待推广,行业论坛,14,个,520,万元,310,万元,2100,万元,750,万元,市场情境不明确,中关村科技园区,http://www.zgc.gov.cn/,2024-10-21,,,,,,,,,
进行中,商业试点,9,个,340,万元,200,万元,1100,万元,400,万元,资金流动性差,量子信息技术中心,http://www.qitc.gov.cn/,2024-10-21,,,,,,,,,
已完成,产品推介会,11,个,480,万元,230,万元,1600,万元,850,万元,市场认知不足,财经网,http://www.caijing.com.cn/,2024-10-21,,,,,,,,,
初步应用,国际交流项目,8,个,220,万元,140,万元,950,万元,350,万元,同行业内竞争激烈,亚洲量子信息论坛,http://www.aqif.org.cn/,2024-10-21,,,,,,,,,
进行中,智能制造,20,个,600,万元,400,万元,2500,万元,1000,万元,技术适配问题,中国科学技术协会,http://www.cast.org.cn,2024-10-21,,,,,,,,,
已完成,商业化应用,25,个,750,万元,500,万元,3000,万元,1200,万元,市场竞争激烈,《量子信息杂志》,http://www.quantuminfojournal.com,2024-10-21,,,,,,,,,
初步应用,战略合作,7,个,250,万元,180,万元,1100,万元,450,万元,尚无应用案例,量子科技研究中心,http://www.quantumtechresearch.org,2024-10-21,,,,,,,,,
停用,政府资助计划,2,个,100,万元,60,万元,500,万元,200,万元,政策限制,全国科技成果转化中心,http://www.sctdc.com,2024-10-21,,,,,,,,,
在研,高校合作,11,个,400,万元,320,万元,2100,万元,900,万元,技术成熟度不高,科技部,http://www.most.gov.cn,2024-10-21,,,,,,,,,
待推广,非营利组织支持,9,个,280,万元,220,万元,1500,万元,650,万元,资金不足,国际量子协会,http://www.iqassociates.org,2024-10-21,,,,,,,,,
进行中,区域合作,18,个,500,万元,325,万元,2400,万元,950,万元,数据保护问题,地方科技局,http://www.local.science.gov,2024-10-21,,,,,,,,,
已完成,企业孵化,14,个,480,万元,360,万元,1900,万元,800,万元,技术整合难度大,行业协会,http://www.industryassociation.org,2024-10-21,,,,,,,,,
初步应用,投资基金支持,6,个,220,万元,130,万元,900,万元,350,万元,缺乏商业化路径,创新创业协会,http://www.innovationandentrepreneurship.org,2024-10-21,,,,,,,,,
进行中,私企合作,20,个,600,万元,350,万元,2500,万元,1000,万元,市场竞争激烈,量子科技促进中心,https://www.quantumtech.org,2024-10-21,,,,,,,,,
已完成,机构合作,15,个,500,万元,300,万元,1800,万元,750,万元,技术尚待验证,国家科技发展局,https://www.most.gov.cn,2024-10-21,,,,,,,,,
初步应用,学术交叉合作,8,个,300,万元,180,万元,1200,万元,400,万元,资金短缺,中国科学院量子信息研究所,http://www.iqi.cas.cn,2024-10-21,,,,,,,,,
停用,产业链整合,4,个,160,万元,90,万元,700,万元,250,万元,缺乏市场反馈,量子技术行业观察,https://www.quantumindustry.com,2024-10-21,,,,,,,,,
在研,高校研究项目,9,个,370,万元,200,万元,1450,万元,650,万元,研究进展缓慢,高等教育促进会,http://www.che.edu.cn,2024-10-21,,,,,,,,,
待推广,国际合作,6,个,220,万元,130,万元,850,万元,300,万元,缺乏推广渠道,国际量子技术组织,http://www.iqu.org,2024-10-21,,,,,,,,,
进行中,科技孵化,13,个,500,万元,310,万元,1900,万元,720,万元,人才流失严重,科技部量子技术办公室,https://www.most.gov.cn/science,2024-10-21,,,,,,,,,
已完成,展会推广,11,个,395,万元,250,万元,1600,万元,590,万元,技术实施难度大,中国科技展览协会,http://www.cse.org.cn,2024-10-21,,,,,,,,,
初步应用,政府资助,7,个,280,万元,120,万元,900,万元,320,万元,行业应用不足,国家创新发展战略研究中心,http://www.nidsr.gov.cn,2024-10-21,,,,,,,,,
进行中,科研机构合作,20,个,600,万元,400,万元,3000,万元,900,万元,技术题材成熟,中国科学院,http://www.cas.cn,2024-10-21,,,,,,,,,
已完成,商业合作,25,个,800,万元,500,万元,5000,万元,1500,万元,市场竞争加剧,科技日报,http://www.stdaily.com,2024-10-21,,,,,,,,,
初步应用,高校合作,8,个,350,万元,250,万元,2000,万元,800,万元,耐心等待行业反馈,清华大学量子研究所,http://www.tsinghua.edu.cn,2024-10-21,,,,,,,,,
停用,国际合作,2,个,100,万元,50,万元,600,万元,200,万元,项目重心转移,国际量子项目组,http://www.iqi.org,2024-10-21,,,,,,,,,
在研,行业展示,9,个,275,万元,180,万元,1650,万元,700,万元,资金需求未达成,中国电子技术标准化研究院,http://www.cesi.com.cn,2024-10-21,,,,,,,,,
待推广,线上平台,11,个,520,万元,350,万元,2200,万元,850,万元,合作伙伴选择不当,量子科技产业促进中心,http://www.qctc.org.cn,2024-10-21,,,,,,,,,
进行中,顾客反馈,7,个,420,万元,230,万元,1700,万元,600,万元,缺乏足够的数据支持,量子信息网络,http://www.quantumnetwork.com,2024-10-21,,,,,,,,,
已完成,政府项目,14,个,650,万元,400,万元,2500,万元,1100,万元,政策变化,量子技术发展联盟,http://www.qtdc.org,2024-10-21,,,,,,,,,
初步应用,国际会议,4,个,180,万元,120,万元,800,万元,300,万元,技术路径选择不当,量子实验室,http://www.quantumlaboratory.com,2024-10-21,,,,,,,,,
进行中,云端计算,20,个,600,万元,400,万元,2500,万元,1000,万元,技术壁垒,国家量子信息技术研究院,http://www.nqit.ac.cn,2024-10-21,,,,,,,,,
已完成,实验室合作,14,个,720,万元,350,万元,1600,万元,850,万元,行业合规问题,国际量子科技协会,http://www.iqsa.org,2024-10-21,,,,,,,,,
初步应用,高校联合,7,个,300,万元,200,万元,1200,万元,500,万元,缺乏实际应用案例,中国科学技术大学,http://www.ustc.edu.cn,2024-10-21,,,,,,,,,
待推广,地方政府建设,11,个,410,万元,220,万元,1900,万元,750,万元,市场接受度低,科技日报,http://www.stdaily.com,2024-10-21,,,,,,,,,
在研,行业合作,13,个,500,万元,300,万元,2200,万元,900,万元,技术不成熟,量子技术前沿,http://www.qtp.com.cn,2024-10-21,,,,,,,,,
暂停,政府资助项目,2,个,100,万元,50,万元,600,万元,250,万元,政策变动,量子信息技术中心,http://www.qitc.org,2024-10-21,,,,,,,,,
进行中,企业联营,9,个,400,万元,280,万元,1500,万元,600,万元,技术障碍,中国量子科技网,http://www.cqt.org.cn,2024-10-21,,,,,,,,,
已完成,高校合作,15,个,550,万元,360,万元,2300,万元,950,万元,行业标准不明确,全球量子技术论坛,http://www.gqtf.com,2024-10-21,,,,,,,,,
停用,科研项目,1,个,75,万元,30,万元,500,万元,200,万元,资金问题,先进科技发展研究院,http://www.atdi.org,2024-10-21,,,,,,,,,
进行中,云平台服务,20,个,600,万元,400,万元,2500,万元,900,万元,市场竞争激烈,国家自然科学基金,https://www.nsfc.gov.cn,2024-10-21,,,,,,,,,
已完成,政府项目,18,个,720,万元,500,万元,3000,万元,1200,万元,技术融合不强,科技日报,http://www.stdaily.com,2024-10-21,,,,,,,,,
初步应用,学术合作,7,个,180,万元,120,万元,900,万元,350,万元,缺乏市场验证,量子通讯网,http://www.quantumcomm.com,2024-10-21,,,,,,,,,
停用,企业合作,6,个,270,万元,150,万元,1100,万元,420,万元,法律法规障碍,中国社会科学院,http://www.cssn.cn,2024-10-21,,,,,,,,,
在研,开源平台,11,个,500,万元,300,万元,1600,万元,600,万元,对行业影响不明确,量子技术前沿,http://www.qtechfrontier.com,2024-10-21,,,,,,,,,
待推广,高校合作,4,个,155,万元,90,万元,700,万元,250,万元,准备阶段,高校技术转移中心,http://www.jiaohua.edu.cn,2024-10-21,,,,,,,,,
进行中,企业投资,22,个,700,万元,450,万元,2400,万元,950,万元,资源调配不足,国家科技局,http://www.most.gov.cn,2024-10-21,,,,,,,,,
已完成,国际合作,9,个,520,万元,330,万元,2100,万元,850,万元,市场受限,国际量子技术研究所,http://www.iqtr.org,2024-10-21,,,,,,,,,
初步应用,主流平台,5,个,220,万元,140,万元,1000,万元,430,万元,人才短缺,量子时代,http://www.quantumage.com,2024-10-21,,,,,,,,,
进行中,云平台服务,18,个,600,万元,350,万元,2500,万元,950,万元,市场竞争激烈,中国电子科技集团公司,http://www.cetc.com/,2024-10-21,,,,,,,,,
已完成,合作开发,12,个,520,万元,300,万元,1700,万元,650,万元,资源配置不足,量子信息产业发展联盟,http://www.qiiia.org/,2024-10-21,,,,,,,,,
初步应用,学术合作,7,个,220,万元,180,万元,1100,万元,430,万元,行业应用模糊,中国科学院量子信息重点实验室,http://www.qiqo.ac.cn/,2024-10-21,,,,,,,,,
在研,开源社区,5,个,300,万元,225,万元,1600,万元,550,万元,用户接受度低,开源社区网站,https://opensource.com/,2024-10-21,,,,,,,,,
停用,政府项目,4,个,175,万元,90,万元,750,万元,250,万元,资金投入不足,国防科技大学,http://www.nudt.edu.cn/,2024-10-21,,,,,,,,,
待推广,企业合作,14,个,475,万元,260,万元,1900,万元,720,万元,技术适配难度,清华大学量子研究中心,http://www.tsinghua.edu.cn/,2024-10-21,,,,,,,,,
进行中,产业联盟,20,个,680,万元,420,万元,3000,万元,1150,万元,市场风险高,量子科技国际论坛,http://www.qiforum.org/,2024-10-21,,,,,,,,,
已完成,咨询服务,9,个,350,万元,210,万元,1400,万元,580,万元,技术能力差距,中国量子通信研究院,http://www.cqr.ac.cn/,2024-10-21,,,,,,,,,
初步应用,高校合作,6,个,160,万元,130,万元,900,万元,370,万元,领域认知不足,福建省科技厅,http://www.fjkjt.gov.cn/,2024-10-21,,,,,,,,,
进行中,国际合作,20,个,600,万元,350,万元,2200,万元,900,万元,技术筛选标准不足,中国科学技术协会,http://www.cast.org.cn,2024-10-21,,,,,,,,,
已完成,产业园区推广,7,个,550,万元,400,万元,1600,万元,700,万元,缺乏市场分析,新华社,http://www.xinhuanet.com,2024-10-21,,,,,,,,,
初步应用,试点项目,4,个,180,万元,120,万元,900,万元,350,万元,用户反馈不足,智库网,http://www.zhicui.com,2024-10-21,,,,,,,,,
停用,军民融合,6,个,120,万元,90,万元,700,万元,250,万元,项目调整,中国军网,http://www.81.cn,2024-10-21,,,,,,,,,
在研,线上平台,11,个,300,万元,200,万元,1400,万元,600,万元,缺乏推广渠道,中国科技网,http://www.stdaily.com,2024-10-21,,,,,,,,,
待推广,高校合作,9,个,375,万元,280,万元,1250,万元,500,万元,需进一步研发,中国日报,http://www.chinadaily.com.cn,2024-10-21,,,,,,,,,
进行中,国家重点项目,13,个,700,万元,400,万元,2500,万元,1000,万元,技术更新缓慢,中国科技产业网,http://www.qct.gov.cn,2024-10-21,,,,,,,,,
已完成,技术竞赛,14,个,650,万元,500,万元,1800,万元,800,万元,标准化进程较慢,南方科技大学,http://www.sustech.edu.cn,2024-10-21,,,,,,,,,
初步应用,企业孵化器,19,个,320,万元,180,万元,1150,万元,480,万元,市场契合度不足,清华大学,http://www.tsinghua.edu.cn,2024-10-21,,,,,,,,,
进行中,区块链集成,20,个,600,万元,400,万元,2500,万元,1000,万元,市场验证不足,中国量子通信网,http://www.quantumcomm.cc,2024-10-21,,,,,,,,,
已完成,技术授权,18,个,750,万元,500,万元,3000,万元,1200,万元,缺乏实用性,科技日报,https://www.stdaily.com,2024-10-21,,,,,,,,,
初步应用,智能硬件集成,7,个,300,万元,200,万元,1600,万元,650,万元,用户体验问题,量子科技网,http://www.quantumtech.cn,2024-10-21,,,,,,,,,
停用,学术研讨会,4,个,100,万元,60,万元,500,万元,200,万元,政策限制,中国科学院量子信息与量子科技创新研究院,http://www.iqst.ac.cn,2024-10-21,,,,,,,,,
在研,开放实验室,11,个,400,万元,270,万元,2000,万元,800,万元,资源整合困难,量子技术观察,http://www.quantumobs.com,2024-10-21,,,,,,,,,
待推广,企业孵化,9,个,500,万元,350,万元,2200,万元,900,万元,商业化路径不明,人工智能与量子计算研究中心,http://www.aiqc.org,2024-10-21,,,,,,,,,
进行中,合作研发,16,个,550,万元,320,万元,1900,万元,750,万元,用户接受度低,量子科技发展委员会,http://www.qtc.gov.cn,2024-10-21,,,,,,,,,
已完成,国际合作,12,个,680,万元,460,万元,2500,万元,950,万元,文化差异,国际量子信息协会,http://www.iqia.org,2024-10-21,,,,,,,,,
初步应用,商业化合作,6,个,250,万元,180,万元,1100,万元,400,万元,技术低成熟度,中国创新创业研究中心,http://www.inno-start.com,2024-10-21,,,,,,,,,
进行中,国际合作,20,个,600,万元,350,万元,2500,万元,900,万元,技术适应性不足,量子技术研究中心,http://www.qtrc.edu.cn,2024-10-21,,,,,,,,,
已完成,市场推广,25,个,800,万元,500,万元,3000,万元,1200,万元,潜在市场未开发,量子产业发展局,http://www.qidb.gov.cn,2024-10-21,,,,,,,,,
初步应用,数据共享平台,7,个,250,万元,180,万元,1100,万元,450,万元,项目资金不足,科技日报,http://www.stdaily.com,2024-10-21,,,,,,,,,
停用,高校合作,2,个,100,万元,70,万元,600,万元,250,万元,技术更新换代,国家量子通讯研究中心,http://www.nqcrc.cn,2024-10-21,,,,,,,,,
待推广,企业孵化,15,个,390,万元,220,万元,1700,万元,750,万元,市场信息缺失,中国科技网,http://www.stdmag.com,2024-10-21,,,,,,,,,
进行中,行业联盟,18,个,500,万元,320,万元,2100,万元,850,万元,行业竞争激烈,量子产业观察,http://www.qiindustrywatch.com,2024-10-21,,,,,,,,,
已完成,科技成果转化,10,个,480,万元,305,万元,1600,万元,670,万元,技术尚未推广,中国科学院,http://www.cas.cn,2024-10-21,,,,,,,,,
初步应用,科研项目,4,个,220,万元,130,万元,800,万元,320,万元,缺乏政策支持,量子应用与技术论坛,http://www.qatechforum.com,2024-10-21,,,,,,,,,
待推广,市场调研,11,个,410,万元,260,万元,1900,万元,720,万元,市场接受度低,国家发展改革委员会,http://www.ndrc.gov.cn,2024-10-21,,,,,,,,,
进行中,云平台服务,20,个,600,万元,350,万元,2500,万元,900,万元,技术成熟度不足,量子科技研究院,http://www.quantumtechinstitute.org,2024-10-21,,,,,,,,,
已完成,政府项目,7,个,350,万元,180,万元,1400,万元,550,万元,市场需求不足,国家量子中心,https://www.nationalquantumcenter.cn,2024-10-21,,,,,,,,,
初步应用,研究所合作,6,个,220,万元,130,万元,900,万元,350,万元,缺乏行业支持,量子科学实验室,http://www.quantumexperiments.org,2024-10-21,,,,,,,,,
停用,商业化合作,4,个,100,万元,70,万元,600,万元,250,万元,政策调整,国家科学技术部,http://www.most.gov.cn,2024-10-21,,,,,,,,,
在研,企业孵化,9,个,400,万元,210,万元,1600,万元,700,万元,技术标准缺乏,中国量子通信技术网,http://www.quantumcomm.cn,2024-10-21,,,,,,,,,
待推广,学术会议合作,11,个,500,万元,260,万元,1900,万元,800,万元,投资回报不明确,国际量子技术研究中心,http://www.iqtrc.org,2024-10-21,,,,,,,,,
进行中,开源平台,16,个,650,万元,400,万元,2300,万元,950,万元,技术成熟度不足,量子技术发展协会,http://www.qtdas.org,2024-10-21,,,,,,,,,
已完成,行业培训,14,个,520,万元,310,万元,2100,万元,850,万元,市场需求不足,未来科技展览会,http://www.techfairfuture.cn,2024-10-21,,,,,,,,,
初步应用,技术展示,3,个,220,万元,140,万元,950,万元,400,万元,缺乏行业支持,量子信息论坛,http://www.quantumforum.org,2024-10-21,,,,,,,,,
进行中,技术孵化,20,个,600,万元,400,万元,2500,万元,900,万元,市场导向不清晰,中国科技部,http://www.most.gov.cn/,2024-10-21,,,,,,,,,
已完成,行业合作,15,个,480,万元,350,万元,2200,万元,850,万元,技术复杂性过高,科技日报,http://www.stdaily.com/,2024-10-21,,,,,,,,,
初步应用,企业赞助,9,个,250,万元,180,万元,1100,万元,450,万元,行业认知不足,清华大学研究报告,http://www.tsinghua.edu.cn/,2024-10-21,,,,,,,,,
停用,科研合作,4,个,100,万元,70,万元,600,万元,250,万元,项目资金不足,中科院量子信息研究所,http://www.iqi.cas.cn/,2024-10-21,,,,,,,,,
在研,开放式实验室,6,个,300,万元,200,万元,1500,万元,600,万元,资源配置不足,电子科技大学,http://www.uestc.edu.cn/,2024-10-21,,,,,,,,,
待推广,市场推广,11,个,420,万元,300,万元,1700,万元,750,万元,缺乏客户反馈,国家量子信息技术实验室,http://www.quantuminformatics.cn/,2024-10-21,,,,,,,,,
进行中,教育培训,18,个,550,万元,370,万元,2300,万元,880,万元,标准化程度不足,中国量子产业联盟,http://www.cqib.org.cn/,2024-10-21,,,,,,,,,
已完成,智能合约,14,个,430,万元,300,万元,2100,万元,800,万元,用户信任度低,区块链信息网,http://www.blockchain.com/,2024-10-21,,,,,,,,,
初步应用,公共项目,7,个,220,万元,160,万元,900,万元,350,万元,技术运用环境不成熟,京东研究院,http://www.jd.com/,2024-10-21,,,,,,,,,
进行中,科研合作,20,个,600,万元,350,万元,2500,万元,900,万元,行业标准不明确,国家重点实验室,http://www.nsl.ac.cn/,2024-10-21,,,,,,,,,
已完成,商业推广,25,个,800,万元,400,万元,3000,万元,1200,万元,竞争对手压力,量子产业研究院,http://www.qiri.org/,2024-10-21,,,,,,,,,
初步应用,公共服务,7,个,250,万元,180,万元,1400,万元,500,万元,用户反馈不足,学术期刊,http://www.journalofquantum.com/,2024-10-21,,,,,,,,,
已完成,国际合作,5,个,150,万元,120,万元,700,万元,300,万元,技术复杂性高,国际量子技术协会,http://www.iqta.org/,2024-10-21,,,,,,,,,
在研,在线课程,10,个,450,万元,220,万元,1600,万元,700,万元,市场需求不明,在线教育平台,http://www.edx.org/,2024-10-21,,,,,,,,,
待推广,公益项目,12,个,200,万元,130,万元,1100,万元,450,万元,资金不足,地方科技局,http://www.st.gov.cn/,2024-10-21,,,,,,,,,
进行中,标准化推广,18,个,350,万元,175,万元,1900,万元,600,万元,人员短缺,科技日报,http://www.stdaily.com/,2024-10-21,,,,,,,,,
已完成,产品评估,16,个,700,万元,350,万元,2200,万元,950,万元,需求不足,中国科技网,http://www.cstw.com/,2024-10-21,,,,,,,,,
停用,技术评估,4,个,100,万元,80,万元,600,万元,250,万元,项目需求变更,科技部,http://www.most.gov.cn/,2024-10-21,,,,,,,,,
进行中,产业合作,20,个,600,万元,350,万元,2500,万元,1000,万元,技术兼容性问题,清华大学量子研究中心,http://www.tsinghua.edu.cn/quantum,2024-10-21,,,,,,,,,
已完成,合作研发,15,个,700,万元,400,万元,1800,万元,750,万元,市场需求波动,量子信息与量子科技前沿,http://www.quantumfrontiers.com,2024-10-21,,,,,,,,,
初步应用,高等院校项目,7,个,250,万元,180,万元,1100,万元,400,万元,技术应用限制,电子科技大学,http://www.uestc.edu.cn,2024-10-21,,,,,,,,,
停用,军工项目,4,个,120,万元,90,万元,600,万元,250,万元,项目计划变更,中国军工承包商网站,http://www.cmcc.cn,2024-10-21,,,,,,,,,
在研,国际合作,9,个,300,万元,200,万元,1500,万元,600,万元,法律法规限制,国际量子科技协会,http://www.iquanta.org,2024-10-21,,,,,,,,,
待推广,行业会议展示,6,个,350,万元,240,万元,2000,万元,800,万元,缺乏市场教育,量子科学信息网,http://www.quantumsci.cn,2024-10-21,,,,,,,,,
进行中,科研资助,11,个,420,万元,280,万元,1750,万元,650,万元,技术结合难度,中国科学院量子信息技术研究所,http://www.iqtc.cas.cn,2024-10-21,,,,,,,,,
已完成,地方政府计划,5,个,180,万元,150,万元,900,万元,350,万元,地方政策变更,地方经济发展研究中心,http://www.locecondev.cn,2024-10-21,,,,,,,,,
初步应用,技术展会,3,个,250,万元,200,万元,950,万元,400,万元,市场适应性不足,中国信息产业网,http://www.cii.com.cn,2024-10-21,,,,,,,,,
停用,科研项目补助,2,个,90,万元,70,万元,500,万元,200,万元,资源整合不足,量子技术创新网,http://www.qtic.com.cn,2024-10-21,,,,,,,,,
进行中,云平台服务,20,个,600,万元,350,万元,2500,万元,900,万元,市场竞争激烈,中国量子技术研究院,http://www.qinzhong.gov.cn,2024-10-21,,,,,,,,,
已完成,企业合作,18,个,700,万元,400,万元,3000,万元,1000,万元,行业接受度低,量子信息网络中心,http://www.qi-net.org,2024-10-21,,,,,,,,,
初步应用,科研合作,7,个,250,万元,180,万元,950,万元,450,万元,技术推广不足,国际量子未来研究所,http://www.quantumfuture.org,2024-10-21,,,,,,,,,
停用,政府项目,5,个,100,万元,70,万元,600,万元,200,万元,项目资金问题,国家科技部,http://www.most.gov.cn,2024-10-21,,,,,,,,,
在研,技术交流,12,个,500,万元,320,万元,1450,万元,600,万元,合作意向不足,未来科技实验室,http://www.futuretechlab.org,2024-10-21,,,,,,,,,
待推广,行业论坛,15,个,400,万元,260,万元,1750,万元,700,万元,市场定位不清,高科技产业协会,http://www.hitecna.org,2024-10-21,,,,,,,,,
进行中,大会展览,10,个,320,万元,220,万元,1300,万元,500,万元,技术成熟度不足,中国科技大学,http://www.ustc.edu.cn,2024-10-21,,,,,,,,,
初步应用,跨界合作,9,个,350,万元,270,万元,1100,万元,450,万元,技术认知不足,中国科学院量子信息中心,http://www.iqi.cas.cn,2024-10-21,,,,,,,,,
待推广,商业开发,11,个,410,万元,290,万元,1850,万元,750,万元,未来市场不明,新科技产业研究院,http://www.nstir.com,2024-10-21,,,,,,,,,
进行中,技术孵化,20,个,600,万元,350,万元,3000,万元,1000,万元,竞争对手技术领先,中国科学技术协会,http://www.cast.org.cn/,2024-10-21,,,,,,,,,
已完成,产业合作,25,个,800,万元,500,万元,3500,万元,1500,万元,尚无产品化方案,清华大学量子研究中心,https://qci.tsinghua.edu.cn/,2024-10-21,,,,,,,,,
初步应用,学术研讨会议,7,个,300,万元,100,万元,900,万元,350,万元,缺乏市场认知,中国量子信息产业联盟,http://www.cqiia.org/,2024-10-21,,,,,,,,,
停用,政府科研项目,5,个,120,万元,80,万元,600,万元,200,万元,资金短缺,国家自然科学基金,http://www.nsfc.gov.cn/,2024-10-21,,,,,,,,,
在研,跨国合作,9,个,450,万元,300,万元,1500,万元,700,万元,技术标准未制定,上海交通大学,https://www.sjtu.edu.cn/,2024-10-21,,,,,,,,,
待推广,技术转让会,16,个,520,万元,400,万元,2200,万元,950,万元,市场环境变化,中国科学技术部,http://www.most.gov.cn/,2024-10-21,,,,,,,,,
进行中,技术研发,11,个,370,万元,180,万元,1100,万元,480,万元,政策支持不足,量子通信产业峰会,http://www.qci2023.com/,2024-10-21,,,,,,,,,
初步应用,行业合作,14,个,280,万元,150,万元,1300,万元,600,万元,缺乏实验数据,智能量子技术在线,https://www.iqtb.org/,2024-10-21,,,,,,,,,
待推广,展会推介,13,个,615,万元,350,万元,2400,万元,900,万元,技术竞争激烈,量子信息国家重点实验室,http://www.nklqis.org/,2024-10-21,,,,,,,,,
进行中,云平台服务,20,个,600,万元,400,万元,2200,万元,900,万元,技术成熟度不足,中国科学院,https://www.cas.cn/,2024-10-21,,,,,,,,,
已完成,合作开发,15,个,450,万元,300,万元,1600,万元,700,万元,市场竞争激烈,科技日报,https://www.stdaily.com/,2024-10-21,,,,,,,,,
初步应用,学术合作,7,个,250,万元,175,万元,900,万元,350,万元,缺乏行业支持,人民网,https://www.people.com.cn/,2024-10-21,,,,,,,,,
待推广,企业合作,10,个,400,万元,230,万元,1500,万元,650,万元,投资策略不明确,科技部,http://www.most.gov.cn/,2024-10-21,,,,,,,,,
在研,开源社区,11,个,300,万元,220,万元,1750,万元,800,万元,缺乏标准化指导,中国信息通信研究院,http://www.caict.ac.cn/,2024-10-21,,,,,,,,,
已完成,商业化推广,9,个,520,万元,310,万元,1300,万元,600,万元,行业认可度不足,光明日报,https://www.gmw.cn/,2024-10-21,,,,,,,,,
进行中,国家项目,14,个,800,万元,450,万元,2500,万元,1000,万元,技术路径不清晰,国家发展改革委,https://www.ndrc.gov.cn/,2024-10-21,,,,,,,,,
初步应用,国际合作,6,个,190,万元,145,万元,1100,万元,380,万元,国际合作障碍,中国科技部,https://www.most.gov.cn/,2024-10-21,,,,,,,,,
待推广,高校合作,5,个,180,万元,120,万元,700,万元,250,万元,市场教育不足,中关村发展集团,https://www.zgc.gov.cn/,2024-10-21,,,,,,,,,
进行中,政府资助,13,个,750,万元,360,万元,2100,万元,750,万元,法规不健全,中国量子中心,https://www.quantum.gov.cn/,2024-10-21,,,,,,,,,
进行中,智能制造,20,个,600,万元,400,万元,2500,万元,900,万元,市场竞争激烈,中国量子研究中心,https://www.quantumresearch.org.cn,2024-10-21,,,,,,,,,
已完成,高校合作,22,个,780,万元,500,万元,3000,万元,1200,万元,技术落地难度大,科技日报,http://www.stdaily.com,2024-10-21,,,,,,,,,
初步应用,企业孵化,9,个,250,万元,180,万元,1100,万元,450,万元,行业认知不足,中国信息通信研究院,http://www.caict.ac.cn,2024-10-21,,,,,,,,,
待推广,政策支持,15,个,500,万元,350,万元,2000,万元,700,万元,缺乏市场导向,新华网,http://www.xinhuanet.com,2024-10-21,,,,,,,,,
在研,国际合作,13,个,450,万元,300,万元,1700,万元,650,万元,技术壁垒高,科技部,http://www.most.gov.cn,2024-10-21,,,,,,,,,
已完成,商业合作,17,个,720,万元,400,万元,2800,万元,1000,万元,成本高昂,中国量子科技产业发展联盟,http://www.qstif.org.cn,2024-10-21,,,,,,,,,
停用,企业应用,4,个,160,万元,120,万元,600,万元,250,万元,资金链断裂,南方周末,http://www.infzm.com,2024-10-21,,,,,,,,,
进行中,社区推广,6,个,310,万元,200,万元,950,万元,380,万元,缺乏应用案例,中国科学技术协会,http://www.cast.org.cn,2024-10-21,,,,,,,,,
初步应用,政府扶持,11,个,400,万元,275,万元,1300,万元,500,万元,应用领域不明,中华人民共和国内部政策研究中心,http://www.npc.gov.cn,2024-10-21,,,,,,,,,
进行中,在线研讨会,20,个,600,万元,350,万元,2500,万元,900,万元,技术可信度不足,Quantum Tech News,https://www.quantumtechnews.com,2024-10-21,,,,,,,,,
已完成,国际合作,25,个,900,万元,600,万元,3000,万元,1200,万元,创新技术滞后,Science Advances,https://www.science.org/journal/sciadv,2024-10-21,,,,,,,,,
初步应用,政府资助项目,7,个,300,万元,100,万元,1200,万元,500,万元,缺乏市场需求,中国科技部,http://www.most.gov.cn,2024-10-21,,,,,,,,,
停用,商业化实验,2,个,120,万元,80,万元,500,万元,200,万元,政策原因,中国量子产业技术创新战略发展联盟,http://www.qtics.org,2024-10-21,,,,,,,,,
在研,跨国合作,6,个,500,万元,300,万元,2300,万元,800,万元,缺乏资金支持,国际量子科技协会,https://www.iqta.org,2024-10-21,,,,,,,,,
待推广,高校合作,18,个,700,万元,400,万元,2500,万元,1000,万元,技术标准未制定,知乎量子科技话题,https://www.zhihu.com/topic/20021647,2024-10-21,,,,,,,,,
进行中,在线课程,4,个,180,万元,90,万元,900,万元,300,万元,缺乏应用案例,量子信息研究院,http://www.qii.org,2024-10-21,,,,,,,,,
已完成,科技示范,15,个,450,万元,250,万元,1700,万元,600,万元,技术过于复杂,量子计算研究中心,https://www.qcc.org,2024-10-21,,,,,,,,,
在研,企业孵化,10,个,550,万元,350,万元,2200,万元,700,万元,技术适用性不足,新技术观察,https://www.newtech.com,2024-10-21,,,,,,,,,
进行中,企业合作,20,个,600,万元,400,万元,2200,万元,900,万元,数据安全问题,中国科学院,http://www.cas.cn,2024-10-21,,,,,,,,,
初步应用,学术会议,7,个,250,万元,180,万元,950,万元,350,万元,行业规范缺乏,中国科学技术协会,http://www.cast.org.cn,2024-10-21,,,,,,,,,
已完成,联盟合作,14,个,550,万元,450,万元,2100,万元,850,万元,成果未市场化,科技日报,http://www.stdaily.com,2024-10-21,,,,,,,,,
待推广,政府资助,5,个,200,万元,100,万元,500,万元,250,万元,资金不足,中国科技部,http://www.most.gov.cn,2024-10-21,,,,,,,,,
停用,研究合作,2,个,75,万元,25,万元,300,万元,100,万元,市场反馈不佳,清华大学科技成果转化中心,http://www.tsinghua.edu.cn,2024-10-21,,,,,,,,,
已完成,开源软件,13,个,420,万元,300,万元,1700,万元,650,万元,不符合市场需求,开源项目社区,http://www.opensource.org,2024-10-21,,,,,,,,,
进行中,技术转让,18,个,700,万元,500,万元,2500,万元,1000,万元,应用场景限制,爱分析,https://www.51analyze.com,2024-10-21,,,,,,,,,
在研,科研项目,9,个,350,万元,220,万元,1300,万元,550,万元,知识产权问题,清华大学,http://www.tsinghua.edu.cn,2024-10-21,,,,,,,,,
待推广,行业展会,6,个,300,万元,190,万元,700,万元,400,万元,市场认知度低,中国电子技术标准化研究院,http://www.ces.cn,2024-10-21,,,,,,,,,
进行中,战略合作,11,个,480,万元,320,万元,1600,万元,750,万元,市场竞争激烈,人民网科技,http://www.people.com.cn/science,2024-10-21,,,,,,,,,
进行中,云平台服务,20,个,600,万元,400,万元,2500,万元,1000,万元,技术成熟度不足,中国科学院,https://www.cas.cn/,2024-10-21,,,,,,,,,
已完成,合作开发,14,个,750,万元,500,万元,3000,万元,1200,万元,领先技术被替代,工程技术中心,http://www.cetcc.cn/,2024-10-21,,,,,,,,,
初步应用,学术合作,6,个,280,万元,200,万元,1600,万元,700,万元,缺乏经验,清华大学量子通信中心,https://www.tsinghua.edu.cn/,2024-10-21,,,,,,,,,
待推广,政府项目,5,个,220,万元,180,万元,1100,万元,450,万元,市场需求不确定,上海市发展和改革委员会,http://fgw.sh.gov.cn/,2024-10-21,,,,,,,,,
进行中,开源社区,9,个,340,万元,260,万元,1300,万元,580,万元,技术标准缺乏,量子中立空间,https://quantumneutralspace.org/,2024-10-21,,,,,,,,,
已完成,企业合作,17,个,950,万元,700,万元,4000,万元,1500,万元,技术过载,互联网技术协会,http://www.iita.org.cn/,2024-10-21,,,,,,,,,
在研,科研机构合作,8,个,400,万元,300,万元,2500,万元,900,万元,团队缺乏,国家量子实验室,http://www.nqeil.org/,2024-10-21,,,,,,,,,
停用,国际合作,4,个,170,万元,120,万元,900,万元,350,万元,政策调整,国际量子技术论坛,http://www.iquantumforum.org/,2024-10-21,,,,,,,,,
待推广,技术展览,11,个,500,万元,390,万元,1900,万元,800,万元,缺乏投资反馈,中国电力科学研究院,http://www.cea.gov.cn/,2024-10-21,,,,,,,,,
已完成,企业合作,20,个,600,万元,400,万元,2500,万元,900,万元,行业竞争激烈,科技日报,http://www.stdaily.com/,2024-10-21,,,,,,,,,
进行中,开放平台,6,个,250,万元,150,万元,900,万元,350,万元,技术适配性差,中国量子通信网,http://www.quantum.com/,2024-10-21,,,,,,,,,
初步应用,学术合作,4,个,180,万元,120,万元,750,万元,200,万元,投资者信心不足,中国科学院,http://www.cas.cn/,2024-10-21,,,,,,,,,
待推广,云计算解决方案,11,个,500,万元,300,万元,2200,万元,800,万元,商业模式不清晰,大数据应用分析中心,http://www.bigdataanalysis.org/,2024-10-21,,,,,,,,,
在研,研究院合作,7,个,350,万元,250,万元,1300,万元,450,万元,市场导向不明,量子技术研究中心,http://www.quantumresearch.org/,2024-10-21,,,,,,,,,
已完成,政府资助项目,5,个,300,万元,180,万元,1500,万元,600,万元,用户接受度不高,国家科技部,http://www.most.gov.cn/,2024-10-21,,,,,,,,,
进行中,跨国合作,9,个,520,万元,310,万元,2100,万元,750,万元,国际政策变化,国际量子技术论坛,http://www.qitf.org/,2024-10-21,,,,,,,,,
待推广,行业展会展示,2,个,100,万元,50,万元,600,万元,200,万元,项目评估不足,中国信息产业网,http://www.cnii.com.cn/,2024-10-21,,,,,,,,,
停用,技术评估报告,1,个,80,万元,40,万元,500,万元,150,万元,市场不接受,中国市场监管局,http://www.samr.gov.cn/,2024-10-21,,,,,,,,,
进行中,云平台服务,18,个,620,万元,340,万元,2500,万元,1000,万元,市场需求分析不足,中国科技部,http://www.most.gov.cn,2024-10-21,,,,,,,,,
已完成,合作开发,20,个,490,万元,230,万元,1600,万元,750,万元,竞争对手技术更优,科技日报,http://www.stdaily.com,2024-10-21,,,,,,,,,
初步应用,学术合作,6,个,210,万元,170,万元,1200,万元,450,万元,缺乏应用场景,中国量子信息科学技术产业基地,http://www.cqi.ustc.edu.cn,2024-10-21,,,,,,,,,
停用,政府项目,4,个,140,万元,90,万元,600,万元,250,万元,资金不足,创新中国,http://www.innovation-china.com,2024-10-21,,,,,,,,,
在研,开源社区,9,个,370,万元,220,万元,1500,万元,600,万元,技术成熟度不足,中国科技网,http://www.cistc.com.cn,2024-10-21,,,,,,,,,
待推广,企业合作,14,个,480,万元,310,万元,1900,万元,800,万元,市场饱和,中国量子技术论坛,http://www.cqt.org.cn,2024-10-21,,,,,,,,,
进行中,云平台服务,11,个,560,万元,290,万元,2100,万元,900,万元,技术推广不足,科技部前沿研究中心,http://www.frontier.most.cn,2024-10-21,,,,,,,,,
已完成,合作开发,16,个,420,万元,260,万元,1300,万元,650,万元,外部环境变化,量子科技创新中心,http://www.qtic.gov.cn,2024-10-21,,,,,,,,,
初步应用,学术合作,7,个,230,万元,180,万元,1100,万元,400,万元,行业应用有限,量子创投网,http://www.qifund.com,2024-10-21,,,,,,,,,
停用,政府项目,2,个,100,万元,80,万元,500,万元,200,万元,技术对接困难,发展改革委员会,http://www.ndrc.gov.cn,2024-10-21,,,,,,,,,
进行中,量子计算平台,20,个,600,万元,400,万元,2500,万元,1000,万元,技术标准缺乏,中科院量子信息技术研究所,https://www.iqi.gov.cn,2024-10-21,,,,,,,,,
已完成,行业应用,25,个,700,万元,450,万元,3000,万元,1200,万元,市场成熟度不足,量子技术论坛,https://www.quantumforum.com,2024-10-21,,,,,,,,,
初步应用,科技合作,18,个,320,万元,180,万元,1500,万元,700,万元,缺乏企业投入,中国量子网络研究中心,https://www.cqnet.gov.cn,2024-10-21,,,,,,,,,
待推广,应用示范,30,个,800,万元,500,万元,3500,万元,1500,万元,市场渗透率低,中国科技部,https://www.most.gov.cn,2024-10-21,,,,,,,,,
在研,高校合作,10,个,290,万元,200,万元,1100,万元,600,万元,技术路线不清,量子科技研究网,https://www.qkinvest.com,2024-10-21,,,,,,,,,
进行中,国际合作,22,个,750,万元,350,万元,2800,万元,1300,万元,法规壁垒,量子信息联盟,https://www.qubitalliance.org,2024-10-21,,,,,,,,,
已完成,公共项目,16,个,580,万元,320,万元,2300,万元,900,万元,项目需求变化,中国高科技产业开发区,https://www.chinatech.org,2024-10-21,,,,,,,,,
初步应用,技术展示,14,个,480,万元,240,万元,1750,万元,800,万元,行业认知不足,中国量子技术应用协会,https://www.cqta.org.cn,2024-10-21,,,,,,,,,
停用,研发项目,6,个,100,万元,50,万元,900,万元,200,万元,研发未达预期,科技日报,https://www.stdaily.com,2024-10-21,,,,,,,,,
进行中,行业会议,20,个,600,万元,500,万元,2500,万元,900,万元,技术应用场景限制,量子科技网,http://www.quantumtechnews.com,2024-10-21,,,,,,,,,
已完成,商业化推广,25,个,800,万元,600,万元,3000,万元,1200,万元,市场饱和,科学技术协会,http://www.cast.org.cn,2024-10-21,,,,,,,,,
初步应用,高校合作,9,个,300,万元,200,万元,1400,万元,500,万元,缺乏技术团队,量子信息协会,http://www.qit.org.cn,2024-10-21,,,,,,,,,
停用,政府扶持,4,个,100,万元,80,万元,700,万元,200,万元,政策法规变化,国家科技部,http://www.most.gov.cn,2024-10-21,,,,,,,,,
在研,科技展览,11,个,420,万元,300,万元,2000,万元,800,万元,技术不成熟,量子行业论坛,http://www.quantumforum.com,2024-10-21,,,,,,,,,
待推广,专利转让,13,个,500,万元,400,万元,1900,万元,750,万元,市场反应慢,中国企业信息网,http://www.ceic.com,2024-10-21,,,,,,,,,
进行中,网络研讨会,6,个,250,万元,150,万元,1300,万元,400,万元,行业推广不力,量子科技创新中心,http://www.qticc.org,2024-10-21,,,,,,,,,
已完成,国际合作,30,个,850,万元,700,万元,4000,万元,1500,万元,技术整合困难,国际量子科技组织,http://www.iqto.org,2024-10-21,,,,,,,,,
初步应用,非盈利组织合作,7,个,210,万元,120,万元,950,万元,350,万元,资源配置不足,量子人才网,http://www.quantumtalent.com,2024-10-21,,,,,,,,,
进行中,云平台服务,20,个,600,万元,400,万元,2500,万元,1000,万元,市场需求不足,量子技术研究院,https://www.qti.edu.cn,2024-10-21,,,,,,,,,
已完成,行业合作,15,个,550,万元,350,万元,2100,万元,850,万元,技术标准缺乏,国家量子信息中心,http://www.nqic.gov.cn,2024-10-21,,,,,,,,,
初步应用,学术合作,7,个,300,万元,200,万元,1200,万元,500,万元,缺乏行业支持,清华大学量子研究所,https://www.tsinghua.edu.cn,2024-10-21,,,,,,,,,
停用,政府项目,4,个,180,万元,120,万元,900,万元,350,万元,技术成熟度不足,国务院发展研究中心,http://www.drc.gov.cn,2024-10-21,,,,,,,,,
在研,开源项目,9,个,400,万元,250,万元,1400,万元,600,万元,市场竞争激烈,中国科学院量子通信研究所,http://www.itp.ac.cn,2024-10-21,,,,,,,,,
待推广,企业自主探索,11,个,430,万元,290,万元,1700,万元,750,万元,投资回报不明确,量子科技协同创新中心,https://www.qtcc.org.cn,2024-10-21,,,,,,,,,
已完成,互联网平台,13,个,580,万元,380,万元,2200,万元,900,万元,市场需求不足,新技术研究院,http://www.ntr.ac.cn,2024-10-21,,,,,,,,,
进行中,国际合作,6,个,350,万元,250,万元,1300,万元,500,万元,行业标准不足,国际量子信息论坛,http://www.iqif.org,2024-10-21,,,,,,,,,
初步应用,高校合作,10,个,240,万元,170,万元,1100,万元,480,万元,技术转化难度大,中国科学院量子科研中心,http://www.ciqrc.ac.cn,2024-10-21,,,,,,,,,
进行中,云平台服务,20,个,600,万元,350,万元,2500,万元,900,万元,技术成熟度不足,量子科技研究院,http://www.qtechnology.org,2024-10-21,,,,,,,,,
已完成,合作开发,14,个,500,万元,300,万元,2100,万元,750,万元,市场需求不足,科技日报,http://www.stdaily.com,2024-10-21,,,,,,,,,
初步应用,学术合作,7,个,250,万元,180,万元,950,万元,450,万元,缺乏测试支持,清华大学,http://www.tsinghua.edu.cn,2024-10-21,,,,,,,,,
停用,政府项目,5,个,180,万元,120,万元,700,万元,250,万元,政策调整,新华网,http://www.xinhuanet.com,2024-10-21,,,,,,,,,
在研,开源社区,10,个,400,万元,220,万元,1500,万元,650,万元,技术标准缺乏,开源中国,https://www.oschina.net,2024-10-21,,,,,,,,,
待推广,企业合作,16,个,550,万元,300,万元,2200,万元,800,万元,投资回报不明确,中国科学技术协会,http://www.cast.org.cn,2024-10-21,,,,,,,,,
进行中,数据库支持,9,个,290,万元,240,万元,1450,万元,620,万元,技术整合困难,中国量子信息网,http://www.chinaqi.com,2024-10-21,,,,,,,,,
已完成,网络平台合作,12,个,450,万元,275,万元,1950,万元,700,万元,缺乏商业模式,全球量子网站,http://www.globalquantum.com,2024-10-21,,,,,,,,,
初步应用,插件开发,4,个,170,万元,100,万元,850,万元,320,万元,不符合市场需求,中国科学院,http://www.cas.cn,2024-10-21,,,,,,,,,
待推广,技术交流,6,个,220,万元,135,万元,1300,万元,500,万元,技术应用限制,量子前沿,http://www.quantumfrontier.com,2024-10-21,,,,,,,,,
进行中,私企合作,20,个,600,万元,350,万元,2500,万元,900,万元,市场需求不足,中国科技部,http://www.most.gov.cn/,2024-10-21,,,,,,,,,
已完成,学术合作,15,个,550,万元,280,万元,2200,万元,800,万元,技术过于复杂,科学网,http://www.sciencenet.cn/,2024-10-21,,,,,,,,,
初步应用,联合研发,6,个,350,万元,180,万元,900,万元,400,万元,缺乏行业标准,量子技术研究中心,http://www.quantumtech.org/,2024-10-21,,,,,,,,,
停用,政府项目,2,个,100,万元,70,万元,600,万元,200,万元,政策变化,人民日报,http://www.people.com.cn/,2024-10-21,,,,,,,,,
待推广,技术展会,10,个,400,万元,210,万元,1400,万元,600,万元,市场接受度低,中国电子科技集团,http://www.cec.org.cn/,2024-10-21,,,,,,,,,
进行中,学术交流,18,个,620,万元,320,万元,2400,万元,850,万元,不符合市场需求,量子实验室网,http://www.quantumlab.net/,2024-10-21,,,,,,,,,
已完成,企业合作,17,个,580,万元,290,万元,2100,万元,780,万元,技术创新缓慢,中国科学院,http://www.cas.cn/,2024-10-21,,,,,,,,,
在研,开源项目,9,个,370,万元,220,万元,1300,万元,550,万元,技术门槛高,华为技术有限公司,http://www.huawei.com/,2024-10-21,,,,,,,,,
初步应用,合作伙伴关系,4,个,250,万元,130,万元,800,万元,300,万元,资源整合困难,腾讯科技,http://tech.qq.com/,2024-10-21,,,,,,,,,
待推广,跨国合作,11,个,500,万元,260,万元,2000,万元,750,万元,技术推广困难,国际量子计算研究学院,http://www.iqcri.edu/,2024-10-21,,,,,,,,,
进行中,云平台服务,20,个,600,万元,350,万元,2500,万元,900,万元,技术应用场景限制,中国科学院,https://www.cas.cn/,2024-10-21,,,,,,,,,
已完成,合作开发,18,个,750,万元,400,万元,3000,万元,1500,万元,技术转让条款复杂,清华大学,https://www.tsinghua.edu.cn/,2024-10-21,,,,,,,,,
初步应用,学术合作,7,个,300,万元,180,万元,1100,万元,500,万元,行业需求不高,北京大学,https://www.pku.edu.cn/,2024-10-21,,,,,,,,,
停用,政府项目,5,个,120,万元,70,万元,600,万元,250,万元,技术缺乏市场,中国科技部,http://www.most.gov.cn/,2024-10-21,,,,,,,,,
在研,企业合作,11,个,400,万元,290,万元,1700,万元,600,万元,技术标准尚未成熟,国家自然科学基金,https://www.nsfc.gov.cn/,2024-10-21,,,,,,,,,
待推广,开源项目,14,个,500,万元,350,万元,2200,万元,800,万元,缺乏推广渠道,人工智能与量子计算研究所,http://www.aqi.org/,2024-10-21,,,,,,,,,
研究中,学术研讨,9,个,320,万元,250,万元,1400,万元,560,万元,资金短缺,中国科学院量子通信研究中心,http://www.ciqc.ac.cn/,2024-10-21,,,,,,,,,
即将应用,联合实验室,4,个,180,万元,120,万元,900,万元,350,万元,市场调研不足,中国量子技术创新研究院,http://www.qti.ac.cn/,2024-10-21,,,,,,,,,
暂停,政府资助项目,6,个,210,万元,140,万元,950,万元,320,万元,项目评估未通过,中国国家发展和改革委员会,https://www.ndrc.gov.cn/,2024-10-21,,,,,,,,,
进行中,企业合作,20,个,600,万元,350,万元,2500,万元,1000,万元,技术标准缺乏,量子科技创新中心,http://www.quantuminnovation.cn/,2024-10-21,,,,,,,,,
已完成,学术会议,18,个,750,万元,500,万元,3000,万元,1500,万元,技术成熟度不足,中国科学院量子研究所,http://www.iqst.ac.cn/,2024-10-21,,,,,,,,,
初步应用,开源项目,7,个,300,万元,200,万元,1800,万元,700,万元,市场需求不足,量子信息技术之家,http://www.qit.com/,2024-10-21,,,,,,,,,
停用,政府项目,4,个,100,万元,80,万元,900,万元,250,万元,政策调整,国家科技部,http://www.most.gov.cn/,2024-10-21,,,,,,,,,
待推广,科研院校,15,个,550,万元,300,万元,2100,万元,800,万元,投资回报不明确,中国量子网络应用研究中心,http://www.cqnarc.cn/,2024-10-21,,,,,,,,,
进行中,云平台服务,25,个,900,万元,600,万元,3000,万元,1300,万元,技术成熟度不足,量子技术发展委员会,http://www.qtdc.org/,2024-10-21,,,,,,,,,
已完成,高校联合,22,个,800,万元,700,万元,2500,万元,1200,万元,缺乏行业支持,中国科技大学,http://www.ustc.edu.cn/,2024-10-21,,,,,,,,,
初步应用,政府合作,9,个,250,万元,140,万元,1500,万元,500,万元,市场需求不足,量子应用技术研究平台,http://www.qatarp.com/,2024-10-21,,,,,,,,,
停用,学术发布,5,个,180,万元,90,万元,700,万元,250,万元,政策调整,量子工程研究中心,http://www.qerc.com/,2024-10-21,,,,,,,,,
待推广,开源合作,14,个,400,万元,270,万元,1700,万元,650,万元,投资回报不明确,新一代人工智能战略咨询委员会,http://www.aiac.org/,2024-10-21,,,,,,,,,
进行中,云平台服务,20,个,650,万元,400,万元,2500,万元,1000,万元,市场接受度低,前瞻经济学人,https://www.qz.com,2024-10-21,,,,,,,,,
已完成,交流研讨会,18,个,800,万元,500,万元,3500,万元,1200,万元,技术成熟度不足,科技日报,http://www.stdaily.com,2024-10-21,,,,,,,,,
初步应用,企业投资,10,个,300,万元,180,万元,1600,万元,700,万元,合作不足,央视网,https://www.cctv.com,2024-10-21,,,,,,,,,
停用,国际合作项目,4,个,120,万元,90,万元,600,万元,250,万元,行业标准缺失,中国科学技术协会,http://www.cast.org.cn,2024-10-21,,,,,,,,,
在研,高校合作,6,个,200,万元,150,万元,1000,万元,400,万元,应用领域狭窄,人民日报,http://www.people.com.cn,2024-10-21,,,,,,,,,
待推广,政府创新计划,14,个,550,万元,300,万元,2000,万元,900,万元,缺乏资金支持,光明日报,http://www.gmw.cn,2024-10-21,,,,,,,,,
在研,开源项目,9,个,375,万元,225,万元,1800,万元,600,万元,技术不成熟,新华网,http://www.xinhuanet.com,2024-10-21,,,,,,,,,
已完成,技术展会,22,个,700,万元,500,万元,3000,万元,1400,万元,行业壁垒高,科技研发网,http://www.kjphd.com,2024-10-21,,,,,,,,,
停用,商业推广,2,个,100,万元,80,万元,550,万元,200,万元,公司战略调整,经济参考报,http://www.jjckb.cn,2024-10-21,,,,,,,,,
进行中,学术合作,20,个,700,万元,450,万元,2500,万元,900,万元,市场需求不足,中国科学院,https://www.cas.cn,2024-10-21,,,,,,,,,
已完成,政府项目,25,个,850,万元,600,万元,3000,万元,1100,万元,技术成熟度不足,MIT Technology Review,https://www.technologyreview.com,2024-10-21,,,,,,,,,
初步应用,企业合作,8,个,300,万元,200,万元,1500,万元,700,万元,缺乏行业支持,量子计算研究中心,https://www.quantumresearch.com,2024-10-21,,,,,,,,,
待推广,云平台服务,18,个,400,万元,220,万元,1900,万元,800,万元,投资回报不明确,量子科技前沿,https://www.qfrontier.com,2024-10-21,,,,,,,,,
停用,开源社区,4,个,100,万元,50,万元,500,万元,200,万元,政策调整,Open Quantum Initiative,https://www.openquantum.org,2024-10-21,,,,,,,,,
在研,合作开发,12,个,500,万元,300,万元,1800,万元,750,万元,技术标准缺乏,Quantum Computing Journal,https://www.qcj.org,2024-10-21,,,,,,,,,
进行中,商业化合作,7,个,320,万元,180,万元,1400,万元,600,万元,缺乏行业标准,企业应用研究所,https://www.appliedresearch.org,2024-10-21,,,,,,,,,
已完成,私募投资,15,个,600,万元,350,万元,2200,万元,950,万元,行业竞争激烈,清华大学量子研究中心,https://www.tsinghua.edu.cn,2024-10-21,,,,,,,,,
在研,创业孵化,16,个,550,万元,400,万元,2100,万元,850,万元,缺乏技术支持,国防科技大学,https://www.nudt.edu.cn,2024-10-21,,,,,,,,,
待推广,多方合作,14,个,480,万元,260,万元,1700,万元,750,万元,市场接受度待调查,世界量子网络协会,https://www.qna.org,2024-10-21,,,,,,,,,
进行中,云计算服务,20,个,600,万元,350,万元,2500,万元,1000,万元,缺乏市场理解,科技日报,http://www.stdaily.com/,2024-10-21,,,,,,,,,
已完成,独立研发,14,个,500,万元,400,万元,2200,万元,1200,万元,项目优先级调整,科学网,https://www.sciencenet.cn/,2024-10-21,,,,,,,,,
初步应用,学校合作,6,个,180,万元,120,万元,900,万元,700,万元,缺乏技术支持,新华网,http://www.xinhuanet.com/,2024-10-21,,,,,,,,,
停用,政府资助,4,个,130,万元,90,万元,700,万元,250,万元,财政预算限制,中国科技部,http://www.most.gov.cn/,2024-10-21,,,,,,,,,
在研,开源项目,9,个,320,万元,210,万元,1550,万元,400,万元,技术标准模糊,技术观察,http://www.techobserver.com/,2024-10-21,,,,,,,,,
待推广,行业合作,11,个,480,万元,290,万元,1700,万元,900,万元,行业适应性不足,中国发明协会,http://www.cipa.org.cn/,2024-10-21,,,,,,,,,
进行中,公共平台,18,个,650,万元,405,万元,3000,万元,600,万元,缺乏行业资金支持,国际量子通讯研究中心,http://www.iqcc.org/,2024-10-21,,,,,,,,,
已完成,政府引导项目,7,个,220,万元,150,万元,950,万元,1400,万元,技术不匹配,量子科技杂志,http://www.quantumtechjournal.com/,2024-10-21,,,,,,,,,
初步应用,科研合作,3,个,270,万元,160,万元,1300,万元,200,万元,市场不成熟,中国科技发展报告,http://www.cstd.org.cn/,2024-10-21,,,,,,,,,
进行中,产业合作,20,,600,万元,350,万元,2500,万元,900,万元,技术集成困难,中国科技新闻,http://www.csts.cn/,2024-10-21,,,,,,,,,
初步应用,政府资助项目,7,,300,万元,180,万元,950,万元,380,万元,法律法规不明确,科技部,http://www.most.gov.cn/,2024-10-21,,,,,,,,,
已完成,高校合作,5,,250,万元,100,万元,800,万元,320,万元,市场认可不足,中国科学院,http://www.cas.cn/,2024-10-21,,,,,,,,,
待推广,商业化试点,9,,400,万元,220,万元,1300,万元,600,万元,资源配置不合理,中国信息通信研究院,http://www.caict.ac.cn/,2024-10-21,,,,,,,,,
在研,国际合作,4,,450,万元,300,万元,2000,万元,750,万元,国际合作障碍,国际量子研究中心,http://www.iqrc.cn/,2024-10-21,,,,,,,,,
停用,竞赛项目,2,,80,万元,40,万元,500,万元,150,万元,项目未获奖,量子技术发展网,http://www.qtdh.org/,2024-10-21,,,,,,,,,
进行中,技术论坛,11,,520,万元,260,万元,1750,万元,720,万元,技术难以实现,量子产业发展联盟,http://www.qidai.cn/,2024-10-21,,,,,,,,,
初步应用,专业展会,6,,210,万元,150,万元,1100,万元,450,万元,行业标准不一致,量子技术博览会,http://www.qtzl.com/,2024-10-21,,,,,,,,,
在研,用户反馈,14,,380,万元,190,万元,1600,万元,650,万元,需求未明确,量子应用开发厂,http://www.qyfj.org/,2024-10-21,,,,,,,,,
进行中,虚拟现实应用,20,个,600,万元,400,万元,2500,万元,1000,万元,技术兼容性问题,量子科技研究中心,http://quantumtechcenter.org,2024-10-21,,,,,,,,,
初步应用,社交媒体平台,7,个,280,万元,180,万元,950,万元,350,万元,缺乏用户反馈,科技创业资讯,http://www.techentrepreneur.com,2024-10-21,,,,,,,,,
待推广,高校合作,10,个,450,万元,300,万元,1700,万元,750,万元,技术标准不一致,高校前沿研究,http://www.universityresearch.org,2024-10-21,,,,,,,,,
已完成,行业研讨会,5,个,220,万元,130,万元,1100,万元,450,万元,市场饱和,行业发布平台,http://www.industrypublish.com,2024-10-21,,,,,,,,,
进行中,私募投资,12,个,500,万元,350,万元,2200,万元,900,万元,资金链问题,经济与科技观察,http://www.economicandtech.com,2024-10-21,,,,,,,,,
停用,国内展会,8,个,350,万元,200,万元,1400,万元,600,万元,技术迭代迅速,量子经济发展报告,http://www.quantumeconomy.com,2024-10-21,,,,,,,,,
初步应用,市场推广公司,9,个,270,万元,190,万元,1150,万元,455,万元,技术难题,量子前沿网,http://www.quantumfrontier.com,2024-10-21,,,,,,,,,
在研,科技期刊,11,个,400,万元,300,万元,1600,万元,700,万元,技术细节复杂,科技进展网,http://www.techprogress.com,2024-10-21,,,,,,,,,
待推广,在线课程,14,个,550,万元,380,万元,2300,万元,850,万元,缺乏培训体系,量子教育网,http://www.quantumeducation.com,2024-10-21,,,,,,,,,
进行中,科研合作,20,个,600,万元,400,万元,2500,万元,1000,万元,市场环境不稳定,中国量子信息技术研究院,http://www.cqitri.cn,2024-10-21,,,,,,,,,
待推广,企业合作,9,个,360,万元,220,万元,1300,万元,550,万元,缺乏资金支持,中国科学院量子信息实验室,http://www.iqst.cas.cn,2024-10-21,,,,,,,,,
已完成,商业化应用,25,个,850,万元,500,万元,3000,万元,1200,万元,技术标准缺乏,量子通信产业技术创新战略联盟,http://www.qnti.org,2024-10-21,,,,,,,,,
初步应用,行业论坛,4,个,180,万元,120,万元,900,万元,350,万元,行业接受度偏低,科学技术部,http://www.most.gov.cn,2024-10-21,,,,,,,,,
进行中,政府资助项目,11,个,420,万元,260,万元,1400,万元,520,万元,技术人员短缺,量子创新研究中心,http://www.qirc.cn,2024-10-21,,,,,,,,,
已完成,高校合作,6,个,300,万元,200,万元,1100,万元,450,万元,缺乏市场接受度,清华大学量子研究所,http://www.tsinghua.edu.cn,2024-10-21,,,,,,,,,
停用,企业研究,2,个,100,万元,70,万元,600,万元,250,万元,技术突破不足,上海交通大学,http://www.sjtu.edu.cn,2024-10-21,,,,,,,,,
在研,国际合作,7,个,320,万元,180,万元,950,万元,370,万元,政策影响,国家自然科学基金,http://www.nsfc.gov.cn,2024-10-21,,,,,,,,,
待推广,创业孵化,10,个,420,万元,300,万元,1600,万元,680,万元,市场规模不足,量子技术产业园,http://www.quantumtechpark.cn,2024-10-21,,,,,,,,,
进行中,线上研讨会,20,个,600,万元,400,万元,2500,万元,900,万元,市场适应性不足,清华大学量子研究中心,http://www.tsinghua.edu.cn,2024-10-21,,,,,,,,,
已完成,商业化合作,25,个,800,万元,500,万元,3000,万元,1200,万元,技术落地困难,中国科技部,http://www.most.gov.cn,2024-10-21,,,,,,,,,
在研,联合实验室,6,个,300,万元,220,万元,1600,万元,700,万元,持续技术迭代,中科院量子物理实验室,http://www.cas.cn,2024-10-21,,,,,,,,,
初步应用,学术发表,4,个,150,万元,80,万元,700,万元,200,万元,市场认知不足,中国量子通信技术协会,http://www.cqcta.org,2024-10-21,,,,,,,,,
停用,政府扶持项目,2,个,100,万元,50,万元,500,万元,150,万元,项目资金不足,中国国家发展改革委,http://www.ndrc.gov.cn,2024-10-21,,,,,,,,,
待推广,技术交流会,11,个,450,万元,300,万元,1900,万元,800,万元,缺乏市场响应,北京量子科技研究院,http://www.bqri.org,2024-10-21,,,,,,,,,
进行中,在线课程平台,18,个,700,万元,400,万元,2200,万元,850,万元,技术仍在优化中,全国量子计算应用研究所,http://www.qcari.cn,2024-10-21,,,,,,,,,
已完成,企业内部培训,14,个,600,万元,320,万元,2500,万元,950,万元,项目需求改变,华为技术有限公司,http://www.huawei.com,2024-10-21,,,,,,,,,
在研,国际合作项目,9,个,250,万元,175,万元,1300,万元,450,万元,项目还在评估中,武汉科技大学,http://www.wust.edu.cn,2024-10-21,,,,,,,,,
初步应用,技术展会,7,个,180,万元,120,万元,900,万元,350,万元,品牌影响力不足,被动冷却量子技术实验室,http://www.pqc.com.cn,2024-10-21,,,,,,,,,
进行中,商业应用,20,个,600,万元,400,万元,2500,万元,900,万元,技术兼容性问题,量子科技产业网,http://www.quantumindustry.com,2024-10-21,,,,,,,,,
初步应用,高校合作,7,个,300,万元,180,万元,1100,万元,450,万元,缺乏资金支持,中国科学院量子信息研究所,http://www.iqst.ac.cn,2024-10-21,,,,,,,,,
待推广,技术交流会,5,个,250,万元,120,万元,900,万元,350,万元,市场反馈不佳,科技部,http://www.most.gov.cn,2024-10-21,,,,,,,,,
已完成,产业联盟,12,个,500,万元,300,万元,1600,万元,700,万元,技术成熟度不足,中国量子技术教育网,http://www.qeducation.cn,2024-10-21,,,,,,,,,
进行中,技术转让,9,个,400,万元,240,万元,1300,万元,550,万元,技术验证阶段,国际量子信息中心,http://www.iqsc.net,2024-10-21,,,,,,,,,
已完成,产品推广,18,个,700,万元,500,万元,2100,万元,950,万元,行业竞争激烈,量子通信与安全网络,http://www.qcsn.cn,2024-10-21,,,,,,,,,
初步应用,产品孵化,6,个,220,万元,130,万元,950,万元,380,万元,缺乏市场关注,电子科技大学,http://www.electronicscience.edu.cn,2024-10-21,,,,,,,,,
停用,科研项目,2,个,100,万元,80,万元,700,万元,250,万元,技术已过时,国家量子科技中心,http://www.nqtc.cn,2024-10-21,,,,,,,,,
在研,实验室研究,4,个,180,万元,110,万元,800,万元,300,万元,技术开发周期长,量子计算与应用协会,http://www.qcae.org,2024-10-21,,,,,,,,,
进行中,技术孵化,20,个,600,万元,350,万元,2500,万元,900,万元,行业监管政策限制,国家量子信息科学研究院,http://www.nqii.ac.cn/,2024-10-21,,,,,,,,,
已完成,企业合作,16,个,500,万元,300,万元,2200,万元,850,万元,市场竞争加剧,量子科技论坛,https://www.quantumforum.com,2024-10-21,,,,,,,,,
初步应用,科研合作,7,个,280,万元,180,万元,1100,万元,500,万元,技术适用性有待检验,中国科学技术协会,http://www.cast.org.cn/,2024-10-21,,,,,,,,,
停用,政策引导,4,个,160,万元,120,万元,900,万元,360,万元,政策不稳定,国际量子信息协会,https://www.iqai.org/,2024-10-21,,,,,,,,,
在研,自主研发,13,个,430,万元,240,万元,1700,万元,680,万元,缺乏市场支持,量子信息技术研究所,http://www.qitri.org/,2024-10-21,,,,,,,,,
待推广,全球合作,9,个,360,万元,220,万元,1300,万元,500,万元,尚未到达市场导入阶段,量子技术研究论坛,https://www.quantumtechsummit.com/,2024-10-21,,,,,,,,,
进行中,产学研结合,25,个,720,万元,400,万元,3000,万元,1000,万元,技术壁垒高,中国电子科技集团公司,http://www.cetc.com.cn/,2024-10-21,,,,,,,,,
已完成,政府项目,11,个,470,万元,310,万元,1580,万元,680,万元,缺乏后续资金投入,量子技术产业协会,https://www.qti.org/,2024-10-21,,,,,,,,,
初步应用,国际合作,6,个,200,万元,125,万元,950,万元,400,万元,技术标准尚待建立,中国科学院量子科学研究中心,http://www.qscas.org.cn/,2024-10-21,,,,,,,,,
进行中,企业合作,20,个,600,万元,350,万元,2200,万元,900,万元,技术成熟度不足,科技日报,http://www.stdaily.com/,2024-10-21,,,,,,,,,
已完成,学术合作,15,个,500,万元,280,万元,1600,万元,750,万元,市场竞争激烈,中国科学院,http://www.cas.cn/,2024-10-21,,,,,,,,,
待推广,行业应用,10,个,450,万元,320,万元,1900,万元,650,万元,法规限制,量子产业信息网,http://www.qi518.com/,2024-10-21,,,,,,,,,
初步应用,科研项目,7,个,200,万元,120,万元,900,万元,350,万元,缺乏市场认知,新华网,http://www.xinhuanet.com/,2024-10-21,,,,,,,,,
停用,政府项目,2,个,100,万元,50,万元,700,万元,200,万元,资源配置不足,中国工程院,http://www.cae.cn/,2024-10-21,,,,,,,,,
进行中,设计开发,18,个,700,万元,400,万元,2500,万元,1100,万元,专利保护问题,电子科技大学,http://www.uestc.edu.cn/,2024-10-21,,,,,,,,,
已完成,市场推广,25,个,850,万元,500,万元,3000,万元,1300,万元,技术传播效率低,清华大学,http://www.tsinghua.edu.cn/,2024-10-21,,,,,,,,,
初步应用,线上平台,6,个,300,万元,200,万元,1100,万元,450,万元,市场接受度低,中国量子信息处理中心,http://www.qipcenter.org/,2024-10-21,,,,,,,,,
待推广,高校合作,12,个,370,万元,280,万元,1600,万元,600,万元,产业链不完整,科技日报,http://www.stdaily.com/,2024-10-21,,,,,,,,,
进行中,基于区块链的服务,20,个,550,万元,400,万元,2500,万元,1000,万元,技术壁垒高,科技日报,http://www.stdaily.com/,2024-10-21,,,,,,,,,
已完成,技术转让,14,个,600,万元,350,万元,1700,万元,750,万元,缺乏市场认可,量子科学技术网,http://www.quantumtech.com/,2024-10-21,,,,,,,,,
初步应用,科研机构合作,6,个,250,万元,180,万元,1100,万元,450,万元,尚无产品化方案,清华大学量子研究中心,http://www.qinghua.edu.cn/rh/,2024-10-21,,,,,,,,,
停用,国际合作项目,2,个,100,万元,70,万元,500,万元,200,万元,资金短缺,国际量子会议,http://www.quantumconference.org/,2024-10-21,,,,,,,,,
在研,高校联合研究,9,个,400,万元,220,万元,1400,万元,580,万元,市场渗透难度大,科技部,http://www.most.gov.cn/,2024-10-21,,,,,,,,,
待推广,政府孵化,11,个,500,万元,300,万元,1900,万元,670,万元,技术市场极为有限,国家量子实验室,http://www.nqlab.gov.cn/,2024-10-21,,,,,,,,,
进行中,企业私有云服务,22,个,720,万元,520,万元,3200,万元,1300,万元,应用场景不明确,量子应用研究小组,http://www.qaresearch.org/,2024-10-21,,,,,,,,,
已完成,跨国技术交换,16,个,800,万元,600,万元,2500,万元,1000,万元,合作方信心不足,国际量子联盟,http://www.iqa.org/,2024-10-21,,,,,,,,,
初步应用,商业推广,4,个,180,万元,120,万元,800,万元,360,万元,未获得足够投资,量子技术研究院,http://www.qtrc.org/,2024-10-21,,,,,,,,,
进行中,移动应用,20,个,600,万元,350,万元,2500,万元,1000,万元,技术适配性不足,量子科技合作网,http://www.quantumtechnology.org,2024-10-21,,,,,,,,,
初步应用,实验室成果转化,7,个,300,万元,180,万元,900,万元,450,万元,行业认知不足,中国量子计算研究中心,https://www.quantumcenter.cn,2024-10-21,,,,,,,,,
待推广,国际合作,9,个,400,万元,220,万元,1300,万元,600,万元,市场定位不明确,量子科技研究院,http://www.qti.ac.cn,2024-10-21,,,,,,,,,
已完成,高校合作,5,个,320,万元,240,万元,1500,万元,700,万元,技术壁垒过高,国家量子技术平台,http://www.nqtp.cn,2024-10-21,,,,,,,,,
停用,公共服务,2,个,100,万元,75,万元,600,万元,250,万元,政策风险高,中国量子信息协会,http://www.cqi.org.cn,2024-10-21,,,,,,,,,
在研,科技展会,15,个,550,万元,360,万元,2200,万元,900,万元,缺乏用户反馈,全球量子会议,http://www.quantumconf.com,2024-10-21,,,,,,,,,
进行中,咨询服务,12,个,430,万元,300,万元,1600,万元,750,万元,市场竞争激烈,量子经济杂志,http://www.quantumeconomics.com,2024-10-21,,,,,,,,,
初步应用,在线课程,6,个,250,万元,190,万元,1100,万元,500,万元,教育资源缺乏,量子科技学院,http://www.qti.edu.cn,2024-10-21,,,,,,,,,
待推广,投资基金,4,个,180,万元,120,万元,700,万元,320,万元,资金链紧张,量子资本网络,http://www.quantumcapital.cn,2024-10-21,,,,,,,,,
已完成,行业推广,9,个,420,万元,280,万元,1400,万元,650,万元,技术依赖性强,量子行业论坛,http://www.quantumforum.org,2024-10-21,,,,,,,,,
进行中,线上研讨会,20,个,600,万元,400,万元,2500,万元,1000,万元,市场竞争激烈,量子科技创新网,http://www.quantuminnovation.cn/,2024-10-21,,,,,,,,,
已完成,行业展会,5,个,350,万元,180,万元,900,万元,350,万元,技术不成熟,量子科技研究院,http://www.qti.ac.cn/,2024-10-21,,,,,,,,,
初步应用,学术交流,7,个,280,万元,120,万元,850,万元,300,万元,缺乏资金支持,清华大学量子研究中心,http://www.tsinghua.edu.cn/quantum/,2024-10-21,,,,,,,,,
停用,政府补助,2,个,100,万元,50,万元,600,万元,250,万元,政策不稳定,中国科技部,http://www.most.gov.cn/,2024-10-21,,,,,,,,,
在研,企业合作,9,个,400,万元,250,万元,1500,万元,600,万元,市场潜力不足,量子技术前沿,http://www.quantumfrontier.com/,2024-10-21,,,,,,,,,
待推广,社区合作,11,个,430,万元,220,万元,1700,万元,750,万元,行业壁垒较高,中科院量子所,http://www.iqp.cas.cn/,2024-10-21,,,,,,,,,
进行中,技术交流会,17,个,520,万元,350,万元,2100,万元,900,万元,缺乏应用案例,量子技术服务平台,http://www.quantumservices.com/,2024-10-21,,,,,,,,,
已完成,联盟合作,6,个,450,万元,200,万元,1300,万元,500,万元,用户接受度低,国家量子研究院,http://www.nqi.gov.cn/,2024-10-21,,,,,,,,,
初步应用,高校合作,4,个,120,万元,80,万元,700,万元,250,万元,项目阶段性问题,量子相关研究网,http://www.qresearch.cn/,2024-10-21,,,,,,,,,
已完成,企业合作,20,个,600,万元,400,万元,2500,万元,1000,万元,技术市场饱和,量子信息科研中心,http://www.qiskit.org,2024-10-21,,,,,,,,,
进行中,云平台服务,25,个,700,万元,500,万元,3000,万元,1200,万元,竞争激烈,国际量子计算协会,https://www.quantumcalculators.org,2024-10-21,,,,,,,,,
待推广,合作开发,18,个,550,万元,330,万元,2200,万元,950,万元,法规限制,未来科学与技术部,http://www.most.gov.cn/,2024-10-21,,,,,,,,,
初步应用,学术合作,7,个,300,万元,200,万元,1100,万元,450,万元,技术生态尚未成熟,中国科学技术协会,http://www.cast.org.cn/,2024-10-21,,,,,,,,,
进行中,政府项目,12,个,420,万元,280,万元,1700,万元,720,万元,科技支出不足,国家发展改革委,https://www.ndrc.gov.cn/,2024-10-21,,,,,,,,,
停用,开放平台,5,个,100,万元,50,万元,600,万元,200,万元,缺乏市场反馈,中国人工智能产业发展联盟,http://www.caai.tech,2024-10-21,,,,,,,,,
在研,开源项目,16,个,490,万元,360,万元,1900,万元,850,万元,资源分配不均,科技部量子科技研究中心,http://www.most.gov.cn/,2024-10-21,,,,,,,,,
进行中,行业联盟,14,个,620,万元,450,万元,2100,万元,900,万元,技术落地难度大,全球量子信息平台,http://www.globalquantuminfo.com/,2024-10-21,,,,,,,,,
已完成,商业化部署,22,个,800,万元,600,万元,2800,万元,1200,万元,市场导向不足,国家量子信息技术研究院,http://www.nqi.ac.cn/,2024-10-21,,,,,,,,,
进行中,云计算服务,20,个,600,万元,400,万元,2500,万元,1000,万元,市场竞争激烈,清华大学量子研究所,https://www.tsinghua.edu.cn,2024-10-21,,,,,,,,,
已完成,产业联盟,12,个,500,万元,350,万元,2000,万元,800,万元,技术复杂性高,国家量子实验室,https://www.nql.org,2024-10-21,,,,,,,,,
初步应用,高校合作,6,个,300,万元,180,万元,1100,万元,450,万元,行业接受度低,中国科学技术大学,https://www.ustc.edu.cn,2024-10-21,,,,,,,,,
停用,公私合作,2,个,100,万元,50,万元,600,万元,200,万元,缺乏投资支持,量子科技产业协会,https://www.qsti.org,2024-10-21,,,,,,,,,
在研,技术咨询,9,个,450,万元,300,万元,1300,万元,600,万元,技术市场需求不足,中国量子通信网络科技有限公司,https://www.cqct.com,2024-10-21,,,,,,,,,
待推广,电信运营,14,个,550,万元,400,万元,2100,万元,900,万元,市场验证不足,量子计算研究中心,https://www.qccrc.org,2024-10-21,,,,,,,,,
进行中,智能制造,11,个,480,万元,350,万元,1900,万元,750,万元,技术适用性待考,清华科技园,https://www.tsinghuapark.cn,2024-10-21,,,,,,,,,
已完成,专题会议,16,个,650,万元,400,万元,2200,万元,950,万元,竞争对手增加,中国信息通信研究院,http://www.caict.ac.cn,2024-10-21,,,,,,,,,
初步应用,国际合作,4,个,250,万元,200,万元,900,万元,350,万元,市场需求波动,国际量子信息联合会,http://www.iqif.org,2024-10-21,,,,,,,,,
进行中,科技展会,20,个,600,万元,450,万元,2500,万元,900,万元,市场教育不足,量子科技论坛,https://www.quantumforum.org/,2024-10-21,,,,,,,,,
已完成,在线课程,25,个,800,万元,500,万元,3000,万元,1200,万元,行业规范未明,中国科学技术协会,https://www.cast.org.cn/,2024-10-21,,,,,,,,,
初步应用,跨国合作,7,个,300,万元,200,万元,1100,万元,500,万元,技术上尚未成熟,Quantum Times,https://www.quantumtimes.com/,2024-10-21,,,,,,,,,
停用,政府科学项目,2,个,100,万元,80,万元,600,万元,200,万元,资源分配不合理,国家自然科学基金,https://www.nsfc.gov.cn/,2024-10-21,,,,,,,,,
待推广,企业孵化器,15,个,500,万元,300,万元,1800,万元,700,万元,缺乏风险投资,中国创新基金,http://www.cif.org.cn/,2024-10-21,,,,,,,,,
进行中,专业会议,18,个,620,万元,370,万元,2300,万元,850,万元,客户认知不足,量子科技发展中心,https://www.qstc.org/,2024-10-21,,,,,,,,,
已完成,技术平台服务,22,个,720,万元,450,万元,2900,万元,1100,万元,技术更新速度快,中国高科技产业促进会,http://www.chinaht.com/,2024-10-21,,,,,,,,,
初步应用,高校合作,6,个,250,万元,185,万元,950,万元,375,万元,行业应用尚未成熟,中国计算机学会,https://www.ccf.org.cn/,2024-10-21,,,,,,,,,
待推广,技术合作项目,14,个,550,万元,320,万元,1750,万元,650,万元,技术风险较高,中国软件行业协会,http://www.csia.org.cn/,2024-10-21,,,,,,,,,
进行中,产业促进项目,9,个,400,万元,270,万元,1400,万元,520,万元,技术成熟度不足,中国电子技术标准化研究院,http://www.cesi.cn/,2024-10-21,,,,,,,,,
进行中,商业合作,20,个,600,万元,350,万元,2200,万元,900,万元,市场成熟度不足,量子科技创新研究中心,https://www.quantuminnovation.org,2024-10-21,,,,,,,,,
已完成,大学合作,7,个,300,万元,200,万元,1100,万元,500,万元,技术不符合标准,科技日报,http://www.stdaily.com,2024-10-21,,,,,,,,,
初步应用,研发项目,4,个,150,万元,80,万元,600,万元,250,万元,缺乏资金支持,量子世界,http://www.quantumworld.com,2024-10-21,,,,,,,,,
停用,政府资助,5,个,80,万元,40,万元,400,万元,150,万元,技术更新换代,量子信息与工程,http://www.qineng.com,2024-10-21,,,,,,,,,
在研,开源项目,10,个,420,万元,250,万元,1700,万元,600,万元,缺乏市场认可,智慧科技,http://www.smarttech.com,2024-10-21,,,,,,,,,
待推广,技术转让,13,个,500,万元,320,万元,1500,万元,750,万元,政策不稳定,中国科技发展,http://www.chinatechdevelopment.com,2024-10-21,,,,,,,,,
进行中,企业合作,16,个,660,万元,380,万元,1900,万元,800,万元,技术竞争加剧,信息产业部,http://www.miit.gov.cn,2024-10-21,,,,,,,,,
已完成,核心技术共享,9,个,410,万元,250,万元,1400,万元,580,万元,缺乏市场需求,国家科学技术部,http://www.most.gov.cn,2024-10-21,,,,,,,,,
初步应用,学术交流,3,个,120,万元,70,万元,500,万元,200,万元,实验室条件有限,科学网,http://www.sciencenet.cn,2024-10-21,,,,,,,,,
进行中,虚拟现实集成,20,个,650,万元,400,万元,2500,万元,1000,万元,行业标准欠缺,科技日报,http://www.stdaily.com/,2024-10-21,,,,,,,,,
已完成,战略合作,18,个,800,万元,500,万元,3000,万元,1200,万元,技术适配性差,中国科技部,http://www.most.gov.cn/,2024-10-21,,,,,,,,,
初步应用,高校联合研究,6,个,220,万元,130,万元,950,万元,380,万元,市场竞争激烈,中科院量子研究中心,http://www.iapcm.ac.cn/,2024-10-21,,,,,,,,,
停用,公共项目,2,个,100,万元,50,万元,600,万元,250,万元,项目资金不足,国家发展改革委,http://www.ndrc.gov.cn/,2024-10-21,,,,,,,,,
在研,企业孵化器,9,个,500,万元,320,万元,1500,万元,700,万元,技术保密问题,新京报,https://www.bjnews.com.cn/,2024-10-21,,,,,,,,,
待推广,展会推广,15,个,750,万元,420,万元,2200,万元,950,万元,政策支持不足,中国互联网发展报告,https://www.cnnic.cn/,2024-10-21,,,,,,,,,
进行中,技术开发,25,个,920,万元,600,万元,3100,万元,1300,万元,行业需求不明,中关村发展报告,http://www.zgc.gov.cn/,2024-10-21,,,,,,,,,
已完成,技术转让,13,个,420,万元,300,万元,1600,万元,650,万元,技术成熟度不足,未来科技发展研究院,https://www.mwta.com/,2024-10-21,,,,,,,,,
初步应用,国际合作,4,个,180,万元,100,万元,875,万元,320,万元,缺乏投资方,清华大学量子中心,http://quantum.tsinghua.edu.cn/,2024-10-21,,,,,,,,,
在研,云平台服务,20,个,600,万元,350,万元,2500,万元,1000,万元,数据安全性问题,中国量子信息产业技术创新战略联盟,https://www.cqiis.org/,2024-10-21,,,,,,,,,
推广中,学术合作,7,个,300,万元,200,万元,1400,万元,500,万元,受限技术专利,清华大学量子研究中心,https://www.tsinghua.edu.cn/,2024-10-21,,,,,,,,,
已完成,合作开发,14,个,700,万元,450,万元,2100,万元,900,万元,技术突破不足,阿里巴巴量子计算研究所,https://www.aliyun.com/,2024-10-21,,,,,,,,,
初步应用,企业合作,9,个,400,万元,250,万元,1600,万元,800,万元,市场教育不足,国家信息中心,https://www.isc.org.cn/,2024-10-21,,,,,,,,,
待推广,开源社区,11,个,500,万元,300,万元,1750,万元,750,万元,缺乏商业案例,GitHub量子技术委员会,https://github.com/,2024-10-21,,,,,,,,,
进行中,政府项目,6,个,250,万元,180,万元,1300,万元,350,万元,资源配置不合理,工业和信息化部,http://www.miit.gov.cn/,2024-10-21,,,,,,,,,
停用,市场推广,4,个,100,万元,50,万元,600,万元,200,万元,经济环境不佳,公司年报,https://www.annualreport.cn/,2024-10-21,,,,,,,,,
初步应用,学术合作,2,个,150,万元,120,万元,900,万元,350,万元,技术匹配度低,北京量子科技研究院,http://www.bjqunzi.gov.cn/,2024-10-21,,,,,,,,,
待推广,开源社区,15,个,550,万元,340,万元,2300,万元,850,万元,缺乏用户反馈,中国开源软件推进联盟,https://www.coss.org.cn/,2024-10-21,,,,,,,,,
进行中,企业合作,13,个,480,万元,290,万元,1700,万元,720,万元,技术挑战,上海科技公司,http://www.stec.com/,2024-10-21,,,,,,,,,
进行中,商业合作,20,个,600,万元,350,万元,2500,万元,1000,万元,行业规范不明确,清华大学量子研究中心,http://quantum.tsinghua.edu.cn,2024-10-21,,,,,,,,,
已完成,技术转让,30,个,800,万元,500,万元,2200,万元,1200,万元,市场竞争加剧,中国科学院,http://www.cas.cn,2024-10-21,,,,,,,,,
在研,实验室研究,4,个,180,万元,120,万元,950,万元,350,万元,缺少投资支持,中科院量子科技研究所,http://www.iqst.ac.cn,2024-10-21,,,,,,,,,
初步应用,学术论坛,6,个,280,万元,190,万元,1150,万元,420,万元,用户体验不足,量子科技国际期刊,http://www.qtijournal.com,2024-10-21,,,,,,,,,
待推广,企业合作,10,个,450,万元,250,万元,1300,万元,600,万元,缺乏广告宣传,人民大学科技创新中心,http://www.ruc.edu.cn,2024-10-21,,,,,,,,,
停用,政府投资,2,个,90,万元,60,万元,700,万元,200,万元,预算削减,新京报,http://www.bjnews.com.cn,2024-10-21,,,,,,,,,
进行中,线上推广,18,个,520,万元,320,万元,2100,万元,850,万元,管理成本高,财新网,http://www.caixin.com,2024-10-21,,,,,,,,,
已完成,行业会议,25,个,650,万元,420,万元,2400,万元,900,万元,收回投资期长,科技日报,http://www.stdaily.com,2024-10-21,,,,,,,,,
初步应用,高校合作,7,个,230,万元,150,万元,1100,万元,400,万元,人才缺乏,中国科技网,http://www.stdaily.com,2024-10-21,,,,,,,,,
进行中,开源平台,20,,600,,350,万元,1700,万元,350,万元,技术门槛高,科技日报,http://www.stdaily.com,2024-10-21,,,,,,,,,
已完成,高校合作,6,,300,,220,万元,2500,万元,850,万元,市场竞争激烈,清华大学,http://www.tsinghua.edu.cn,2024-10-21,,,,,,,,,
初步应用,政府资助,4,,180,,130,万元,2200,万元,720,万元,技术过程复杂,科技部,http://www.most.gov.cn,2024-10-21,,,,,,,,,
停用,市场试点,2,,100,,70,万元,950,万元,1000,万元,研发难度高,量子技术杂志,http://www.quantumtechmagazine.com,2024-10-21,,,,,,,,,
在研,国际合作,7,,450,,320,万元,1150,万元,1200,万元,行业认知不足,国际量子通信会议,http://www.qcc2023.org,2024-10-21,,,,,,,,,
待推广,企业孵化,14,,520,,290,万元,1300,万元,350,万元,客户识别困难,腾讯科技,http://techqq.com,2024-10-21,,,,,,,,,
进行中,行业合作,9,,370,,210,万元,700,万元,420,万元,缺乏市场反馈,阿里巴巴研究院,http://www.aliresearch.com,2024-10-21,,,,,,,,,
已完成,战略合作,11,,680,,400,万元,2100,万元,600,万元,商业模式不明,中国科学院,http://www.cas.cn,2024-10-21,,,,,,,,,
待推广,技术展示,5,,230,,160,万元,2400,万元,200,万元,技术认知度低,研究生院,http://www.graduate.edu.cn,2024-10-21,,,,,,,,,
初步应用,博览会展示,13,,450,,290,万元,1100,万元,600,万元,生态链不健全,创新科技报,http://www.innovationnews.com,2024-10-21,,,,,,,,,
进行中,技术交流会,20,个,600,万元,350,万元,2500,万元,1000,万元,行业配套不足,中国量子通信研究院,http://www.cqir.org,2024-10-21,,,,,,,,,
已完成,国际合作,18,个,550,万元,400,万元,2100,万元,900,万元,技术路径不清晰,量子研究网,http://www.quantumresearch.com,2024-10-21,,,,,,,,,
初步应用,高校合作,7,个,280,万元,180,万元,900,万元,350,万元,市场关注度不足,中国科技部,https://www.most.gov.cn,2024-10-21,,,,,,,,,
停用,政府项目,5,个,100,万元,70,万元,600,万元,250,万元,缺乏实施能力,全国量子科技发展报告,http://www.quantumreport.cn,2024-10-21,,,,,,,,,
在研,开放平台,9,个,390,万元,220,万元,1500,万元,650,万元,安全标准不明,科技大观察,http://www.techobservation.com,2024-10-21,,,,,,,,,
待推广,企业洽谈,14,个,470,万元,300,万元,1700,万元,750,万元,市场导向不明确,中国经济导报,http://www.ceobserver.cn,2024-10-21,,,,,,,,,
进行中,标准制定,25,个,650,万元,500,万元,3000,万元,1200,万元,技术应用障碍,中国科技协会,http://www.csta.org.cn,2024-10-21,,,,,,,,,
已完成,线上培训,11,个,430,万元,260,万元,1400,万元,550,万元,用户接受度不高,未来量子科技,http://www.futurequantum.com,2024-10-21,,,,,,,,,
初步应用,实习项目,6,个,320,万元,190,万元,1100,万元,450,万元,缺乏市场支持,量子技术先锋,http://www.quantumtechpioneer.com,2024-10-21,,,,,,,,,
已完成,企业合作,20,个,750,万元,500,万元,3000,万元,1000,万元,市场竞争激烈,中国科学院,http://www.cas.cn/,2024-10-21,,,,,,,,,
进行中,基金项目,5,个,350,万元,200,万元,1500,万元,600,万元,缺乏商业模型,清华大学科技园,http://www.tsinghua.edu.cn/,2024-10-21,,,,,,,,,
初步应用,开源平台,7,个,450,万元,300,万元,1800,万元,700,万元,技术验证不足,华为技术有限公司,https://www.huawei.com/,2024-10-21,,,,,,,,,
停用,政府资助,2,个,100,万元,75,万元,500,万元,150,万元,项目预算不足,中国科技部,http://www.most.gov.cn/,2024-10-21,,,,,,,,,
待推广,国际合作,9,个,600,万元,400,万元,2200,万元,900,万元,技术整合难度大,全球量子计算网络,https://www.quantumcomputingreport.com/,2024-10-21,,,,,,,,,
已完成,知名企业应用,12,个,800,万元,600,万元,2900,万元,1200,万元,技术更新速度快,国家自然科学基金,http://www.nsfc.gov.cn/,2024-10-21,,,,,,,,,
进行中,科技小型企业,6,个,250,万元,180,万元,900,万元,350,万元,人才资源短缺,深科技,https://www.sztqb.com/,2024-10-21,,,,,,,,,
在研,学术共建,14,个,520,万元,350,万元,1700,万元,750,万元,技术成熟度不足,中国量子信息技术研究中心,https://www.qitc.cn/,2024-10-21,,,,,,,,,
初步应用,跨校合作,4,个,220,万元,160,万元,1100,万元,450,万元,行业应用未普及,中国科学技术大学,http://www.ustc.edu.cn/,2024-10-21,,,,,,,,,
进行中,商业化合作,20,个,550,万元,400,万元,2500,万元,900,万元,市场认知不足,量子科技发展中心,http://www.quantumtech.org/,2024-10-21,,,,,,,,,
已完成,国际交流,7,个,300,万元,180,万元,1100,万元,450,万元,资金支持不足,国际量子协会,http://www.internationalquantum.org/,2024-10-21,,,,,,,,,
初步应用,高校合作,4,个,220,万元,160,万元,900,万元,350,万元,缺乏技术评估,中国量子通信网,http://www.quantumcomm.cn/,2024-10-21,,,,,,,,,
待推广,产业联盟,9,个,400,万元,230,万元,1400,万元,600,万元,推广渠道不足,量子技术研究院,http://www.qtr-institute.org/,2024-10-21,,,,,,,,,
在研,开放合作,11,个,380,万元,275,万元,1600,万元,750,万元,技术壁垒较高,量子工程杂志,http://www.quantumengjournal.com/,2024-10-21,,,,,,,,,
停用,市场推广,6,个,180,万元,120,万元,850,万元,280,万元,市场竞争激烈,量子科技前沿,http://www.quantumfrontier.com/,2024-10-21,,,,,,,,,
进行中,政府项目,14,个,500,万元,290,万元,2100,万元,800,万元,评估不充分,科技部,http://www.most.gov.cn/,2024-10-21,,,,,,,,,
已完成,创业孵化,13,个,620,万元,300,万元,1900,万元,850,万元,行业标准缺失,国家量子科技计划,http://www.nqsp.org/,2024-10-21,,,,,,,,,
初步应用,科研项目,5,个,210,万元,130,万元,950,万元,370,万元,缺乏商业模式,中国科学院量子所,http://www.qs.ac.cn/,2024-10-21,,,,,,,,,
进行中,企业合作,20,个,600,万元,400,万元,2500,万元,900,万元,技术标准缺乏,量子计算协会,http://www.qca.org/zhenghe.html,2024-10-21,,,,,,,,,
已完成,云平台服务,18,个,550,万元,375,万元,2300,万元,850,万元,市场需求不足,中国科技部,http://www.most.gov.cn/,2024-10-21,,,,,,,,,
初步应用,学术合作,7,个,300,万元,200,万元,1200,万元,500,万元,缺乏行业支持,清华大学量子研究中心,http://www.tsinghua.edu.cn/,2024-10-21,,,,,,,,,
停用,政府项目,4,个,100,万元,50,万元,500,万元,200,万元,政策调整,国家量子信息技术研究中心,http://www.nqitrc.org/,2024-10-21,,,,,,,,,
待推广,开源社区,11,个,450,万元,300,万元,1600,万元,650,万元,资金支持不足,科技日报,http://www.stdaily.com/,2024-10-21,,,,,,,,,
在研,合作开发,9,个,370,万元,225,万元,1400,万元,550,万元,市场反应冷淡,国际量子信息论坛,http://www.iqiforum.org/,2024-10-21,,,,,,,,,
进行中,下游应用开发,16,个,520,万元,350,万円,2100,万元,780,万元,技术解决方案不明确,新京报,http://www.bjnews.com.cn/,2024-10-21,,,,,,,,,
已完成,行业合作,12,个,470,万元,320,万元,1350,万元,700,万元,行业竞争激烈,人民日报,http://www.people.com.cn/,2024-10-21,,,,,,,,,
初步应用,科研项目,6,个,220,万元,150,万元,900,万元,350,万元,技术难度高,经济日报,http://www.ce.cn/,2024-10-21,,,,,,,,,
待推广,技术转移,14,个,480,万元,330,万元,1750,万元,720,万元,市场验证不足,新华网,http://www.xinhuanet.com/,2024-10-21,,,,,,,,,
进行中,技术展示会,20,个,600,万元,400,万元,2500,万元,1000,万元,市场接受度不高,中国电子技术标准化研究院,http://www.cesi.cn/,2024-10-21,,,,,,,,,
已完成,政府项目,7,个,450,万元,320,万元,1700,万元,700,万元,人才短缺,清华大学量子研究中心,http://www.tsinghua.edu.cn/,2024-10-21,,,,,,,,,
初步应用,企业合作,11,个,300,万元,180,万元,1300,万元,500,万元,技术复杂性高,上海量子研究院,http://www.sqri.com/,2024-10-21,,,,,,,,,
停用,学术交流,2,个,100,万元,70,万元,600,万元,250,万元,缺乏资金支持,北京大学量子信息中心,http://www.pku.edu.cn/,2024-10-21,,,,,,,,,
在研,线上研讨会,9,个,350,万元,210,万元,1400,万元,550,万元,知识产权问题,中国科学院量子信息研究所,http://www.cas.cn/,2024-10-21,,,,,,,,,
待推广,高校合作,14,个,500,万元,300,万元,2100,万元,900,万元,推广渠道不足,南方科技大学,http://www.sustech.edu.cn/,2024-10-21,,,,,,,,,
进行中,国企合作,18,个,550,万元,350,万元,2200,万元,950,万元,技术整合困难,中国通信产业协会,http://www.ccia.org.cn/,2024-10-21,,,,,,,,,
已完成,技术培训,22,个,700,万元,450,万元,2800,万元,1200,万元,市场竞争激烈,西安交通大学,http://www.xjtu.edu.cn/,2024-10-21,,,,,,,,,
初步应用,投资咨询,4,个,200,万元,130,万元,900,万元,350,万元,市场认知不足,中国科技大学,http://www.ustc.edu.cn/,2024-10-21,,,,,,,,,
进行中,合作研发,18,个,650,万元,400,万元,2500,万元,900,万元,市场竞争激烈,电子科技大学,https://www.eccust.edu.cn,2024-10-21,,,,,,,,,
初步应用,开源合作,7,个,300,万元,180,万元,1100,万元,550,万元,技术标准不完善,中国科学院,https://www.cas.cn,2024-10-21,,,,,,,,,
已完成,企业孵化,20,个,800,万元,500,万元,3000,万元,1000,万元,行业不匹配,清华大学,https://www.tsinghua.edu.cn,2024-10-21,,,,,,,,,
停用,政府项目,2,个,100,万元,70,万元,500,万元,200,万元,项目资金短缺,国家自然科学基金,https://www.nsfc.gov.cn,2024-10-21,,,,,,,,,
待推广,学术会议,4,个,250,万元,150,万元,900,万元,350,万元,需求不明朗,中国计算机学会,https://www.ccf.org.cn,2024-10-21,,,,,,,,,
进行中,商业订单,11,个,500,万元,280,万元,1600,万元,600,万元,技术壁垒高,中科院物理研究所,http://www.iphy.ac.cn,2024-10-21,,,,,,,,,
初步应用,产业论坛,6,个,220,万元,130,万元,950,万元,410,万元,客户需求变化,创新科技中心,https://www.innovationcenter.org.cn,2024-10-21,,,,,,,,,
已完成,高校联合,9,个,380,万元,220,万元,1700,万元,650,万元,技术难以商业化,南方科技大学,http://www.sustech.edu.cn,2024-10-21,,,,,,,,,
待推广,国际合作,5,个,270,万元,160,万元,1100,万元,420,万元,适用性不明确,量子信息国家实验室,http://www.qlab.org.cn,2024-10-21,,,,,,,,,
进行中,技术孵化,20,个,600,万元,400,万元,2500,万元,900,万元,产业链不完善,中国科学技术协会,http://www.cast.org.cn,2024-10-21,,,,,,,,,
已完成,产业联盟,7,个,350,万元,270,万元,1900,万元,750,万元,高技术门槛,量子产业发展研究院,http://www.qiuyun.org,2024-10-21,,,,,,,,,
初步应用,学术论坛,4,个,180,万元,120,万元,800,万元,320,万元,市场教育需要时间,中国量子通信研究院,http://www.cqcri.org,2024-10-21,,,,,,,,,
停用,政府项目,2,个,120,万元,80,万元,600,万元,250,万元,不符合政策方向,国家科技部,http://www.most.gov.cn,2024-10-21,,,,,,,,,
在研,高校研究,10,个,450,万元,300,万元,2000,万元,800,万元,资金不足,中国人民大学,http://www.ruc.edu.cn,2024-10-21,,,,,,,,,
待推广,企业合作,14,个,400,万元,220,万元,1550,万元,600,万元,市场前景不明,量子技术研究院,http://www.qtr.org,2024-10-21,,,,,,,,,
进行中,公众教育,11,个,520,万元,340,万元,2100,万元,900,万元,公众接受度低,中国科学技术协会,http://www.cast.org.cn,2024-10-21,,,,,,,,,
已完成,国际交流,6,个,390,万元,250,万元,1400,万元,670,万元,稳定性不足,国家量子中心,http://www.nqc.org.cn,2024-10-21,,,,,,,,,
初步应用,产学研合作,3,个,160,万元,110,万元,750,万元,300,万元,应用场景有限,中国人民解放军科学技术大学,http://www.upl.edu.cn,2024-10-21,,,,,,,,,
进行中,在线培训,20,个,600,万元,350,万元,2500,万元,950,万元,行业需求不明确,量子科技网,http://www.quantumtech.cn,2024-10-21,,,,,,,,,
已完成,产业合作,18,个,520,万元,280,万元,2200,万元,830,万元,市场竞争激烈,中国科学技术协会,http://www.cast.org.cn,2024-10-21,,,,,,,,,
初步应用,项目孵化,7,个,250,万元,180,万元,1300,万元,500,万元,资金不足,未来科技论坛,http://www.futuretechforum.cn,2024-10-21,,,,,,,,,
停用,高校研究,4,个,100,万元,50,万元,600,万元,200,万元,技术路径不明,清华大学量子研究中心,http://www.tsinghua.edu.cn,2024-10-21,,,,,,,,,
在研,开源软件,11,个,420,万元,260,万元,1600,万元,700,万元,协调机制不足,国家量子计划发布平台,http://www.quantum.gov.cn,2024-10-21,,,,,,,,,
待推广,投资合作,15,个,480,万元,300,万元,1900,万元,800,万元,缺乏健康市场环境,量子产业发展报告,http://www.qidreport.com,2024-10-21,,,,,,,,,
进行中,商业化应用,22,个,750,万元,400,万元,3000,万元,1200,万元,市场接受度尚低,科技日报,http://www.stdaily.com,2024-10-21,,,,,,,,,
已完成,联合实训,13,个,410,万元,220,万元,1400,万元,550,万元,技术实现复杂,中国量子科技网,http://www.quantumtechnology.cn,2024-10-21,,,,,,,,,
初步应用,开放实验室,6,个,180,万元,120,万元,900,万元,350,万元,行业标准不清晰,智能科技观察,http://www.intelligentobservatory.com,2024-10-21,,,,,,,,,
进行中,企业合作,18,个,600,万元,320,万元,2500,万元,900,万元,技术成熟度不足,中国科学院量子信息技术中心,http://www.iqi.cas.cn,2024-10-21,,,,,,,,,
已完成,政府项目,12,个,500,万元,270,万元,1800,万元,700,万元,市场需求不足,量子通讯产业发展联盟,http://www.qcda.org.cn,2024-10-21,,,,,,,,,
初步应用,学术合作,7,个,300,万元,190,万元,1300,万元,500,万元,缺乏行业支持,中国信息通信研究院,http://www.caict.ac.cn,2024-10-21,,,,,,,,,
停用,开源社区,4,个,180,万元,80,万元,600,万元,250,万元,政策调整,国家科技部,http://www.most.gov.cn,2024-10-21,,,,,,,,,
在研,云平台服务,9,个,350,万元,210,万元,1600,万元,650,万元,技术标准缺乏,智库研究中心,http://www.zlresearch.com,2024-10-21,,,,,,,,,
待推广,合作开发,11,个,470,万元,260,万元,2100,万元,800,万元,投资回报不明确,量子技术研究院,http://www.qtinst.com,2024-10-21,,,,,,,,,
进行中,学术合作,6,个,220,万元,130,万元,950,万元,390,万元,技术成熟度不足,清华大学量子研究所,http://www.qrs.tsinghua.edu.cn,2024-10-21,,,,,,,,,
已完成,政府项目,15,个,550,万元,300,万元,2200,万元,850,万元,市场需求不足,中国量子产业发展促进会,http://www.cqidp.org.cn,2024-10-21,,,,,,,,,
初步应用,开源社区,5,个,200,万元,150,万元,1000,万元,400,万元,缺乏行业支持,全国量子技术研发中心,http://www.nqt.org.cn,2024-10-21,,,,,,,,,
待推广,企业合作,13,个,480,万元,250,万元,2000,万元,800,万元,投资回报不明确,中科院量子技术研究所,http://www.qtech.cas.cn,2024-10-21,,,,,,,,,
进行中,云平台服务,20,个,600,万元,350,万元,2500,万元,900,万元,市场竞争激烈,中国信息通信研究院,http://www.caict.ac.cn/en,2024-10-21,,,,,,,,,
初步应用,合作开发,7,个,300,万元,180,万元,1400,万元,500,万元,行业支持不足,科学网,https://www.sciencenet.cn/,2024-10-21,,,,,,,,,
已完成,企业合作,14,个,550,万元,320,万元,3000,万元,1200,万元,技术成熟度不足,实验室动态,https://www.lab.com,2024-10-21,,,,,,,,,
待推广,学术合作,9,个,350,万元,220,万元,1600,万元,800,万元,市场需求不足,中科院,http://www.cas.cn/,2024-10-21,,,,,,,,,
停用,政府项目,2,个,100,万元,70,万元,600,万元,200,万元,技术不符合标准,北京大学,http://www.pku.edu.cn/,2024-10-21,,,,,,,,,
在研,开源社区,11,个,400,万元,260,万元,1700,万元,750,万元,投资不确定性,量子技术研究中心,http://www.qtrc.cn/,2024-10-21,,,,,,,,,
进行中,政府资助,13,个,480,万元,310,万元,2100,万元,850,万元,市场进入壁垒,高科技日报,http://www.hgtp.cn/,2024-10-21,,,,,,,,,
已完成,跨国合作,16,个,700,万元,450,万元,2800,万元,1100,万元,技术冲突,量子计算协会,http://www.qca.cn/,2024-10-21,,,,,,,,,
待推广,众包项目,4,个,180,万元,90,万元,900,万元,350,万元,缺乏足够的投资,量子创新实验室,http://www.qilab.cn/,2024-10-21,,,,,,,,,
进行中,商业合作,20,,620,万元,350,万元,2500,万元,950,万元,市场竞争加剧,量子科技联盟,https://www.quantumminds.org,2024-10-21,,,,,,,,,
已完成,博士后项目,6,,300,万元,180,万元,1000,万元,450,万元,技术兼容性问题,国家自然科学基金,http://www.nsfc.gov.cn,2024-10-21,,,,,,,,,
初步应用,技术展会,4,,250,万元,170,万元,900,万元,380,万元,缺乏市场认知,科技日报,http://www.stdaily.com,2024-10-21,,,,,,,,,
停用,科研资助,2,,100,万元,50,万元,600,万元,250,万元,项目推迟,中国科学院,http://www.cas.cn,2024-10-21,,,,,,,,,
在研,产业孵化,11,,420,万元,220,万元,1750,万元,690,万元,资源配置不足,高技术产业开发区协会,https://www.htipa.org.cn,2024-10-21,,,,,,,,,
待推广,公共平台,9,,380,万元,190,万元,1400,万元,550,万元,技术安全性疑虑,IEEE量子计算期刊,https://quantum.ieee.org,2024-10-21,,,,,,,,,
进行中,跨国合作,14,,560,万元,310,万元,2200,万元,800,万元,监管政策不稳定,国际量子技术交流会,https://www.iqtc.org,2024-10-21,,,,,,,,,
已完成,高校合作,7,,350,万元,260,万元,1300,万元,570,万元,需求不明确,中国科学技术大学,http://www.ustc.edu.cn,2024-10-21,,,,,,,,,
初步应用,政府引导,8,,310,万元,200,万元,1600,万元,680,万元,技术成熟度不足,科技部,http://www.most.gov.cn,2024-10-21,,,,,,,,,
进行中,技术孵化,20,个,600,万元,400,万元,2500,万元,1000,万元,缺乏市场引导,中国科学院量子信息技术研究中心,http://www.cas.cn,2024-10-21,,,,,,,,,
已完成,商业化合作,15,个,550,万元,350,万元,2200,万元,900,万元,技术创新不足,QuantumTech新闻,https://www.quantumtechnews.com,2024-10-21,,,,,,,,,
初步应用,产业园区合作,7,个,300,万元,180,万元,1100,万元,500,万元,应用场景有限,中国量子信息产业发展促进会,http://www.cqid.org.cn,2024-10-21,,,,,,,,,
停用,政府资助项目,4,个,180,万元,90,万元,750,万元,280,万元,缺少后续投资,国家科技部,http://www.most.gov.cn,2024-10-21,,,,,,,,,
在研,科研机构合作,9,个,400,万元,240,万元,1300,万元,520,万元,技术整合需时,深圳量子技术研究院,http://www.sztqi.org,2024-10-21,,,,,,,,,
待推广,校企合作,11,个,500,万元,260,万元,1700,万元,650,万元,市场适应性待验证,中国网络安全产业联盟,http://www.cnic.org.cn,2024-10-21,,,,,,,,,
进行中,跨国合作,13,个,480,万元,320,万元,1900,万元,720,万元,国际合作难度大,国际量子科技论坛,http://www.quantumforum.org,2024-10-21,,,,,,,,,
已完成,国际标准制定,16,个,500,万元,350,万元,2000,万元,800,万元,业务扩展受限,中国基础科学研究中心,http://www.csrc.ac.cn,2024-10-21,,,,,,,,,
待推广,产业联盟,14,个,420,万元,310,万元,1600,万元,650,万元,市场评估不足,中国量子应用研究所,http://www.cqar.org.cn,2024-10-21,,,,,,,,,
在研,云计算服务,20,个,600,万元,350,万元,2500,万元,1000,万元,市场教育不足,新华社,http://www.xinhua.net,2024-10-21,,,,,,,,,
进行中,技术孵化,30,个,700,万元,450,万元,3000,万元,1300,万元,行业壁垒高,科技日报,http://www.stdaily.com,2024-10-21,,,,,,,,,
已完成,国际合作,18,个,550,万元,400,万元,2200,万元,900,万元,技术适应性差,IEEE,http://www.ieee.org,2024-10-21,,,,,,,,,
待推广,产业联盟,25,个,530,万元,300,万元,2100,万元,950,万元,投资回报周期长,中国科学技术协会,http://www.cast.org.cn,2024-10-21,,,,,,,,,
初步应用,高校合作,7,个,210,万元,180,万元,950,万元,350,万元,缺乏资金支持,中国科技网,http://www.sciencenet.cn,2024-10-21,,,,,,,,,
进行中,技术交流会,13,个,400,万元,220,万元,1600,万元,640,万元,行业认知低,量子计算前沿,http://www.quantumcomputingfrontier.com,2024-10-21,,,,,,,,,
停用,政府扶持项目,4,个,120,万元,90,万元,700,万元,280,万元,资源分配不合理,光明日报,http://www.gmw.cn,2024-10-21,,,,,,,,,
待推广,市场推广,11,个,320,万元,190,万元,1700,万元,710,万元,缺乏市场调研,MIT Technology Review,http://www.technologyreview.com,2024-10-21,,,,,,,,,
已完成,设备集成,6,个,250,万元,300,万元,1300,万元,500,万元,技术迭代太快,科技创新促进中心,http://www.innovation.gov.cn,2024-10-21,,,,,,,,,
进行中,云平台服务,20,个,600,万元,400,万元,2500,万元,1000,万元,技术集成难度大,中国科学院量子信息研究所,http://www.iqi.cas.cn/,2024-10-21,,,,,,,,,
已完成,行业会议,18,个,480,万元,320,万元,2100,万元,850,万元,技术成熟度不足,量子通信技术产业联盟,http://www.qcindustry.org,2024-10-21,,,,,,,,,
初步应用,学术合作,7,个,220,万元,170,万元,900,万元,450,万元,行业技术标准尚未确定,上海交通大学,http://www.sjtu.edu.cn/,2024-10-21,,,,,,,,,
停用,政府项目,4,个,160,万元,90,万元,700,万元,250,万元,技术符合度不高,国家发改委,http://www.ndrc.gov.cn/,2024-10-21,,,,,,,,,
在研,行业合作,11,个,370,万元,210,万元,1500,万元,610,万元,缺乏市场推广能力,中国科学院力学研究所,http://www.las.ac.cn/,2024-10-21,,,,,,,,,
待推广,开源社区,14,个,500,万元,320,万元,1900,万元,730,万元,预期市场过于乐观,清华大学量子科技研究中心,http://www.tsinghua.edu.cn/,2024-10-21,,,,,,,,,
已完成,云平台服务,19,个,700,万元,450,万元,2300,万元,950,万元,缺少创新项目,国家量子实验室,http://www.nqlab.org/,2024-10-21,,,,,,,,,
正在评估,科技展示,5,个,180,万元,130,万元,1000,万元,400,万元,合作意向不明,国家科技部,http://www.most.gov.cn/,2024-10-21,,,,,,,,,
进行中,学术会议,9,个,380,万元,275,万元,1700,万元,600,万元,数据保护法规限制,北京大学量子信息技术研究院,http://www.pku.edu.cn/,2024-10-21,,,,,,,,,
进行中,技术许可,20,个,600,万元,320,万元,2500,万元,1000,万元,市场接受度不足,科技日报,http://www.stdaily.com/,2024-10-21,,,,,,,,,
已完成,联合开发,13,个,450,万元,290,万元,1800,万元,750,万元,缺乏有效人才,量子科技进展,http://www.quantumtechnews.com/,2024-10-21,,,,,,,,,
初步应用,学术研讨,7,个,300,万元,180,万元,900,万元,350,万元,行业市场不成熟,量子研究中心,http://www.quantumresearchcenter.cn/,2024-10-21,,,,,,,,,
停用,项目合作,2,个,100,万元,70,万元,500,万元,200,万元,技术未达标,科学网,http://www.sciencenet.cn/,2024-10-21,,,,,,,,,
等待推广,企业孵化,16,个,550,万元,300,万元,2200,万元,900,万元,市场反馈不佳,量子应用研究,http://www.quantumappresearch.com/,2024-10-21,,,,,,,,,
进行中,政府扶持,11,个,400,万元,240,万元,1700,万元,800,万元,技术适应性差,中国量子科技网,http://www.chinaquantumtech.org/,2024-10-21,,,,,,,,,
已完成,成果转化,9,个,350,万元,210,万元,1500,万元,650,万元,合同障碍,量子应用技术研究所,http://www.quantumapplicationtechnology.org/,2024-10-21,,,,,,,,,
进行中,行业论坛,4,个,250,万元,130,万元,800,万元,380,万元,缺乏市场信任,量子科技发展论坛,http://www.quantumforum.org/,2024-10-21,,,,,,,,,
待推广,科技成果展示,6,个,150,万元,95,万元,700,万元,250,万元,宣传不足,中国量子信息委员会,http://www.cqii.org/,2024-10-21,,,,,,,,,
进行中,商业合作,18,个,600,万元,350,万元,2500,万元,900,万元,技术难度高,光电技术研究所,https://www.optotechinstitute.cn,2024-10-21,,,,,,,,,
已完成,政府引导,20,个,750,万元,400,万元,3000,万元,1100,万元,行业规范不明确,量子科技论坛,https://www.quantumforumcn.com,2024-10-21,,,,,,,,,
初步应用,科研合作,7,个,300,万元,200,万元,1500,万元,550,万元,使用场景有限,科技日报,http://www.stdaily.com,2024-10-21,,,,,,,,,
待推广,技术咨询,11,个,500,万元,320,万元,1800,万元,700,万元,市场认知不足,新兴技术研究中心,https://www.emergingtech.org,2024-10-21,,,,,,,,,
停用,技术转让,4,个,120,万元,80,万元,900,万元,250,万元,项目需求减少,国家科技部,http://www.most.gov.cn,2024-10-21,,,,,,,,,
在研,高校合作,9,个,480,万元,210,万元,1400,万元,650,万元,技术应用场景不清晰,人类与自然研究所,https://www.humanandnature.org,2024-10-21,,,,,,,,,
已完成,行业合作,13,个,550,万元,280,万元,2100,万元,850,万元,行业整合不足,人工智能研究院,http://www.aimlresearch.org,2024-10-21,,,,,,,,,
进行中,跨国合作,17,个,620,万元,360,万元,2600,万元,950,万元,技术壁垒高,创新科技集团,http://www.innovationsci.org,2024-10-21,,,,,,,,,
初步应用,市场推广,6,个,250,万元,190,万元,1100,万元,500,万元,政策支持不足,中国经济信息网,http://www.cei.gov.cn,2024-10-21,,,,,,,,,
进行中,量子算法优化,20,个,600,万元,350,万元,2500,万元,900,万元,技术实施难度大,科技日报,http://www.stdaily.com,2024-10-21,,,,,,,,,
已完成,政府资助项目,5,个,750,万元,400,万元,3000,万元,1200,万元,市场进入壁垒高,中国量子产业发展报告,http://www.cqdeeptech.com,2024-10-21,,,,,,,,,
初步应用,高校研究合作,7,个,300,万元,180,万元,1300,万元,500,万元,缺乏足够投资,量子信息技术论坛,http://www.qitaot.com,2024-10-21,,,,,,,,,
停用,商业试点,2,个,100,万元,50,万元,600,万元,200,万元,技术不成熟,量子行业观察,http://www.qyguanchu.com,2024-10-21,,,,,,,,,
在研,企业孵化,11,个,400,万元,300,万元,1700,万元,600,万元,技术路径不明确,科技创新网,http://www.kjcxf.com,2024-10-21,,,,,,,,,
待推广,资源共享平台,9,个,550,万元,250,万元,1900,万元,800,万元,缺乏市场推广,量子科技研究中心,http://www.qtky.org,2024-10-21,,,,,,,,,
进行中,国际合作计划,13,个,650,万元,320,万元,2200,万元,1000,万元,技术对接困难,金融科技界,http://www.jrstjw.com,2024-10-21,,,,,,,,,
已完成,跨界合作,4,个,200,万元,150,万元,950,万元,350,万元,项目竞争激烈,高新技术产业开发区,http://www.gxkfj.com,2024-10-21,,,,,,,,,
初步应用,技术展会,6,个,300,万元,120,万元,800,万元,400,万元,技术接受度低,量子商业导报,http://www.qzgm.net,2024-10-21,,,,,,,,,
进行中,云平台服务,18,个,2100,万元,900,万元,2500,万元,1100,万元,技术成熟度不足,中国科技部,http://www.most.gov.cn/,2024-10-21,,,,,,,,,
已完成,行业大会,22,个,2500,万元,1100,万元,3000,万元,550,万元,市场需求波动,赛迪顾问,https://www.ccidconsulting.com/,2024-10-21,,,,,,,,,
初步应用,跨国合作,7,个,1300,万元,500,万元,1500,万元,700,万元,缺乏市场推广,国际量子信息研究中心,http://www.iqrc.org/,2024-10-21,,,,,,,,,
停用,政府项目,6,个,900,万元,350,万元,1800,万元,250,万元,政策不稳定,中国科学院,http://www.cas.cn/,2024-10-21,,,,,,,,,
在研,学术研究,9,个,1700,万元,800,万元,900,万元,650,万元,技术标准不明,清华大学量子研究所,http://www.tsinghua.edu.cn/,2024-10-21,,,,,,,,,
待推广,产业联盟,11,个,2000,万元,750,万元,1400,万元,850,万元,市场评估不足,国家发展和改革委员会,http://www.ndrc.gov.cn/,2024-10-21,,,,,,,,,
进行中,深度合作,14,个,2200,万元,950,万元,2100,万元,950,万元,前期投资过高,国家科技发展促进中心,http://www.stapc.gov.cn/,2024-10-21,,,,,,,,,
已完成,财务投资,19,个,2400,万元,1000,万元,2600,万元,500,万元,行业趋势变化,中国科学技术协会,http://www.cast.org.cn/,2024-10-21,,,,,,,,,
初步应用,学术交流,4,个,850,万元,320,万元,1100,万元,500,万元,基础研究不足,创新型国家建设推动中心,http://www.innacenter.org/,2024-10-21,,,,,,,,,
待推广,市场调研,13,个,1900,万元,720,万元,950,万元,200,万元,投资环境不佳,中国市场调查协会,http://www.chinamarket.org/,2024-10-21,,,,,,,,,
进行中,云平台服务,20,个,600,万元,400,万元,2500,万元,1000,万元,技术成熟度不足,国家量子信息技术研究中心,http://www.nqitrc.cn/,2024-10-21,,,,,,,,,
已完成,企业合作,5,个,550,万元,350,万元,1400,万元,700,万元,市场需求不足,量子信息技术研究院,http://www.qiti.org,2024-10-21,,,,,,,,,
初步应用,学术合作,12,个,250,万元,180,万元,1100,万元,450,万元,缺乏行业支持,全国科技进步研究中心,http://www.nstpc.org,2024-10-21,,,,,,,,,
停用,政府项目,4,个,180,万元,120,万元,900,万元,350,万元,政策调整,中华人民共和国科技部,http://www.most.gov.cn,2024-10-21,,,,,,,,,
在研,开源社区,10,个,400,万元,275,万元,1300,万元,480,万元,技术标准缺乏,开源社区论坛,http://www.opensource.org,2024-10-21,,,,,,,,,
待推广,企业合作,15,个,500,万元,300,万元,2100,万元,900,万元,投资回报不明确,量子技术产业促进会,http://www.qtipc.org,2024-10-21,,,,,,,,,
进行中,云计算平台,8,个,350,万元,200,万元,1500,万元,650,万元,技术成熟度不足,大数据与云计算研究中心,http://www.dccrc.cn,2024-10-21,,,,,,,,,
已完成,战略联盟,6,个,320,万元,230,万元,1700,万元,720,万元,市场需求不足,中国量子技术创新中心,http://www.cqic.org.cn,2024-10-21,,,,,,,,,
初步应用,行业合作,9,个,220,万元,160,万元,1000,万元,450,万元,缺乏行业支持,量子技术论坛,http://www.quantumforum.com,2024-10-21,,,,,,,,,
停用,科研项目,2,个,100,万元,50,万元,700,万元,250,万元,政策调整,国家自然科学基金委,http://www.nsfc.gov.cn,2024-10-21,,,,,,,,,
进行中,云平台服务,20,个,650,万元,450,万元,2500,万元,900,万元,技术成熟度不足,中国科学院量子信息重点实验室,http://www.qi.ac.cn,2024-10-21,,,,,,,,,
待推广,学术论坛,7,个,300,万元,180,万元,1400,万元,550,万元,缺乏行业需求,知识创新研究中心,http://www.kic.ac.cn,2024-10-21,,,,,,,,,
已完成,企业合作,12,个,520,万元,300,万元,1900,万元,750,万元,技术标准缺乏,科技日报,http://www.stdaily.com,2024-10-21,,,,,,,,,
在研,行业合作,9,个,380,万元,220,万元,1600,万元,700,万元,市场需求不足,量子科技前沿,http://www.quantumfrontiers.com,2024-10-21,,,,,,,,,
初步应用,线上研讨会,4,个,150,万元,80,万元,750,万元,250,万元,投资回报不明确,中国信息通信研究院,http://www.caict.ac.cn,2024-10-21,,,,,,,,,
停用,监管机构项目,2,个,100,万元,50,万元,500,万元,150,万元,政策调整,科学网,http://www.sciencenet.cn,2024-10-21,,,,,,,,,
进行中,行业应用,11,个,420,万元,240,万元,1300,万元,600,万元,技术成熟度不足,国家科技部,http://www.most.gov.cn,2024-10-21,,,,,,,,,
待推广,众筹项目,6,个,230,万元,120,万元,900,万元,300,万元,市场需求不足,量子计算研究所,http://www.qcresearch.org,2024-10-21,,,,,,,,,
初步应用,高校联合研究,3,个,180,万元,90,万元,600,万元,200,万元,技术标准缺乏,研究生院,http://www.gradschool.edu.cn,2024-10-21,,,,,,,,,
进行中,商业应用,20,个,600,万元,400,万元,2500,万元,1000,万元,市场接受度不高,量子科技网,https://www.qbitscience.com/,2024-10-21,,,,,,,,,
待推广,行业研讨会,7,个,250,万元,120,万元,950,万元,350,万元,技术创新不足,量子先导,https://www.quantumleaders.org/,2024-10-21,,,,,,,,,
初步应用,校企合作,9,个,300,万元,180,万元,1100,万元,450,万元,缺乏必要技术配件,北京量子技术公司,http://www.bjqtech.com/,2024-10-21,,,,,,,,,
已完成,科研成果转化,15,个,700,万元,500,万元,3000,万元,1200,万元,需求激增,科技日报,http://www.stdaily.com/,2024-10-21,,,,,,,,,
在研,技术论坛,6,个,180,万元,75,万元,800,万元,320,万元,法律限制,量子科技研究院,https://www.qtlabs.org/,2024-10-21,,,,,,,,,
停用,中介服务,2,个,120,万元,90,万元,500,万元,200,万元,市场策略改变,量子产业链发展报告,https://www.qindustry.com/,2024-10-21,,,,,,,,,
待推广,技术博览会,11,个,400,万元,200,万元,1400,万元,600,万元,技术信息难以共享,现代量子技术论坛,http://www.mqtforum.com/,2024-10-21,,,,,,,,,
进行中,科研合作,18,个,550,万元,350,万元,2200,万元,950,万元,研究成果未能实施,科学网,http://www.sciencenet.cn/,2024-10-21,,,,,,,,,
已完成,战略合作,8,个,420,万元,220,万元,1600,万元,700,万元,行业规范不成熟,国家量子中心,http://www.quantum.gov.cn/,2024-10-21,,,,,,,,,
进行中,云平台服务,20,个,550,万元,320,万元,2500,万元,900,万元,市场竞争激烈,国际量子通信协会,https://www.iquanta.org,2024-10-21,,,,,,,,,
已完成,联合研发,18,个,600,万元,400,万元,2100,万元,750,万元,需求不稳定,量子技术研究所,https://www.quantumtechinstitute.org,2024-10-21,,,,,,,,,
初步应用,学术合作,7,个,250,万元,180,万元,900,万元,350,万元,理论研究阶段,中国科学技术协会,http://www.cast.org.cn,2024-10-21,,,,,,,,,
停用,政府资助项目,4,个,120,万元,80,万元,700,万元,200,万元,技术标准未完善,量子信息发展研究中心,https://www.qi-researchcenter.org,2024-10-21,,,,,,,,,
在研,开放技术平台,13,个,450,万元,300,万元,1500,万元,620,万元,技术路径不明,全球量子技术研究网,https://www.globalquantumtech.org,2024-10-21,,,,,,,,,
待推广,企业合作,9,个,385,万元,240,万元,1700,万元,580,万元,市场接受度未知,科技日报,http://www.stdaily.com,2024-10-21,,,,,,,,,
进行中,商业化合作,25,个,700,万元,500,万元,3000,万元,1200,万元,需要更多投资,量子技术应用发展报告,https://www.quantumapplicationreport.org,2024-10-21,,,,,,,,,
已完成,技术转让,14,个,390,万元,210,万元,1250,万元,520,万元,技术较为复杂,中国科学院量子研究所,http://www.iapcm.ac.cn,2024-10-21,,,,,,,,,
初步应用,科研项目合作,6,个,220,万元,160,万元,1100,万元,420,万元,测试阶段尚未完成,量子产业发展基金,https://www.qidf.org,2024-10-21,,,,,,,,,
进行中,企业合作,20,个,350,万元,50,万元,2500,万元,600,万元,技术成熟度不足,量子科技报告,https://www.quantumreport.cn,2024-10-21,,,,,,,,,
初步应用,学术合作,6,个,120,万元,240,万元,950,万元,180,万元,缺乏行业支持,中国物理学会,https://www.cps.org.cn,2024-10-21,,,,,,,,,
已完成,云平台服务,14,个,290,万元,120,万元,2100,万元,520,万元,市场需求不足,量子创新中心,https://www.qinnovation.org,2024-10-21,,,,,,,,,
停用,政府项目,4,个,90,万元,90,万元,600,万元,130,万元,政策调整,国家科技部,https://www.most.gov.cn,2024-10-21,,,,,,,,,
待推广,开源社区,11,个,260,万元,400,万元,1750,万元,440,万元,技术标准缺乏,量子网络实验室,https://www.qnetworklab.org,2024-10-21,,,,,,,,,
在研,企业合作,9,个,220,万元,120,万元,1400,万元,390,万元,投资回报不明确,清华大学量子研究院,https://www.tsinghua.edu.cn,2024-10-21,,,,,,,,,
进行中,产品孵化,25,个,400,万元,180,万元,3000,万元,700,万元,市场反馈待分析,科技日报,http://www.stdaily.com,2024-10-21,,,,,,,,,
初步应用,教育合作,7,个,170,万元,500,万元,1100,万元,230,万元,技术整合问题,中国科技大学,http://www.ustc.edu.cn,2024-10-21,,,,,,,,,
已完成,跨界合作,2,个,70,万元,75,万元,400,万元,90,万元,战略调整,数字经济观察,https://www.digitalobserver.cn,2024-10-21,,,,,,,,,
待推广,国际合作,5,个,210,万元,600,万元,1700,万元,300,万元,资源整合困难,科技财经网,http://www.scitechfinance.cn,2024-10-21,,,,,,,,,
进行中,行业展会,20,个,600,万元,350,万元,2500,万元,1000,万元,市场开发不足,艾媒咨询,http://www.iimedia.cn/,2024-10-21,,,,,,,,,
已完成,商业合作,15,个,700,万元,450,万元,3000,万元,1200,万元,行业标准缺失,科技日报,http://www.stdaily.com/,2024-10-21,,,,,,,,,
初步应用,学术讲座,6,个,250,万元,180,万元,1500,万元,500,万元,缺乏资金支持,清华大学出版社,http://www.tsinghua.edu.cn/,2024-10-21,,,,,,,,,
停用,政府资助项目,4,个,180,万元,120,万元,900,万元,350,万元,政策预期落空,国家发展和改革委员会,http://www.ndrc.gov.cn/,2024-10-21,,,,,,,,,
在研,线上课程,10,个,400,万元,220,万元,1400,万元,600,万元,技术推广不足,中国科学技术协会,http://www.cast.org.cn/,2024-10-21,,,,,,,,,
待推广,专业论坛,14,个,500,万元,280,万元,1600,万元,750,万元,资金链问题,中国工程院,http://www.cae.cn/,2024-10-21,,,,,,,,,
进行中,技术展示,19,个,800,万元,400,万元,2900,万元,1100,万元,需求调查不足,中国量子通信网,http://www.qnas.cn/,2024-10-21,,,,,,,,,
已完成,技术许可,22,个,950,万元,550,万元,3600,万元,1400,万元,法律风险,量子科技产业网,http://www.quantumindustry.com/,2024-10-21,,,,,,,,,
初步应用,合作研发,9,个,300,万元,250,万元,1300,万元,650,万元,技术成熟度不足,科研前沿,http://www.researchfront.com/,2024-10-21,,,,,,,,,
进行中,企业合作,20,个,700,万元,400,万元,2500,万元,1000,万元,技术标准缺乏,量子科技创新论坛,http://www.quantuminnovationforum.com,2024-10-21,,,,,,,,,
已完成,国家项目,15,个,600,万元,350,万元,2200,万元,900,万元,市场竞争激烈,中国科学技术协会,http://www.cast.org.cn,2024-10-21,,,,,,,,,
初步应用,高校联合,6,个,250,万元,180,万元,1100,万元,500,万元,研究资金不足,中国科技大学,https://www.ustc.edu.cn,2024-10-21,,,,,,,,,
停用,公共项目,2,个,100,万元,50,万元,600,万元,200,万元,缺乏市场需求,国家量子技术研究中心,http://www.nqtrc.org.cn,2024-10-21,,,,,,,,,
在研,技术孵化器,9,个,380,万元,220,万元,1400,万元,700,万元,缺乏投资者关注,量子技术前沿杂志,http://www.quantumfrontiers.com,2024-10-21,,,,,,,,,
待推广,在线平台,14,个,530,万元,290,万元,1900,万元,800,万元,缺少技术支持,中国量子产业发展联盟,http://www.cqida.org,2024-10-21,,,,,,,,,
进行中,国际合作,11,个,430,万元,270,万元,1600,万元,750,万元,政策障碍,国际量子信息论坛,http://www.iqif.org,2024-10-21,,,,,,,,,
初步应用,行业大会,4,个,180,万元,130,万元,900,万元,350,万元,较低的行业关注度,全国量子信息研究中心,http://www.qirc.org.cn,2024-10-21,,,,,,,,,
已完成,学术出版,7,个,300,万元,220,万元,1300,万元,600,万元,市场壁垒高,科学中国网,http://www.sciencenet.cn,2024-10-21,,,,,,,,,
进行中,企业合作,20,,600,万元,350,万元,2500,万元,950,万元,市场条件变化,中国量子信息科技有限公司,http://www.cqit.com,2024-10-21,,,,,,,,,
已完成,学术合作,14,,450,万元,290,万元,1700,万元,650,万元,技术更新速度快,量子科技前沿网,https://www.quantumfrontiers.com,2024-10-21,,,,,,,,,
初步应用,政府项目,7,,220,万元,180,万元,1100,万元,500,万元,资本投入不足,国家量子科技发展办公室,http://www.nqdo.gov.cn,2024-10-21,,,,,,,,,
停用,云平台服务,5,,160,万元,120,万元,900,万元,320,万元,合规问题,中国信息通信研究院,http://www.caict.ac.cn,2024-10-21,,,,,,,,,
在研,开源社区,11,,370,万元,230,万元,1300,万元,550,万元,研发周期较长,量子开源基金会,http://www.quantumopensource.org,2024-10-21,,,,,,,,,
待推广,技术转让,8,,410,万元,210,万元,1400,万元,480,万元,市场宣传不足,中国量子计算研究中心,http://www.cqcrc.org,2024-10-21,,,,,,,,,
进行中,国际合作,16,,520,万元,310,万元,2100,万元,850,万元,技术整合困难,量子信息国际合作网络,http://www.qiicn.org,2024-10-21,,,,,,,,,
已完成,学术论坛,9,,380,万元,260,万元,1250,万元,580,万元,用户反馈不足,中国量子技术学会,http://www.cqts.org,2024-10-21,,,,,,,,,
初步应用,技术竞赛,6,,210,万元,170,万元,999,万元,420,万元,市场信息不足,量子冠军赛组织委员会,http://www.quantumcompetition.org,2024-10-21,,,,,,,,,
进行中,产业园区合作,20,个,600,万元,400,万元,2500,万元,1000,万元,技术适配性不足,量子科技发展研究中心,http://www.qtgr.org,2024-10-21,,,,,,,,,
已完成,政府资助,25,个,750,万元,500,万元,2800,万元,1200,万元,新技术替代,国家量子信息科技中心,http://www.nqisc.cn,2024-10-21,,,,,,,,,
初步应用,企业联名发布,7,个,300,万元,180,万元,900,万元,350,万元,行业应用尚不成熟,量子通信行业协会,http://www.qcichina.org,2024-10-21,,,,,,,,,
停用,国际合作项目,2,个,100,万元,50,万元,500,万元,200,万元,合作方变动,国际量子科技研究院,http://www.iqri.org,2024-10-21,,,,,,,,,
待推广,高校合作,11,个,370,万元,250,万元,1400,万元,520,万元,市场调查不足,高等教育部,http://www.moe.gov.cn,2024-10-21,,,,,,,,,
在研,技术交流会,9,个,420,万元,290,万元,1750,万元,750,万元,技术规范未完善,国内量子技术产业链论坛,http://www.qtforum.org,2024-10-21,,,,,,,,,
进行中,公开募资,15,个,500,万元,330,万元,2200,万元,900,万元,监管政策不明,量子科技新闻网络,http://www.qtnews.org,2024-10-21,,,,,,,,,
初步应用,在线研讨会,6,个,220,万元,140,万元,1100,万元,400,万元,缺乏资金支持,科技日报,http://www.stdaily.com,2024-10-21,,,,,,,,,
待推广,投资洽谈会,4,个,180,万元,120,万元,700,万元,250,万元,缺乏市场推广,中国量子研究院,http://www.chinaqr.org,2024-10-21,,,,,,,,,