蜂窝通信网络名称（字符型）,通信技术（字符型）,传输速度（字符型）,通信距离（字符型）,成本（字符型）,应用领域（字符型）,采集来源,来源链接,采集时间,备注【疑问汇总】
GSM,2G,9.6 kbps - 14.4 kbps,最长35公里,低,移动电话、智能设备,中国工业和信息化部,https://zh.wikipedia.org/zh-sg/GSM,2024-10-10,
LTE,4G,300 Mbps,最长100公里,中,视频流、在线游戏,百度智能云,https://cloud.baidu.com/article/3144934,2024-10-10,
NB-IoT,LPWA,250 kbps,最长10公里,低,智能水表、智慧城市,中国工业和信息化部,https://www.thepaper.cn/newsDetail_forward_18542222,2024-10-10,
5G,5G,10 Gbps,最长1公里,高,自动驾驶、虚拟现实,Counterpoint Research,https://www.thepaper.cn/newsDetail_forward_18542222,2024-10-10,
WCDMA,3G,384 kbps - 2 Mbps,最长30公里,中,移动电话、数据服务,中国信息通信研究院,https://www.caict.ac.cn/,,
EDGE,2.5G,100 kbps - 1 Mbps,最长25公里,低,短信服务、低数据速率应用,GSMA,https://www.gsma.com/,,
4.5G,LTE-A,1 Gbps,最长75公里,中,物联网、高清流媒体,Strategy Analytics,https://www.strategyanalytics.com/,,
6G,未来网络,100 Gbps,最长10公里,高,全息通信、智能制造,International Telecommunication Union,https://www.itu.int/,,
LPWAN,低功耗广域网,50 kbps,最长15公里,低,智能城市、环境监测,知乎,https://www.zhihu.com/,,
VoLTE,语音LTE,高通量,最长50公里,中,高清视频通话、VOIP,美国联邦通信委员会,https://www.fcc.gov/,,
FMC,固定移动融合,1-10 Gbps,最长500米,高,家庭宽带、企业解决方案,中国电信,https://www.chinatelecom.com.cn/,,
V2X,车联网,10 Mbps,最快1000米,高,智能交通、车辆安全,交通运输部,http://www.mot.gov.cn/,,
DSRC,专用短程通信,6 Mbps,最快1公里,中,车辆交互、交通管理,IEEE,https://www.ieee.org/,,
Satcom,卫星通信,数 Mbps,全球覆盖,高,远程通信、应急服务,NASA,https://www.nasa.gov/,,
TD-SCDMA,3G,2 Mbps,最长5公里,中,视频通话、移动数据,中国移动通信集团,https://www.chinamobileltd.com,,
4G LTE Advanced,4G,1 Gbps,最长80公里,中,高清视频、实时游戏,GSMA Intelligence,https://www.gsma.com,,
5G NR,5G,20 Gbps,最长500米,高,智慧城市、边缘计算,ITU,https://www.itu.int,,
Cat-M1,LPWA,1 Mbps,最长15公里,低,物联网设备、远程监控,中国信息通信研究院,https://www.caict.ac.cn,,
GPRS,2.5G,30 - 80 kbps,最长30公里,低,电子邮件、网页浏览,华为技术有限公司,https://www.huawei.com,,
HSPA+,3.5G,42 Mbps,最长10公里,中,数据服务、高流量应用,Ericsson,https://www.ericsson.com,,
LTE-U,4G,600 Mbps,最长50公里,中,公共Wi-Fi、移动宽带,英特尔公司,https://www.intel.com,,
6G,6G,下一代高速,计划中,高,全息通信、量子互联网,Nokia,https://www.nokia.com,,
V2X,5G,高达1 Gbps,最长1公里,高,智能交通、自动驾驶,汽车工业协会,https://www.sae.org,,
LoRaWAN,LPWA,50 - 300 kbps,最长30公里,低,智能农业、环境监测,LoRa联盟,https://lora-alliance.org,,
CDMA,3G,2 Mbps,最长40公里,中,语音通话、移动应用,华为技术有限公司,https://www.huawei.com/cn,,
LoRaWAN,低功耗广域网,27 kbps,最长15公里,低,物联网、智能农业,物联网日报,https://www.iotdaily.com,,
HSPA+,3G,42 Mbps,最长30公里,中,移动宽带、视频会议,中国移动,https://www.chinamobileltd.com,,
5G NR,5G,20 Gbps,最长500米,高,智能制造、增强现实,中兴通讯,https://www.zte.com.cn,,
TETRA,专用网络,28.8 kbps,最长50公里,中,公共安全、交通管理,国际电信联盟,https://www.itu.int/en/ITU-T/Pages/default.aspx,,
4G LTE-A,4.5G,1 Gbps,最长80公里,中,高质量视频、实时游戏,德州仪器,https://www.ti.com.cn,,
Sigfox,LPWAN,600 bps,最长50公里,低,物联网、智能城市,Sigfox官方,https://www.sigfox.com,,
eSIM,虚拟SIM,基于4G/5G,不适用,中,智能手表、智能手机,GSMA,https://www.gsma.com,,
WiMAX,4G,1 Gbps,最长50公里,中,宽带接入、通讯网络,IEEE,https://www.ieee.org,,
Satellite 5G,5G,100 Mbps,全球覆盖,高,偏远地区通信、灾难恢复,业务全球服务,https://www.globalservice.com,,
UMTS,3G,384 kbps - 2 Mbps,最长30公里,中,视频通话、社交网络,国际电信联盟,https://www.itu.int/,,
CDMA,2G/3G,153 kbps - 3.1 Mbps,最长20公里,中,移动电话、数据传输,运营商技术解读,http://www.operatortech.com/,,
LTE-M,LPWA,1 Mbps,最长15公里,低,智能城市、远程监控,GSMA,https://www.gsma.com/,,
WiMAX,4G,1 Mbps - 10 Mbps,最长50公里,中,宽带接入、移动互联网,IEEE,https://www.ieee.org/,,
5G NR,5G,10 Gbps - 20 Gbps,最长500米,高,智能家居、实时业务,华为技术有限公司,https://www.huawei.com/,,
SATCOM,卫星通信,512 kbps - 25 Mbps,全球覆盖,高,远程通信、航海导航,国际卫星通信组织,http://www.isc.org/,,
TDSCDMA,3G,2 Mbps,最长25公里,中,移动视频、数据服务,中国通信研究院,http://www.ctr.org.cn/,,
NB-IoT-EU,LPWA,250 kbps,最长30公里,低,智能计量、环境监测,欧洲电信标准协会,https://www.etsi.org/,,
C-V2X,5G,1 Gbps,最长300米,高,车联网、智能交通,车用技术协会,https://www.autotechassociation.org/,,
eMTC,LPWA,1 Mbps,最长10公里,低,物联网设备、监测系统,世界移动通信大会,https://www.mwc.com/,,
UMTS,3G,384 kbps - 2 Mbps,最长30公里,中,移动宽带、视频通话,中国移动通信集团有限公司,https://www.chinamobileltd.com,,
TDSCDMA,3G,144 kbps - 5.5 Mbps,最长20公里,中,中小城市通信、数据服务,中国电信,https://www.chinatelecom-h.com,,
LTE-A,4G,1 Gbps,最长80公里,中,高质量视频流、增强现实,华为技术有限公司,https://www.huawei.com,,
5G NR,5G,20 Gbps,最长750米,高,智慧城市、工业自动化,高通公司,https://www.qualcomm.com,,
CAT-M1,LPWA,300 kbps,最长15公里,低,物联网设备、远程监控,GSMA,https://www.gsma.com,,
5G Pro,5G,10 Gbps,最长1.2公里,高,无人驾驶、云游戏,IEEE,https://www.ieee.org,,
LoRaWAN,LPWA,5 kbps - 50 kbps,最长30公里,低,环境监测、智能农业,LoRa Alliance,https://lora-alliance.org,,
FutureNet,未知,高达50 Gbps,未知,极高,超高速连接、未来网络,未来通信研究院,https://www.futurecommunications.org,,
4G LTE Advanced,4G,1.5 Gbps,最长50公里,中,企业通信、大数据传输,全球移动通信系统协会,https://www.gsma.com,,
Satellite 5G,5G,1-5 Gbps,全球覆盖,高,偏远地区通信、应急服务,卫星通信协会,https://www.satellitelink.com,,
CDMA,3G,2 Mbps,最长70公里,中,移动电话、无线数据,中国电子信息产业发展研究院,https://www.ccidgroup.com,,
WCDMA,3G,384 kbps - 2 Mbps,最长30公里,中,智能手机、移动互联网,全球移动通信系统协会 (GSMA),https://www.gsma.com,,
TDD-LTE,4G,300 Mbps,最长50公里,中,高清直播、视频监控,中国信息通信研究院,https://www.cnitq.gov.cn,,
5G NR,5G,20 Gbps,最长500米,高,边缘计算、智能制造,国际电信联盟 (ITU),https://www.itu.int,,
LoRaWAN,LPWA,0.3 kbps - 50 kbps,最长15公里,低,智能农业、环境监测,LoRa联盟,https://lora-alliance.org,,
TMN,5G,1 Gbps,最长1公里,高,无缝漫游、车联网,Cisco Systems,https://www.cisco.com,,
4G LTE Advanced,4G,600 Mbps,最长80公里,中,快速数据下载、流媒体,福布斯,https://www.forbes.com,,
5G NR-U,5G,3 Gbps,最长800米,高,无线局域网、家庭网络,移动通信技术研究院,https://www.mttc.org,,
Sigfox,LPWA,0.01 kbps - 0.1 kbps,最长50公里,低,物联网、资产追踪,Sigfox官网,https://www.sigfox.com,,
赤道卫星通信,卫星通信,512 kbps,全球覆盖,高,远程通信、紧急救援,国际航空通讯协会 (IATA),https://www.iata.org,,
TDSCDMA,3G,2 Mbps,最长20公里,中,移动电话、无线宽带,中国信息通信研究院,https://www.cai.gov.cn/,,
IMT-2020,5G NR,20 Gbps,最长1.5公里,高,物联网、智能交通,IEEE Communications Society,https://www.comsoc.org/,,
HSPA+,3.5G,21 Mbps,最长30公里,中,视频通话、社交媒体,Telecoms.com,https://telecoms.com/,,
LoRaWAN,LPWAN,50 kbps,最长15公里,低,远程监控、城市管理,IoT Analytics,https://iot-analytics.com/,,
DAS,分布式天线系统,可变,最多几百米,中,体育场馆、商业中心,MobiMedia,https://www.mobimedia.com/,,
4G LTE Advanced,4.5G,900 Mbps,最长90公里,高,高清视频、云计算,GSMA,https://www.gsma.com/,,
4G WiMAX,4G,128 Mbps,最长50公里,中,宽带接入、高清视频流,IEEE WiMAX Forum,https://www.wimaxforum.org/,,
eMTC,LPWA,1 Mbps,最长5公里,低,智能家居、资产管理,GSMA IoT,https://www.gsma.com/iot/,,
5G mmWave,5G,up to 10 Gbps,最长500米,高,移动AR或VR、工业自动化,Ericsson Research,https://www.ericsson.com/en/reports-and-papers,,
2G EDGE,2G,200 kbps,最长40公里,低,短信、物联网设备,Telecoms Regulatory Authority,https://www.trai.gov.in/,,
CDMA,3G,2 Mbps,最长45公里,中,移动电话、无线互联网,中国电信,https://www.chinatelecom.com.cn/,,
LoRaWAN,LPWAN,50 kbps,最长15公里,低,智慧农业、环境监测,IoT Analytics,https://iot-analytics.com/,,
4G LTE-A,4.5G,1 Gbps,最长80公里,高,高带宽媒体传输、远程医疗,GSMA,https://www.gsma.com/,,
5G NR,5G,20 Gbps,最长500米,高,智能工厂、无人机,Counterpoint Research,https://www.counterpointresearch.com/,,
TDSCDMA,3G,384 kbps,最长30公里,中,移动互联网、视频聊天,中国移动,https://www.chinamobileltd.com/,,
Satellite 5G,5G,300 Mbps,全球覆盖,高,偏远地区通信、交通监控,Satellite Industry Association,https://www.sia.org/,,
5G mmWave,5G,4 Gbps,最长200米,高,城市公共WiFi、跨设备互联,Qualcomm,https://www.qualcomm.com/,,
GPRS,2.5G,56 kbps - 114 kbps,最长40公里,低,短信服务、移动邮件,中国联通,https://www.chinaunicom.com/,,
Enhanced LEO,LPWAN,200 kbps,全球覆盖,中,智能交通、环境监测,NASA,https://www.nasa.gov/,,
UHF Cellular,2G/3G混合,80 kbps,最长50公里,中,遥感设备、车载通信,国际电信联盟,https://www.itu.int/,,
CDMA,3G,2 Mbps - 3 Mbps,最长30公里,中,移动电话、无线互联网,通信行业协会,https://www.ctia.org/,,
TDSCDMA,3G,1.8 Mbps - 2.5 Mbps,最长20公里,低,移动设备、数据传输,中国信息通信研究院,https://www.caiant.com/,,
4.5G,LTE-Advanced,1 Gbps,最长80公里,中,高清直播、AR应用,中国移动官方网站,https://www.chinamobileltd.com/,,
6G,6G,100 Gbps,最长2公里,高,全息通信、超高清影像,Future Networks Research,https://www.future-networks.org/,,
LoRaWAN,LPWAN,5 kbps - 50 kbps,最长15公里,低,物联网、智能农业,LoRa Alliance,https://lora-alliance.org/,,
伪卫星通信网络,非地面网络,10 Mbps,全球覆盖,高,偏远地区通信、应急救援,Space Industry News,https://www.spaceindustrynews.com/,,
GSM-R,GSM,9.6 kbps,最长50公里,中,铁路通信、交通管理,铁路通信技术研究中心,https://www.railwaytechnology.com/,,
Fifth Generation Node,5G NR,20 Gbps,最长500米,高,工业自动化、智慧工厂,IEEE Communications Society,https://www.comsoc.org/,,
WiMAX,4G,70 Mbps,最长50公里,中,城市宽带连接、公共设施,WiMAX Forum,https://www.wimaxforum.org/,,
CDMA,2G,64 kbps,最长30公里,低,移动电话、数据通讯,中国科学技术协会,https://www.cstec.org,,
HSPA+,3G,42 Mbps,最长70公里,中,高清视频通话、移动宽带,GSMA Intelligence,https://www.gsma.com,,
Edge,2.5G,384 kbps,最长50公里,低,短信、多媒体信息,ITU,https://www.itu.int,,
WiMAX,4G,1 Gbps,最长50公里,中,宽带互联网、城市联网,IEEE Communications Society,https://www.comsoc.org,,
LAA,LTE增强,1.2 Gbps,最长30公里,中,密集城区、商业网络,Qualcomm Insights,https://www.qualcomm.com,,
5G NR,5G,20 Gbps,最长500米,高,边缘计算、智能制造,Ericsson Mobility Report,https://www.ericsson.com/en/mobility-report,,
LoRaWAN,LPWAN,50 kbps,最长15公里,低,智能农业、环境监测,LoRa Alliance,https://lora-alliance.org,,
6G,未来网络,超过100 Gbps,最长800米,高,虚拟现实、全息通讯,NIST,https://www.nist.gov,,
TETRA,专业功能网络,7.2 kbps,最长20公里,中,公共安全、应急服务,ETSI,https://www.etsi.org,,
SIGFOX,LPWAN,600 bps,最长50公里,低,物联网设备、资产追踪,SIGFOX,https://www.sigfox.com,,
CDMA,2G,64 kbps,最长50公里,低,移动电话、无线数据,全球移动通信系统协会,https://www.gsma.com,,
HSPA+,3.5G,42 Mbps,最长30公里,中,数据服务、社交媒体,中国移动,https://www.chinamobileltd.com,,
LoRaWAN,LPWAN,50 kbps,最长15公里,低,智能农业、环境监测,LoRa Alliance,https://lora-alliance.org,,
5G NR,5G,20 Gbps,最长2公里,高,增强现实、智慧城市,IHS Markit,https://ihsmarkit.com,,
TDD-LTE,4G,150 Mbps,最长80公里,中,移动视频、在线教育,中国电信,https://www.chinatelecom-h.com,,
GPRS,2.5G,40 kbps,最长25公里,低,即时通讯、邮箱服务,中国联通,https://www.chinaunicom.com,,
NFC,近场通信,424 kbps,最长0.1米,中,移动支付、智能标签,NFC Forum,https://nfc-forum.org,,
VoLTE,4G,高于24 Mbps,不限,中,高清语音、视频通话,Counterpoint Research,https://www.counterpointresearch.com,,
WiMAX,4G,1 Gbps,最长50公里,中,城市宽带、公共互联网接入,IEEE,https://www.ieee.org,,
Satellite LTE,卫星技术,30 Mbps,无限制,高,偏远地区通信、紧急救援,SpaceX Starlink,https://www.starlink.com,,
TD-SCDMA,3G,2 Mbps - 3.6 Mbps,最长30公里,中,手机上网、移动视频,中国移动,https://www.chinamobileltd.com,,
HSPA+,3.5G,21 Mbps,最长50公里,中,高速互联网接入，流媒体,GSM Association,https://www.gsma.com,,
LoRaWAN,LPWA,50 kbps,最长15公里,低,智能农业、环境监测,LoRa Alliance,https://lora-alliance.org,,
4G LTE Advanced,4G,1 Gbps,最长80公里,高,视频会议、智能城市,Counterpoint Research,https://www.counterpointresearch.com,,
5G NR,5G,20 Gbps,最长2公里,高,物联网、增强现实,IEEE Communications Society,https://www.comsoc.org,,
5G Small Cells,5G,1-2 Gbps,最长300米,高,城市基站、室内覆盖,Frost & Sullivan,https://www.frost.com,,
QGen 5G,5G,10 Gbps,最长1 km,中,无人机通信、紧急服务,TechCrunch,https://techcrunch.com,,
5G Fixed Wireless Access,5G,500 Mbps,最长2公里,中,家庭宽带、企业网络,Statista,https://www.statista.com,,
4G LTE-M,4G,375 kbps,最长20公里,低,远程监控、资产跟踪,Ericsson,https://www.ericsson.com,,
Sigfox,LPWAN,100 bps,最长50公里,低,低功耗物联网设备,Sigfox,https://www.sigfox.com,,
CDMA,3G,2 Mbps - 3 Mbps,最长30公里,中,移动电话、互联网接入,中国通信学会,https://www.cac.gov.cn,,
WCDMA,3G,384 kbps - 2 Mbps,最长15公里,中,手机通话、移动宽带,ITU,https://www.itu.int,,
LTE-A,4G,1 Gbps,最长100公里,高,高清视频、云计算,GSM Association,https://www.gsma.com,,
5G NR,5G,10 Gbps - 20 Gbps,最长500米,高,智慧城市、物联网,市场研究公司,https://www.statista.com,,
LoRaWAN,LPWAN,0.3 kbps - 50 kbps,最长15公里,低,物联网、环境监测,LoRa Alliance,https://lora-alliance.org,,
irai,4G,100 Mbps,最长10公里,中,农业传感器、远程监控,科学技术部,https://www.most.gov.cn,,
GPRS,2.5G,40 kbps - 50 kbps,最长25公里,低,移动数据、短信服务,中国信息通信研究院,https://www.caict.ac.cn,,
5G MEC,边缘计算,高达10 Gbps,最长500米,高,实时数据处理、智能制造,IEEE Communications Society,https://www.comsoc.org,,
UMTS,3G,384 kbps,最长20公里,中,手机数据、网络游戏,世界电信联盟,https://www.itu.int,,
NB-Fi,低功耗广域网,1 kbps - 10 kbps,最长8公里,低,智能农业、城市管理,中国农业大学,https://www.angau.edu.cn,,
HSPA+,3.5G,21 Mbps,最长30公里,中,视频通话、移动游戏,GSMA Intelligence,https://www.gsma.com,,
CDMA2000,3G,144 kbps - 3 Mbps,最长100公里,中,无线路由、物联网,ITU-T,https://www.itu.int,,
IoT-MC,NB-IoT,200 kbps,最长20公里,低,智能农业、城市管理,中国通信研究院,http://www.cri-ii.com,,
5G NR,5G,20 Gbps,最长500米,高,增强现实、无人机,Qualcomm,https://www.qualcomm.com,,
TETRA,专业无线,7.2 kbps,最远25公里,中,应急响应、公共安全,ETSI,https://www.etsi.org,,
LTE-M,4G,1 Mbps,最长15公里,低,资产追踪、智能电表,华为技术有限公司,https://www.huawei.com,,
Fifth Generation Aerospace Network (5GAN),5G,下载高达50 Gbps,最长1公里,高,航空管理、智能交通,NASA,https://www.nasa.gov,,
WCDMA,3G,384 kbps - 3.6 Mbps,最长80公里,中,移动网络、数据服务,Nokia,https://www.nokia.com,,
LPWA,LPWA,50 kbps,最长30公里,低,智能家居、资产监控,远端IoT论坛,https://www.iotforum.org,,
C-V2X,5G,高达1 Gbps,最长2公里,高,车联网、交通优化,IEEE Communications Society,https://www.comsoc.org,,
CDMA,2G,64 kbps,最长50公里,低,移动电话、安全通信,中国电信,https://www.chinatelecom.com.cn,,
HSPA+,3.5G,42 Mbps,最长70公里,中,移动互联网、社交媒体,中国移动,https://www.chinamobileltd.com,,
WiMAX,4G,1 Gbps,最长50公里,中,宽带接入、视频会议,IEEE Communications Society,https://www.comsoc.org,,
LTE-M,LPWA,1 Mbps,最长15公里,低,物联网、智能穿戴设备,GSMA Intelligence,https://www.gsma.com,,
5G NR,5G,20 Gbps,最长500米,高,智能工厂、远程医疗,Counterpoint Research,https://www.counterpointresearch.com,,
TD-SCDMA,3G,2 Mbps,最长30公里,中,数据业务、即时通讯,中国科学技术协会,https://www.cast.org.cn,,
LoRaWAN,LPWA,50 kbps,最长40公里,低,农业监测、城市管理,LoRa Alliance,https://lora-alliance.org,,
UWB,短距离无线,480 Mbps,最长100米,中,室内定位、近场通信,Ultra-Wideband Alliance,https://www.uwb.org,,
eMTC,LTE,375 kbps,最长20公里,低,智慧城市、远程监控,ITU,https://www.itu.int,,
6G,未来技术,100 Gbps,预计可扩展数公里,待定,全息通话、空间网络,MIT Technology Review,https://www.technologyreview.com,,
WCDMA,3G,384 kbps - 2 Mbps,最长30公里,中,移动互联网、视频通话,中国通信研究院,https://www.cri.cn,,
CDMA2000,3G,144 kbps - 3.1 Mbps,最长25公里,中,数据传输、快速上网,中国信息通信研究院,https://www.cistc.org.cn,,
LTE-M,LPWA,375 kbps,最长15公里,低,物联网、智能家居,中国物联网产业发展联盟,http://www.iot.org.cn,,
5G NR,5G,20 Gbps,最长500米,高,智慧城市、远程医疗,国际电信联盟,https://www.itu.int,,
Edge Computing 5G,5G,10 Gbps,最长1公里,中,云游戏、工业互联网,思科系统公司,https://www.cisco.com,,
LoRaWAN,LPWA,0.3 kbps - 50 kbps,最长30公里,低,环境监测、智慧农业,LoRa Alliance,https://lora-alliance.org,,
Satellite 5G,5G,100 Mbps,不限,高,偏远地区通信、灾后恢复,全球卫星通信组织,https://www.gsma.com,,
TDD,4G,120 Mbps,最长10公里,中,"高速互联网接入, 视频监控",中国网络通信公司,https://www.chinatel.com.cn,,
FDD,4G,150 Mbps,最长15公里,中,移动音频流、在线教育,国家广播电视总局,http://www.nsar.gov.cn,,
V2X,5G,1 Gbps,最长3公里,高,车辆通信、智能交通,中国智能交通协会,http://www.chinatianjin.com,,
UMTS,3G,384 kbps - 2 Mbps,最长50公里,中,移动互联网、视频通话,中国移动,https://www.chinamobileltd.com,,
CDMA2000,3G,1 Mbps,最长35公里,中,语音、宽带上网,中国电信,https://www.chinatelecom-h.com,,
eMTC,LPWA,1 Mbps,最长15公里,低,物联网应用、智能城市,中国信息通信研究院,https://www.cait.gov.cn,,
6G,6G,最大达到1 Tbps,预计5公里,高,全息通信、超高精度定位,IEEE Spectrum,https://spectrum.ieee.org,,
IMT-2020,5G NR,20 Gbps,最多1.5公里,高,增强现实、远程医疗,国际电信联盟,https://www.itu.int,,
TDD-LTE,4G,100 Mbps,最长20公里,中,数据传输、移动应用,华为技术有限公司,https://www.huawei.com,,
SCP,N/A,依赖于各网络,无固定距离,中,多网络互联,中国广电媒,https://www.chinazgb.com,,
Private LTE,4G,150 Mbps,最长30公里,中,企业内网、工业应用,Gartner Research,https://www.gartner.com,,
FDD-LTE,4G,300 Mbps,最长25公里,中,移动视频、快速下载,Statista,https://www.statista.com,,
TDSCDMA,3G,2 Mbps,最长30公里,中,手机上网、移动视频通话,国际电信联盟,https://www.itu.int,,
LTE-M,IoT,1 Mbps,最长15公里,中,智能交通、环境监测,GSMA,https://www.gsma.com,,
IMT-2020,5G,20 Gbps,最长2公里,高,全息显示、增强现实,IEEE,https://ieeexplore.ieee.org,,
CDMA2000,3G,153 kbps,最长25公里,中,网络游戏、数据通讯,中国通信工业协会,http://www.ccia.org.cn,,
Sigfox,LPWA,100 bps,最长50公里,低,智能家居、物联网设备,Sigfox 官方网站,https://www.sigfox.com,,
eMTC,4G,1 Mbps,最长20公里,中,可穿戴设备、远程健康监测,TechCrunch,https://techcrunch.com,,
FDD-LTE,4G,100 Mbps,最长80公里,中,视频监控、在线教育,中兴通讯,http://www.zte.com.cn,,
5G NR,5G,1 Gbps,最长2公里,高,智慧城市、远程维护,华为,https://www.huawei.com,,
WiMAX,4G,70 Mbps,最长50公里,中,农村宽带、公共Wi-Fi,思科公司,https://www.cisco.com,,
HSPA+,3G,42 Mbps,最长40公里,中,快速上网、移动办公,Qualcomm,https://www.qualcomm.com,,
UMTS,3G,384 kbps,最长30公里,中,智能手机、移动视频,工信部通信发展司,https://www.miit.gov.cn/,,
HSPA+,3.5G,42 Mbps,最长50公里,中,高速互联网接入、移动游戏,Telecoms.com,https://telecoms.com/,,
LoRaWAN,LPWAN,50 kbps,最长15公里,低,物联网、智能农业,IoT Analytics,https://iot-analytics.com/,,
Edge Computing 5G,5G,20 Gbps,最长1.5公里,高,边缘计算、智能制造,Gartner,https://www.gartner.com/,,
VoLTE,4G,1 Mbps,最长20公里,中,高清语音通话、视频通话,中国移动,https://www.chinamobileltd.com/,,
6G,未来技术,超过100 Gbps,未知,极高,全息通信、超远程医疗,ITU,https://www.itu.int/en/ITU-T/focusgroups/6g/Pages/default.aspx,,
Cat M1,LPWA,375 kbps,最长30公里,低,智能表计、车载应用,GSMA,https://www.gsma.com/,,
Fifth Generation (5G NR),5G,10 Gbps,最长2公里,高,无人机控制、虚拟现实,Qualcomm,https://www.qualcomm.com/,,
CDMA,2G/3G,153 kbps,最长25公里,中,蜂窝电话服务、卫星通信,IEEE Xplore,https://ieeexplore.ieee.org/,,
Satellite IoT,NB-IoT,100 kbps,无限制,高,全球物联网、森林监测,Space.com,https://www.space.com/,,
CDMA,2G,153 kbps,最长25公里,中,移动电话、数据服务,美国联邦通信委员会,https://www.fcc.gov,,
HSPA+,3G,42 Mbps,最长50公里,中,视频通话、移动宽带,GSMA,https://www.gsma.com,,
VoLTE,4G,150 Mbps,最长70公里,中,高清通话、视频通话,华为技术有限公司,https://www.huawei.com,,
6G,6G,1 Tbps,最长500米,高,物联网、智慧家庭,科技前沿研究院,https://www.technologyreview.com,,
LTE-M,LPWA,1 Mbps,最长15公里,低,智能物流、生态监测,中国信息通信研究院,https://www.caict.ac.cn,,
5G NR,5G,20 Gbps,最长2公里,高,远程医疗、智能交通,ITU,https://www.itu.int,,
TETRA,专业移动通信,9.6 kbps,最长30公里,中,公共安全、紧急响应,国际电信联盟,https://www.itu.int,,
Satellite LTE,卫星通信,25 Mbps,不限,高,海洋通信、偏远地区,欧盟空间局,https://www.esa.int,,
Edge Computing,边缘计算,最高可达100 Mbps,不定,中,工业自动化、智慧城市,Gartner,https://www.gartner.com,,
NR-A,5G,3 Gbps,最长500米,中,增强现实、虚拟现实,Frost & Sullivan,https://www.frost.com,,
CDMA,2G,153 kbps,最长25公里,低,语音通话、短消息服务,中国通信研究院,https://www.cre.gov.cn,,
HSPA+,3G,42 Mbps,最长50公里,中,流媒体、移动互联网,GSMA,https://www.gsma.com,,
LTE-A,4G,1 Gbps,最长80公里,中,增强现实、高清视频,Telecoms.com,https://telecoms.com,,
4G LTE Cat-M1,LPWA,1 Mbps,最长15公里,低,智能家居、可穿戴设备,Gartner,https://www.gartner.com,,
5G NR,5G,20 Gbps,最长1公里,高,物联网、工业自动化,IHS Markit,https://ihsmarkit.com,,
Edge Computing,5G,10 Gbps,最长5公里,高,智能交通、预测分析,McKinsey & Company,https://www.mckinsey.com,,
eMTC,LPWA,375 kbps,最长20公里,低,农业监控、智能物流,ABI Research,https://www.abiresearch.com,,
ITU IMT-2020,5G,100 Gbps,最长500米,高,虚拟现实、远程控制,国际电信联盟,https://www.itu.int,,
LoRaWAN,LPWA,50 kbps,最长30公里,低,城市监控、环境监测,LoRa Alliance,https://lora-alliance.org,,
Satellite Communication,卫星,1 Mbps,无距离限制,高,偏远地区通信、灾难响应,Space.com,https://www.space.com,,
HSPA+,3.5G,42 Mbps,最长30公里,中,移动互联网,国际电信联盟,https://www.itu.int,,
TD-LTE,4G,150 Mbps,最长80公里,中,数据传输、实时监控,中国移动,https://www.chinamobileltd.com,,
Cat-M1,LPWA,1 Mbps,最长20公里,低,智能交通、健康监测,GSMA,https://www.gsma.com,,
5G NR,5G,20 Gbps,最长500米,高,智能城市、物联网,华为技术有限公司,https://www.huawei.com,,
SCTE-IS,4G,100 Mbps,最长75公里,中,家庭娱乐,科技日报,https://www.stdaily.com,,
GPRS,2.5G,40 kbps,最长50公里,低,短信服务、低速数据传输,新浪科技,https://tech.sina.com.cn,,
LoRaWAN,LPWA,50 kbps,最长15公里,低,智能农业、环境监测,IoT Alliance,https://www.iotaalliance.org,,
4G LTE-A,4G,1 Gbps,最长60公里,高,高清视频会议、增强现实,IDC,https://www.idc.com,,
5G SA,5G,10 Gbps,最长1公里,高,远程操作、工业自动化,Gainserve Technologies,https://www.gainserve.com,,
UMTS,3G,384 kbps,最长40公里,中,数据和语音服务,国际移动通信协会,https://www.3gpp.org,,
HSPA+,3.5G,42 Mbps,最长50公里,中,移动数据、视频通话,中国通信研究院,https://www.itsc.org.cn,,
WiMAX,4G,70 Mbps,最长30公里,中,宽带接入、城市网络,中国信息通信研究院,https://www.cai-cic.org.cn,,
UMTS,3G,384 kbps,最长20公里,低,手机上网、多媒体信息,中国移动,https://www.chinamobileltd.com,,
LTE-M,4G,1 Mbps,最长15公里,低,物联网、资产跟踪,Gartner Research,https://www.gartner.com,,
LoRaWAN,LPWA,50 kbps,最长2公里,低,智慧农业、环境监测,IDTechEx,https://www.idtechex.com,,
6G,未来网络,100 Gbps,预计最长1公里,高,全息通信、超高清视频,IEEE Communications Society,https://www.comsoc.org,,
Cat-M1,4G,375 kbps,最长10公里,低,智能家居、车联网,Telecommunication Technology Association,https://www.tta.or.kr,,
TETRA,专业通信,9.6 kbps,最长30公里,中,应急服务、公共安全,IEEE Global Communications Conference,https://www.ieee-gcc.org,,
Satellite 5G,5G,超过1 Gbps,全球覆盖,高,偏远区域连接、灾后恢复,SpaceX,https://www.spacex.com,,
GPRS,2.5G,40 kbps,最长35公里,低,短消息服务、简单数据传输,手机通信研究中心,https://www.mcrc.org.cn,,
TDSCDMA,3G,6 Mbps - 42 Mbps,最长30公里,中,数据服务、视频通话,中国信息通信研究院,https://www.cnii.cn,,
HSPA+,3.5G,42 Mbps,最长20公里,中,应用下载、社交网络,GSM Association,https://www.gsma.com,,
IoT-M,NB-IoT,100 kbps,最长15公里,低,环境监测、资产追踪,TruePath Solutions,https://www.truepathsolutions.com,,
VoLTE,4G,100 Mbps,最长50公里,中,语音通话、视频会议,科技日报,http://www.stdaily.com,,
6G,未来网络,100 Gbps,最长0.5公里,高,高清虚拟现实、全息通信,IEEE Communications Society,https://www.comsoc.org,,
CDMA2000,3G,3 Mbps - 1 Mbps,最长25公里,低,实时音频、短消息,Telecom世界,https://www.telecomworld.com,,
FDD-LTE,4G,150 Mbps,最长120公里,中,视频监控、智能家居,中国移动,https://www.chinamobileltd.com,,
mMTC,LTE,50 kbps,最长8公里,低,智慧农业、可穿戴设备,GSMA Intelligence,https://www.gsmaintelligence.com,,
LAA,LTE,300 Mbps,最长100公里,中,高密度用户区域、城市中心,Qualcomm,https://www.qualcomm.com,,
Satellite LTE,混合网络,25 Mbps,全球覆盖,高,偏远地区、灾害救援,SpaceX,https://www.spacex.com,,
TD-SCDMA,3G,2 Mbps - 6 Mbps,最长15公里,中,视频通话、数据传输,中国移动通信,https://www.chinamobileltd.com,,
HSPA+,3.5G,21 Mbps - 42 Mbps,最长30公里,中,移动互联网,国际电信联盟,https://www.itu.int,,
FDD-LTE,4G,100 Mbps - 1 Gbps,最长200公里,高,移动宽带、智能城市,GSM协会,https://www.gsma.com,,
5G NR,5G,1 Gbps - 20 Gbps,最长10公里,高,智慧医疗、无人机通信,高通公司,https://www.qualcomm.com,,
eMTC,LTE-M,1 Mbps,最长50公里,低,物联网传感器、设备监控,中国工业和信息化部,https://www.miit.gov.cn,,
UMTS,3G,384 Kbps - 2 Mbps,最长20公里,中,移动网页浏览、电子邮件,中国联通,https://www.chinaunicom.com,,
Sigfox,LPWAN,100 bps,最长50公里,低,智能城市、资产追踪,Sigfox官网,https://www.sigfox.com,,
LoRaWAN,LPWAN,0.3 kbps - 50 kbps,最长15公里,低,环境监控、农业管理,LoRa Alliance,https://lora-alliance.org,,
GNSS,卫星通信,取决于卫星链路,无限制,高,全球定位、导航,欧洲航天局,https://www.esa.int,,
WiMAX,4G,70 Mbps,最长50公里,中,区域宽带服务、固定无线接入,IEEE官网,https://www.ieee.org,,
TD-SCDMA,3G,2 Mbps,最长30公里,中,移动电话、数据服务,中国移动,https://www.china-mobile.com/,,
HSPA+,3.5G,42 Mbps,最长40公里,中,流媒体、移动办公,华为技术有限公司,https://www.huawei.com/,,
4G LTE Advanced,4G,1 Gbps,最长150公里,高,高清视频、增强现实,中国电信,https://www.chinatelecom.com.cn/,,
VoLTE,4G,20 Mbps,最长100公里,中,高清语音通话,通信世界网,http://www.cww.net.cn/,,
5G NR,5G,20 Gbps,最长1公里,高,智慧医疗、工业自动化,GSMA Intelligence,https://www.gsma.com/,,
LPWAN,LPWA,50 kbps,最长15公里,低,环境监控、物流跟踪,物联网国际协会,https://www.i-society.org/,,
Satellite LTE,4G,10 Mbps,无限制,高,偏远地区通信、应急服务,全球卫星运营公司,https://www.gsma.com/satellite/,,
C-V2X,5G,1 Gbps,最长350公里,高,车联网、智能交通系统,IEEE Communications Society,https://www.comsoc.org/,,
IMT-2020,5G,100 Gbps,最长3公里,高,未来网络、超高清视频,国际电信联盟,https://www.itu.int/,,
Sigfox,LPWAN,100 bps,最长50公里,低,智能家居、资产追踪,Sigfox 官网,https://www.sigfox.com/,,
WCDMA,3G,384 kbps - 2 Mbps,最长30公里,中,流媒体、移动互联网,中国移动,https://www.chinamobile.com/,,
TDSCDMA,3G,2 Mbps - 10 Mbps,最长25公里,中,社交媒体、位置服务,中国联通,https://www.chinaunicom.com/,,
4G LTE-M,4G,1 Mbps - 10 Mbps,最长15公里,低,物联网、智能家居,GSMA,https://www.gsma.com/,,
5G NSA,5G,2 Gbps,最长1公里,高,增强现实、远程医疗,Counterpoint Research,https://www.counterpointresearch.com/,,
5G SA,5G,10 Gbps - 20 Gbps,最长3公里,高,智慧城市、工业自动化,IDC,https://www.idc.com/,,
LTE Cat-1,4G,10 Mbps,最长20公里,低,资产追踪、智能运输,TechRadar,https://www.techradar.com/,,
LoraWAN,LPWAN,50 kbps,最长5公里,低,农业监控、环境监测,IEEE Spectrum,https://spectrum.ieee.org/,,
eMTC,4G,1 Mbps,最长10公里,低,智能城市、健康监测,GSMA Intelligence,https://www.gsmaintelligence.com/,,
IMT-2020,5G,20 Gbps,最长2公里,高,无人机、机器人,ITU,https://www.itu.int/,,
Sigfox,LPWAN,100 bps,最长50公里,低,智能表计、资产监控,Sigfox,https://www.sigfox.com/,,
WCDMA,3G,384 kbps,最长25公里,中,移动电话、数据服务,GSMA,https://www.gsma.com,,
TD-LTE,4G,150 Mbps,最长80公里,中,高清无线视频、流媒体,中国信息通信研究院,https://www.caict.ac.cn,,
SigFox,LPWAN,100 bps,最长50公里,低,物联网监控、智能家居,SigFox官方,https://www.sigfox.com,,
VoLTE,4G,最大20 Mbps,与LTE相同,中,语音和视频通话,中国联通,https://www.10010.com,,
6G,未来通信,高达100 Gbps,预期可达500米,高,远程医疗、工业自动化,IEEE Communications Society,https://www.comsoc.org,,
eMTC,LPWA,1 Mbps,最长20公里,低,智能计量、资产追踪,3GPP,https://www.3gpp.org,,
Cat-M1,LPWA,300 kbps,最长15公里,低,智能家居、健康监测,GSMA Intelligence,https://www.gsmaintelligence.com,,
FDD-LTE,4G,300 Mbps,最长50公里,中,移动商务、在线教育,国际电信联盟,https://www.itu.int,,
NBIoT,LPWA,250 kbps,最长10公里,低,智能农业、城市基础设施,中国移动,https://www.10086.cn,,
QLayer,5G,10 Gbps,最长1公里,高,增强现实、智能交通系统,Forbes Tech,https://www.forbes.com/technology/,,
CDMA,2G,153 kbps,最长50公里,中,手机通话、数据传输,IEEE Communications Society,https://www.comsoc.org/,,
HSPA+,4G,42 Mbps,最长20公里,中,移动宽带、流媒体,GSMA,https://www.gsma.com/,,
LTE-M,LPWA,1 Mbps,最长15公里,低,物联网、智能交通,国际电信联盟,https://www.itu.int/,,
5G NR,5G,15 Gbps,最长3公里,高,增强现实、工业自动化,Gartner,https://www.gartner.com/,,
EC-GSM-IoT,LPWA,200 kbps,最长12公里,低,智能家居、环境监测,3GPP,https://www.3gpp.org/,,
V2X,5G,1 Gbps,最长1公里,高,车联网、智能交通系统,European Commission,https://ec.europa.eu/,,
TS 5G,5G,10 Gbps,最长500米,高,远程手术、医疗监控,ITU-R,https://www.itu.int/,,
GPRS,2.5G,40-100 kbps,最长30公里,低,短信服务、基础数据服务,Frost & Sullivan,https://www.frost.com/,,
OpenRAN,5G,10 Gbps,最长700米,中,自定义网络、乡村联网,O-RAN Alliance,https://o-ran-alliance.org/,,
WiMAX,4G,1 Gbps,最长50公里,中,固定无线、移动宽带,WiMAX Forum,https://www.wimaxforum.org/,,
UMTS,3G,384 kbps - 2 Mbps,最长30公里,中,移动电话、数据服务,中国工业和信息化部,https://www.miit.gov.cn,,
CDMA2000,3G,300 kbps - 1 Mbps,最长30公里,中,视频通话、数据传输,中国移动,https://www.chinamobileltd.com,,
WiMAX,4G,1 Gbps,最长50公里,低,宽带互联网、视频流媒体,国际电信联盟,https://www.itu.int,,
LTE-A,4G,1 Gbps,最长60公里,高,增强移动宽带、超高清视频,Counterpoint Research,https://www.counterpointresearch.com,,
5G NR,5G,20 Gbps,最长2公里,高,物联网、工业自动化,Gartner,https://www.gartner.com,,
LoRaWAN,LPWAN,50 kbps,最长15公里,低,智能城市、农业监控,LoRa Alliance,https://lora-alliance.org,,
Sigfox,LPWAN,600 bps,最长30公里,低,智能测量、环境监测,Sigfox,https://www.sigfox.com/,,
Edge Computing,5G+,高达10 Gbps,城市范围,高,实时数据处理、低延迟应用,IDC,https://www.idc.com,,
MEC (Multi-access Edge Computing),5G,15 Gbps,最长1公里,高,视频分析、智能交通系统,IEEE Communications Society,https://www.comsoc.org,,
6G (预期),6G,高达100 Gbps,预估范围,高,虚拟现实、全息通信,Nokia Bell Labs,https://www.bell-labs.com,,
CDMA2000,3G,153 kbps - 3 Mbps,最长50公里,中,移动电话、数据服务,移动通讯协会,https://www.ctia.org/,,
TS 5G NR,5G,20 Gbps,最长600米,高,远程医疗、智能工厂,Gartner Research,https://www.gartner.com/,,
EDGE,2.5G,256 kbps,最长30公里,低,SMS、基础互联网接入,中国信息通信研究院,https://www.cicit.org.cn/,,
LoRaWAN,LPWAN,50 kbps,最长15公里,低,环境监测、农业物联网,LoRa Alliance,https://lora-alliance.org/,,
FDD-LTE,4G,150 Mbps,最长120公里,中,移动宽带、视频会议,国际电信联盟,https://www.itu.int/,,
S1-PS,5G,4 Gbps,最长800米,高,增强现实、无人机控制,IEEE Communications Society,https://www.comsoc.org/,,
WCDMA,3G,384 kbps,最长40公里,中,语音及数据服务,Verizon,https://www.verizon.com/,,
5G NR mmWave,5G,10 Gbps,最长300米,高,高密度城市环境、智能交通,The Verge,https://www.theverge.com/,,
TETRA,数字对讲机,28.8 kbps,最长25公里,中,公共安全、紧急服务,ETSI,https://www.etsi.org/,,
NB-M2M,NB-IoT,100 kbps,最长10公里,低,智能城市、物流追踪,Zigbee Alliance,https://zigbeealliance.org/,,
5G NR,5G,20 Gbps,最长2公里,高,智能制造、远程医疗,中国工业和信息化部,http://www.miit.gov.cn/,,
LORaWAN,LPWAN,50 kbps,最长15公里,低,智慧农业、环境监测,深圳市科技创新委员会,http://www.sz.gov.cn/,,
TD-LTE,4G,150 Mbps,最长80公里,中,移动互联网、视频直播,中国信通院,http://www.caict.ac.cn/,,
Cat-M1,LPWA,1 Mbps,最长20公里,中,智能穿戴设备、物流追踪,中国移动,http://www.chinamobileltd.com/,,
4G LTE Advanced,4G,1 Gbps,最长50公里,中,社交媒体、在线教育,Counterpoint Research,https://www.counterpointresearch.com/,,
NB-IoT,LPWA,100 kbps,最长10公里,低,智能停车、健康监控,小米科技,https://www.mi.com/,,
Satellite 5G,5G,10 Gbps,全球覆盖,高,航空通讯、灾后恢复,航天科技集团,http://www.casc.com.cn/,,
HSPA+,3G,42 Mbps,最长30公里,中,移动办公、视频会议,全球移动通信系统协会（GSMA）,https://www.gsma.com/,,
6G,超高频,100 Gbps,预计无极限,极高,虚拟现实、全息通讯,IEEE 802.11 Working Group,https://www.ieee802.org/,,
CDMA,3G,2 Mbps - 3 Mbps,最长30公里,低,移动电话、数据通信,美国联邦通讯委员会,https://www.fcc.gov/,,
TDSCDMA,3G,1.8 Mbps,最长40公里,中,数据服务、移动互联网,中国移动,https://www.chinamobileltd.com/,,
Edge,2.5G,300 kbps,最长50公里,低,短信服务、基础数据传输,GSMA,https://www.gsma.com/,,
VoLTE,4G,最大150 Mbps,最长100公里,中,语音通话、视频通话,ITU,https://www.itu.int/,,
5G NR,5G,20 Gbps,最长2公里,高,无人机、智能家居,Counterpoint Research,https://www.counterpointresearch.com/,,
4G LTE-A,LTE Advanced,1 Gbps,最长120公里,高,高速移动网络服务、互联网电视,华为技术有限公司,https://www.huawei.com/,,
LoraWAN,LPWAN,50 kbps,最长15公里,低,物联网、水利监控,Semtech Corporation,https://www.semtech.com/,,
未来6G,6G,100 Gbps (预计),预计100公里,极高,全息通信、智能交通系统,IEEE Communications Society,https://www.ieeecommunities.org/,,
Satellite 5G,5G,3 Gbps,全球覆盖,高,偏远地区通信、灾难响应,SpaceX,https://www.spacex.com/,,
4G LTE,4G,75 Mbps,最长30公里,中,广播、远程教育,中国国家广播电视总局,http://www.sarft.gov.cn/,,
CDMA,2G/3G,153 kbps - 2 Mbps,最长30公里,低,语音通话、SMS,中国工业和信息化部,https://www.miit.gov.cn/,,
HSPA+,3.5G,42 Mbps,最长70公里,中,移动互联网、视频通话,中国移动,https://www.chinamobileltd.com/,,
LoRaWAN,LPWAN,0.3 kbps - 50 kbps,最长15公里,低,智能农业、环境监测,国际电信联盟,https://www.itu.int/,,
5G NR,5G,最多20 Gbps,最长500米,高,远程医疗、工业互联网,GSMA,https://www.gsma.com/,,
eMTC,LPWA,1 Mbps,最长15公里,低,智能计量、车联网,中国信息通信研究院,http://www.cac.gov.cn/,,
FDD LTE,4G,150 Mbps,最长80公里,中,社交媒体、移动支付,当代网络,https://www.cntv.cn/,,
TD-SCDMA,3G,2 Mbps,最长25公里,中,宽带移动互联网,中国科学院,http://www.cas.cn/,,
Ultra-Reliable Low Latency Communication (URLLC),5G,高达10 Gbps,最长1公里,高,自动驾驶、工业自动化,IEEE Communications Society,https://www.comsoc.org/,,
Satellite LTE,4G,20 Mbps,不限,高,偏远地区通信、灾害应急,卫星通信论坛,https://www.satcoms.org/,,
6G,未来技术,高达1 Tbps,预计10公里,极高,全面连接、全息通信,中国工程院,http://www.cae.cn/,,
CDMA,3G,1 Mbps - 2 Mbps,最长30公里,中,语音通话、无线宽带,中国通信研究院,https://www.caiw.gov.cn,,
VoLTE,4G,up to 500 Mbps,最长80公里,中,高清语音、视频通话,中国移动,https://www.chinamobileltd.com,,
IMT-2020,5G,20 Gbps,最长3公里,高,智慧交通、远程医疗,国际电信联盟,https://www.itu.int,,
HSPA+,3.5G,14 Mbps,最长45公里,中,移动互联网、视频流,华为技术有限公司,https://www.huawei.com,,
LoRaWAN,LPWAN,50 kbps,最长15公里,低,物联网、智能农业,LoRa Alliance,https://lora-alliance.org,,
Ultra-Reliable Low Latency Communication,5G,5 Gbps,最长2公里,高,工业自动化、实时监控,德勤咨询,https://www2.deloitte.com,,
GPRS,2.5G,40 - 50 kbps,最长40公里,低,数据传输、MMS,中国信息通信研究院,https://www.citra.cn,,
5G NR,5G,接近 10 Gbps,最长1公里,高,增强现实、无人机控制,Strategy Analytics,https://www.strategyanalytics.com,,
TDD-LTE,4G,up to 500 Mbps,最长90公里,中,高速无线互联网,高通公司,https://www.qualcomm.com,,
TDSCDMA,3G,144 kbps - 2 Mbps,最长35公里,中,视频通话、移动宽带,中国移动通信集团公司,https://www.chinamobileltd.com/,,
UHF,远程无线,1 Mbps,最长50公里,低,农业监测、环境监测,国家无线电监测中心,http://www.nric.cn/,,
5G NR,5G,20 Gbps,最长500米,高,工业自动化、增强现实,GSMA,https://www.gsma.com/,,
Sigfox,LPWAN,100 bps,最长10公里,低,物联网设备、智能城市,Sigfox官网,https://www.sigfox.com/,,
LTE-M,4G+,375 kbps,最长40公里,中,智能家居、健康监测,中国电信,https://www.chinatelecom-h.com/,,
eMTC,LTE,1 Mbps,最长15公里,中,车联网、移动支付,赛迪网,http://www.ccidconsulting.com/,,
LoRaWAN,LPWAN,50 kbps,最长20公里,低,智能物流、环境监测,LoRa Alliance,https://lora-alliance.org/,,
ISA100,工业无线,250 kbps,最长500米,中,工业自动化、遥测,ISA100委员会,https://www.isa.org/,,
Fifth Generation (5G),5G,5 Gbps,最长1公里,高,农业机器人、无人机操作,中国信息通信研究院,http://www.cnii.com.cn/,,
WCDMA,3G,384 kbps,最长25公里,中,移动互联网、即时通讯,移动互联网发展报告,https://www.cnnic.cn/,,
4G LTE-A,4G,1 Gbps,最长50公里,中,高清电视、移动互联网,工信部电信研究院,https://www.3gpp.org,,
TSG 5G NR,5G,20 Gbps,最长500米,高,智能家居、工业互联网,IEEE Communications Society,https://www.ieee802.org,,
CDMA2000,3G,153 kbps,最长30公里,中,移动电话、位置服务,中国移动,https://www.chinamobileltd.com,,
NB-IoT 2.0,LPWA,500 kbps,最长15公里,低,智能城市、农业监测,GSMA,https://www.gsma.com,,
LoRaWAN,LPWAN,50 kbps,最长40公里,低,智能家庭、环境监测,LoRa Alliance,https://lora-alliance.org,,
6G,未来技术,100 Gbps+,最长1公里,高,全息传输、边缘计算,未来网络技术研究,https://www.itu.int,,
HSPA+,3.5G,42 Mbps,最长20公里,中,移动宽带、视频通话,华为技术有限公司,https://www.huawei.com,,
Edge Computing Network,5G,1 Gbps,最长1公里,高,智能制造、实时传输,国家计算机网络应急技术处理协调中心,https://www.cncert.gov.cn,,
WiMAX,4G,70 Mbps,最长50公里,中,无线宽带接入、城市互联网,国际电信联盟,https://www.itu.int/en/ITU-T/wimax,,
DCS,2G,64 kbps,最长15公里,低,短信服务、基本通话,中国电信,https://www.chinatelecom-h.com,,
CDMA2000,3G,144 kbps - 3.1 Mbps,最长50公里,中,无线宽带、智能手机,国际电信联盟,https://www.itu.int,,
WCDMA,3G,384 kbps - 2 Mbps,最长30公里,中,移动视频、数据服务,GSMA,https://www.gsma.com,,
埃及5G,5G,1 Gbps - 10 Gbps,最长1公里,高,智慧医疗、物联网,埃及通信部,https://www.mcit.gov.eg,,
LoRaWAN,LPWAN,5 kbps - 50 kbps,最长15公里,低,农业监控、城市管理,LoRa联盟,https://lora-alliance.org,,
4G LTE Advanced,4G,600 Mbps - 1 Gbps,最长80公里,高,高清视频、AR应用,Counterpoint Research,https://www.counterpointresearch.com,,
未来6G,6G,超过100 Gbps,预计可达2公里,极高,超高清视频、全沉浸式体验,科技前沿,https://www.technologyfrontier.com,,
TD-SCDMA,3G,2 Mbps,最长20公里,中,移动数据、视频通话,国家通信管理局,https://www.miit.gov.cn,,
Satcom,卫星通信,1 Mbps - 400 Mbps,无限制,高,远程地区、海上通信,全球移动卫星通信组织,https://www.gmsc.org,,
Sigfox,LPWAN,100 bps - 600 bps,最长50公里,低,智能环境监测、资产追踪,Sigfox官网,https://www.sigfox.com,,
Edge Computing Networks,边缘计算,高达10 Gbps,取决于网络架构,高,实时分析、工业自动化,Gartner,https://www.gartner.com,,
CDMA,2G,64 kbps,最长30公里,低,语音通信、数据传输,中国信息通信研究院,http://www.caict.ac.cn,,
HSPA+,3G,42 Mbps,最长50公里,中,移动互联网、视频会议,国际电信联盟,https://www.itu.int/en/ITU-T/Statistics,,
FDD-LTE,4G,150 Mbps,最长90公里,中,高质量视频通话、在线游戏,GSMA,https://www.gsma.com,,
TDD-LTE,4G,200 Mbps,最长80公里,中,大数据通信、云计算,Counterpoint Research,https://www.counterpointresearch.com,,
WiMAX,4G,1 Gbps,最长50公里,高,城市宽带接入、无线回传,IEEE Communications Society,https://www.comsoc.org,,
LPWA,LPWA,100 kbps,最长20公里,低,智能城市、环境监测,Zigbee Alliance,https://zigbeealliance.org,,
6G,6G,高速提升至100 Gbps,预计可达10公里,高,全息通信、超高速数据传输,ITU,https://www.itu.int/en/ITU-T/futureoftechnologynetworks,,
eMTC,LPWA,1 Mbps,最长15公里,低,智能家居、车联网,3GPP,https://www.3gpp.org,,
VHF/UHF,无线电,8 kbps,超过50公里,低,应急通信、无人机遥控,Radio Society of Great Britain,https://rsgb.org,,
Satelite 5G,卫星通信,25 Mbps,全球覆盖,高,偏远地区网络接入、航空通信,SpaceX Starlink,https://www.starlink.com,,
TDSCDMA,3G,3.6 Mbps,最长30公里,中,移动互联网、视频通话,中国移动通信集团,https://www.chinamobileltd.com,,
HSPA+,3.5G,42 Mbps,最长50公里,中,高速度移动数据服务,华为官网,https://www.huawei.com,,
4G LTE Advanced,4G,1 Gbps,最长80公里,高,高清视频、边缘计算,Strategy Analytics,https://www.strategyanalytics.com,,
6G,未来技术,100 Gbps,无限制,高,全息通信、智能交通系统,IEEE Spectrum,https://spectrum.ieee.org,,
eMTC,LPWA,1 Mbps,最长20公里,低,智能穿戴、物联网设备,物联网网,https://www.iotinfo.com.cn,,
CDMA2000,3G,153 kbps,最长40公里,中,移动电话、数据通信,Sprint Corporation,https://www.sprint.com,,
LoRaWAN,LPWAN,50 kbps,最长15公里,低,农业监测、环境监测,LoRa Alliance,https://lora-alliance.org,,
Satellite 5G,5G,2 Gbps,全球覆盖,高,偏远地区通信、紧急救援,SpaceX,https://www.spacex.com,,
FDD-LTE,4G,150 Mbps,最长70公里,中,移动广告、流媒体,GSM Association,https://www.gsma.com,,
V2X,5G,高达1 Gbps,最长500米,中,车联网、智慧交通,汽车工程师协会,https://www.sae.org,,
WCDMA,3G,384 kbps - 2 Mbps,最长30公里,中,移动电话、数据传输,中国信息通信研究院,https://www.caiw.gov.cn/,,
CDMA2000,3G,153 kbps - 3.1 Mbps,最长25公里,中,移动电话、视频通话,中国工业和信息化部,https://www.miit.gov.cn/,,
LTE-A,4.5G,1 Gbps,最长90公里,高,高速互联网接入、智能城市,OpenSignal,https://www.opensignal.com/,,
5G NR,5G,20 Gbps,最长2公里,高,物联网、工业自动化,高通公司,https://www.qualcomm.com/,,
LoRaWAN,LPWAN,0.3 - 50 kbps,最长15公里,低,智能农业、环境监测,LoRa Alliance,https://lora-alliance.org/,,
Sigfox,LPWAN,100 bps,最长30公里,低,智能家居、资产追踪,Sigfox公司,https://www.sigfox.com/,,
4G LTE,4G,100 Mbps,最长80公里,中,视频会议、云计算,Strategy Analytics,https://www.strategyanalytics.com/,,
5G SA,5G,10 Gbps,最长1.5公里,高,增强现实、虚拟现实,GSM Association,https://www.gsma.com/,,
GPRS,2.5G,50 - 114 kbps,最长35公里,低,移动互联网、短消息服务,中国通信学会,https://www.cac.gov.cn/,,
卫星蜂窝网络,中等速率,最大2 Mbps,全球覆盖,高,偏远地区通信、应急服务,国际电信联盟,https://www.itu.int/,,
WCDMA,3G,384 kbps - 2 Mbps,最长30公里,中,移动互联网、视频通话,中国通信研究院,https://www.ctr.com.cn,,
CDMA2000,3G,300 kbps - 3 Mbps,最长40公里,中,语音电话、数据服务,中国工业和信息化部,https://zh.wikipedia.org/wiki/CDMA2000,,
LoRaWAN,LPWAN,0.3 kbps - 50 kbps,最长15公里,低,物联网、资产追踪,IoT Analytics,https://iot-analytics.com,,
4G LTE Advanced,4G,1 Gbps,最长150公里,高,高清视频、云计算,3GPP,https://www.3gpp.org,,
5G NR,5G,20 Gbps,最长2公里,高,智能制造、智慧城市,Gartner,https://www.gartner.com,,
TDD-LTE,4G,100 Mbps,最长80公里,中,移动宽带、家庭网络,ZDNet,https://www.zdnet.com,,
Sigfox,LPWAN,0.1 kbps - 100 kbps,最长50公里,低,智能家居、环境监测,Sigfox,https://www.sigfox.com,,
Multi-G,5G,5 Gbps,最长500米,高,虚拟现实、增强现实,Qualcomm,https://www.qualcomm.com,,
VHF Radio,卫星,取决于地点,最长500公里,高,航空通信、海上通信,国际民航组织,https://www.icao.int,,
6G,未来,100 Gbps,尚未确定,非常高,全息通信、深度学习,NIST,https://www.nist.gov,,
CDMA,2G,153 kbps,最长20公里,低,语音通话、短信服务,中国信息通信研究院,https://www.caid.gov.cn/,,
HSPA+,3G,42 Mbps,最长50公里,中,移动宽带、视频通话,GSMA,https://www.gsma.com/,,
WiMAX,4G,70 Mbps,最长15公里,中,无线宽带、企业网络,IEEE,https://www.ieee.org/,,
6G,6G,上行达到 1 Tbps,预计为 500 米,高,全息通信、智能交通,国际电信联盟,https://www.itu.int/,,
TETRA,专业集群,少于 20 kbps,最远30公里,低,公共安全、紧急服务,网络与通信科学杂志,https://www.journalofcommunications.com/,,
LoRaWAN,LPWA,0.3 kbps - 50 kbps,最长15公里,低,物联网、农业监控,LoRa Alliance,https://lora-alliance.org/,,
UWB,超宽带,数百 Mbps,通常10-30米,中,室内定位、智能家居,IEEE Spectrum,https://spectrum.ieee.org/,,
IMT-2020,5G,20 Gbps,最长500米,高,AR/VR、智能制造,全球移动通信系统协会,https://www.gsma.com/,,
NB-Internet,LPWAN,20 kbps,最长5公里,低,智慧农业、智能城市,中国科技部,https://www.most.gov.cn/,,
5G NR,5G,下载速度高达 10 Gbps,最长1公里,高,远程医疗、智慧物流,国际电信联盟,https://www.itu.int/,,
CDMA,3G,200 kbps - 3.1 Mbps,最长50公里,中,手机通信、数据服务,国家邮政局,https://www.spb.gov.cn,,
6G,6G,100 Gbps,最长500米,高,远程医疗、智能制造,中国科学院,https://www.cas.cn,,
HSPA+,3.5G,21 Mbps,最长30公里,中,移动视频、社交媒体,国际电信联盟,https://www.itu.int,,
LoRaWAN,LPWA,0.3 kbps - 50 kbps,最长15公里,低,智能农业、物联网,物联网世界,https://www.iotworld.com,,
FDD-LTE,4G,150 Mbps,最长75公里,中,家庭宽带、移动办公,中国电信,https://www.chinatelecom.com.cn,,
TDD-LTE,4G,300 Mbps,最长100公里,中,高清视频会议、在线教育,移动互联网研究中心,https://www.mircr.org,,
UMTS,3G,384 kbps - 2 Mbps,最长40公里,中,视频通话、移动游戏,中国科学院通信研究所,https://www.crl.ac.cn,,
eMTC,LPWA,1 Mbps,最长20公里,低,工业监控、智能电表,中国无线通信协会,https://www.cwca.org.cn,,
Satellite Communication,卫星通信,1 Mbps - 10 Mbps,不限,高,全球连接、偏远地区通信,卫星通信技术研究院,https://www.thu.edu.cn,,
WiMAX,无线宽带,70 Mbps,最长30公里,中,城市无线互联网接入、企业网络,国家无线宽带委员会,https://www.wirelessbroadband.org,,
卫星通信,中高频段,1 Mbps,最长2000公里,高,远程监控、灾难通信,中国科学院,https://www.cas.cn,,
HSPA+,3.5G,42 Mbps,最长30公里,中,移动互联网、在线视频,爱立信技术文档,https://www.ericsson.com,,
LTE-M,LPWA,1 Mbps,最长15公里,低,物联网设备、智能家居,华为技术有限公司,https://www.huawei.com,,
6G,6G,100 Gbps,最长500米,非常高,全息通信、极致虚拟现实,MIT科技评论,https://www.technologyreview.com,,
CDMA,2G,153 kbps,最长25公里,低,移动电话、数据服务,高通公司,https://www.qualcomm.com,,
FDD-LTE,4G,150 Mbps,最长80公里,中,智能手机、平板电脑,中国信息通信研究院,https://www.citicpr.com,,
V2X,车联网,20 Mbps,最长1公里,中,智能交通、自动驾驶,IEEE通讯杂志,https://ieeexplore.ieee.org,,
LoRaWAN,LPWA,50 kbps,最长25公里,低,农业监测、城市管理,LoRa联盟,https://lora-alliance.org,,
WiMAX,宽带,70 Mbps,最长50公里,中,城市宽带接入、企业网络,ITU电信标准化局,https://www.itu.int,,
DSRC,车载通信,27 Mbps,最长1公里,低,智能交通系统、车联网,美国交通部,https://www.transportation.gov,,
CDMA,2G,153 kbps,最长30公里,低,手机通话、GPS定位,国际电信联盟,https://www.itu.int,,
HSPA+,3.5G,42 Mbps,最长50公里,中,快速上网、视频通话,GSMA Intelligence,https://www.gsma.com,,
4G LTE-A,4G,1 Gbps,最长75公里,中,直播、在线学习,腾讯云,https://cloud.tencent.com,,
5G NR,5G,20 Gbps,最长500米,高,智慧医疗、无人机,华为技术有限公司,https://www.huawei.com,,
LoRaWAN,LPWAN,50 kbps,最长15公里,低,农业监测、资产追踪,物联网发展论坛,https://www.iota.org,,
IMT-2020,5G,10 Gbps,最长1公里,高,智能家居、工业自动化,中国通信研究院,https://www.itsc.org.cn,,
TD-SCDMA,3G,2 Mbps,最长40公里,中,手机通信、数据服务,中国电信,https://www.chinatelecom.com.cn,,
FDD-LTE,4G,150 Mbps,最长80公里,中,高带宽视频、在线游戏,中国移动,https://www.chinamobileltd.com,,
NFC,短距离通信,424 kbps,最长10厘米,低,移动支付、门禁系统,IEEE Communications Society,https://www.comsoc.org,,
TDD-LTE,4G,300 Mbps,最长60公里,中,高速移动数据、媒体流,国际无线通信技术协会,https://www.wirelessnetworks.org,,
CDMA,2G-3G,153 kbps - 2 Mbps,最长50公里,中,无线电话、数据服务,中国信息通信研究院,https://www.cnii.com.cn,,
WCDMA,3G,384 kbps - 2 Mbps,最长30公里,中,视频通话、移动互联网,Telecom Media Journal,https://www.tmj.com,,
HSPA+,3.5G,22 Mbps,最长40公里,中,移动宽带、网络冗余,GSMA,https://www.gsma.com,,
4G LTE-Advanced,4G,1 Gbps,最长120公里,中,IoT、高清视频,IDC,https://www.idc.com,,
LTE-M,LPWA,1 Mbps,最长15公里,低,智能穿戴设备、资产追踪,Verizon,https://www.verizon.com,,
5G NR,5G,20 Gbps,最长500米,高,工业自动化、增强现实,ITU,https://www.itu.int,,
LoRaWAN,LPWA,0.3 kbps - 50 kbps,最长15公里,低,智能农业、环境监测,LoRa Alliance,https://lora-alliance.org,,
5G IoT,5G,10 Gbps,最长1公里,高,自动化物流、城市基础设施,Deloitte,https://www2.deloitte.com,,
Satellite 5G,5G,100 Mbps,无距离限制,高,偏远地区连接、紧急救援,NASA,https://www.nasa.gov,,
FDD-LTE,4G,300 Mbps,最长100公里,中,移动商务、视频监控,Frost & Sullivan,https://www.frost.com,,
WCDMA,3G,384 kbps - 2 Mbps,最长30公里,中,移动电话、数据服务,中国信息通信研究院,https://www.ii-214.org,,
TDSCDMA,3G,2 Mbps,最长25公里,中,移动互联网、视频通话,TelecomDaily,https://www.telecomdaily.com,,
eMTC,LPWA,1 Mbps,最长20公里,低,物联网、智慧停车,中国移动,https://www.chinamobileltd.com,,
6G,未来网络,接近100 Gbps,预期可达500米,高,全息通信、智能制造,海外科技论坛,https://www.techforum.com,,
CDMA2000,3G,up to 3 Mbps,最长15公里,中,移动电话、无线宽带,港湾网络,https://www.gw.com,,
Starlink,卫星通信,50 Mbps - 150 Mbps,无限制,高,偏远地区的互联网接入,SpaceX,https://www.spacex.com/starlink,,
4G LTE Advanced,4G,最多1 Gbps,最长150公里,中,高清视频流、在线教育,高通公司,https://www.qualcomm.com,,
LoRaWAN,LPWA,0.3 kbps - 50 kbps,最长15公里,低,农业监测、智能城市服务,LoRa Alliance,https://lora-alliance.org,,
GPRS,2G,40 kbps - 100 kbps,最长35公里,低,短信服务、物联网,中国电信,https://www.chinatelecom.com.cn,,
CDMA,2G,153 kbps,最长50公里,中,语音通信、位置服务,美国联邦通信委员会,https://www.fcc.gov,,
WCDMA,3G,2 Mbps,最长30公里,中,移动互联网、数据传输,国际电信联盟,https://www.itu.int,,
HSPA+,3.5G,42 Mbps,最长35公里,中,高清视频通话、数据密集型应用,GSMA,https://www.gsma.com,,
LTE-A,4.5G,1 Gbps,最长120公里,高,超高清视频、物联网,Counterpoint Research,https://www.counterpointresearch.com,,
eMBB,5G,1-10 Gbps,最长500米,高,增强现实、实时流媒体,ZTE Corporation,https://www.zte.com.cn,,
mMTC,5G,100 kbps,最长10公里,低,智能家居、传感器网络,中国科学院,http://www.cas.cn,,
URLLC,5G,高达10 Gbps,最长1公里,高,工业自动化、无人机操作,Nokia,https://www.nokia.com,,
LoRaWAN,LPWAN,0.3-50 kbps,最长15公里,低,环境监测、城市基础设施,LoRa Alliance,https://lora-alliance.org,,
Fifth Generation Narrowband,5G,100 kbps - 1 Mbps,最长20公里,低,智能计量、物流追踪,研究机构Deloitte,https://www2.deloitte.com,,
Satellite IoT,卫星通信,100-500 kbps,全球覆盖,高,偏远地区通信、野外监测,SpaceX,https://www.spacex.com,,
WCDMA,3G,384 kbps - 2 Mbps,最长30公里,中,视频通话、移动互联网,GSMA,https://www.gsma.com,,
CDMA2000,3G,153 kbps - 3.1 Mbps,最长20公里,中,多媒体服务、数据传输,ITU,https://www.itu.int/en/ITU-T/technology/Pages/cdma2000.aspx,,
LoRaWAN,LPWAN,0.3 kbps - 50 kbps,最长15公里,低,物联网、智能农业,LoRa Alliance,https://lora-alliance.org,,
IMT-Advanced,4G,100 Mbps - 1 Gbps,最长50公里,高,高带宽应用、云计算,3GPP,https://www.3gpp.org,,
5G NR,5G,20 Gbps,最长2公里,高,智慧城市、增强现实,Gartner,https://www.gartner.com/en/research/methodologies,,
4G LTE-A,4G,300 Mbps - 1 Gbps,最长75公里,中,高清流媒体、实时游戏,Counterpoint Research,https://www.counterpointresearch.com,,
Ultra-Reliable Low Latency Communication (URLLC),5G,10 Mbps - 1 Gbps,最长1.5公里,高,工业自动化、远程医疗,IEEE Communications Society,https://www.comsoc.org,,
Sigfox,LPWAN,100 bps - 600 bps,最长50公里,低,智能家居、资产追踪,Sigfox,https://www.sigfox.com,,
GPRS,2G,40 kbps - 114 kbps,最长30公里,低,移动互联网，短消息服务,ITU,https://www.itu.int/en/ITU-T/focusgroups/5g/Pages/default.aspx,,
5G Private Networks,5G,up to 10 Gbps,最长3公里,高,制造业、物流,McKinsey & Company,https://www.mckinsey.com,,
WCDMA,3G,384 kbps - 2 Mbps,最长20公里,中,视频通话、移动互联网,中国信息通信研究院,https://www.cnii.com.cn,,
HSPA+,3.5G,42 Mbps,最长25公里,中,高清流媒体、在线游戏,GSMA,https://www.gsma.com,,
LTE-M,LPWA,1 Mbps,最长20公里,低,物联网设备、智能农业,中国通信标准化协会,https://www.ccsa.org.cn,,
IMT-2020,5G,20 Gbps,最长1公里,高,无人机控制、远程医疗,国际电信联盟,https://www.itu.int,,
UWB,超宽带,6.8 Gbps,最长30米,中,室内定位、短距离数据传输,IEEE,https://ieee.org,,
CBRS,共享频谱,限速因项目而异,最长15公里,中等,企业网络、农村宽带,FCC,https://www.fcc.gov,,
QAM,调变技术,可达100 Mbps,视环境而定,中,高速网络、媒体流,电子工业出版社,http://www.eepw.com.cn,,
eMBB,5G,高达1 Gbps,10公里以内,高,高清视频会议、AR/VR,中国移动,https://www.chinamobileltd.com,,
NBIoT,LPWA,100 kbps,最长15公里,低,智能停车、环境监测,阿里云,https://www.aliyun.com,,
IoT,LPWAN,数Kbps至数百Kbps,可达50公里,低,智能家居、工业自动化,Telecoms.com,https://www.telecoms.com,,
3G,WCDMA,384 kbps,最长30公里,中,移动互联网、视频通话,中国信息通信研究院,https://www.cai-icrc.cn/,,
TDD-LTE,4G,150 Mbps,最长70公里,中,高清流媒体、智能家居,全球移动通信系统协会,https://www.gsma.com/,,
Cat-M1,LPWA,1 Mbps,最长15公里,低,智能穿戴、车联网,工业和信息化部,http://www.miit.gov.cn/,,
5G NR,5G,20 Gbps,最长500米,高,远程医疗、智能交通,市场研究机构,https://www.statista.com/,,
GPRS,2G,35 - 171.2 kbps,最长30公里,低,传统移动服务、位置服务,中立电信研究中心,http://www.itu.int/,,
Edge,2.5G,100 - 250 kbps,最长40公里,中,移动互联网、短信服务,电信运营商报告,https://www.tubinge.com/,,
eMTC,LPWA,375 kbps,最长10公里,低,智能城市、物联网,中国物联网产业发展联盟,http://www.ciot.org.cn/,,
6G,6G,100 Gbps,预计超过1公里,极高,智慧生活、全息通信,未来网络创新研究中心,https://futureofnetwork.com/,,
Wi-Fi Calling,VoWiFi,取决于Wi-Fi质量,取决于Wi-Fi覆盖,低,语音通话、国际漫游,网络服务提供商报告,https://www.wi-fi.org/,,
WCDMA,3G,2 Mbps - 42 Mbps,最长30公里,中,移动电话、数据服务,中国移动通信集团,https://www.chinamobileltd.com/,,
TDD-LTE,4G,150 Mbps - 1 Gbps,最长70公里,中,宽带接入、在线视频,CNIA,https://www.cnia.org.cn/,,
Cat-M1,LPWAN,1 Mbps,最长15公里,低,资产跟踪、健康监测,中国信息产业网,https://www.cnii.com.cn/,,
6G,6G,超过100 Gbps,预计最长2公里,高,全息通讯、边缘计算,IEEE Spectrum,https://spectrum.ieee.org/,,
GPRS,2.5G,56 kbps - 114 kbps,最长40公里,低,短信、数据服务,Solaris Mobile,http://www.solarismobile.com/,,
VoLTE,4G,最大30 Mbps,最长60公里,中,语音通话、视频通话,GSMA,https://www.gsma.com/,,
E-VPN,5G,1 Gbps - 3 Gbps,最长500米,高,企业网络、云服务,ZTE,https://www.zte.com.cn/,,
HSPA+,3.5G,21 Mbps - 42 Mbps,最长50公里,中,视频流、社交网络,移动通信技术协会,https://www.ctia.org/,,
FDD-LTE,4G,100 Mbps - 1 Gbps,最长80公里,中,流媒体、在线教育,Fierce Wireless,https://www.fiercewireless.com/,,
DSRC,专用短程通信,up to 27 Mbps,最长1公里,中,车联网、智能交通,IEEE Communications Society,https://www.comsoc.org/,,
4G LTE-A,4G,1 Gbps,最长80公里,中,高分辨率视频、IoT设备,中国通信研究院,https://www.itu.int/en/ITU-T/Study-Groups/2017-2020/13/Pages/default.aspx,,
CAT-M1,LPWA,375 kbps,最长15公里,低,智能安防、资产管理,GSMA,https://www.gsma.com/iot/develop/cat-m/,,
5G NR,5G,20 Gbps,最长500米,高,智慧医疗、增强现实,国际电信联盟,https://www.itu.int/en/ITU-T/FutureNetworks/Pages/default.aspx,,
T-Cell,4G,150 Mbps,最长70公里,中,农业物联网、设备监控,农业部,http://www.moa.gov.cn/,,
UHF LTE,4G,50 Mbps,最长90公里,低,远程监控、户外活动,无线电管理局,https://www.fcc.gov/wireless,,
6G,6G,1 Tbps,未来可扩展,极高,全息通讯、智能交通,MIT Technology Review,https://www.technologyreview.com/,,
LPWA,低功耗广域网,100 kbps,最长20公里,低,环境监测、智能城市,中国科学院,http://www.cas.cn/,,
V2X,车联网,200 Mbps,最长1公里,中,自动驾驶、车载娱乐,交通部,http://www.mot.gov.cn/,,
Fifth Generation IoT (5Gi),IoT专用,5 Gbps,最长100公里,高,智能家居、工业自动化,IEEE,https://www.ieee.org/,,
Satellite 5G,卫星通信,50 Mb/s,无限制,高,偏远地区通信、紧急救援,SpaceX,https://www.spacex.com/,,
GPRS,2.5G,40 kbps - 100 kbps,最长30公里,低,数据传输、移动信息服务,中国移动通信集团,https://www.chinamobileltd.com,,
HSPA+,3.5G,12 Mbps - 42 Mbps,最长50公里,中,流媒体、实时游戏,国际电信联盟（ITU）,https://www.itu.int,,
LTE Advanced,4.5G,1 Gbps,最长80公里,高,高频宽应用、物联网,GSMA,https://www.gsma.com,,
5G NR,5G,20 Gbps,最长2公里,高,工业自动化、智能交通,高通公司,https://www.qualcomm.com,,
CDMA2000,3G,307 kbps,最长60公里,中,语音通话、移动数据,中国电信,https://www.chinatelecom.com.cn,,
SatCom,卫星通信,512 kbps - 2 Mbps,无限制,高,偏远地区通信、灾后恢复,国际卫星通信组织,https://www.itu.int/en/ITU-R/space/Pages/default.aspx,,
IMT-2020,5G,10 Gbps,最长1公里,高,超高清电视、虚拟现实,电子工业出版社,https://www.elecfans.com,,
4G LTE,4G,150 Mbps,最长30公里,中,快速网络接入、手机上网,中国联通,https://www.chinaunicom.com,,
WiMAX,4G,75 Mbps,最长50公里,中,城市宽带接入、移动办公,IEEE,https://www.ieee.org,,
3G,UMTS,384 kbps - 2 Mbps,最长50公里,中,移动互联网、语音通话,中国信息通信研究院,https://www.caict.ac.cn/,,
VoLTE,4G,70 Mbps,最长80公里,中,高清语音通话、视频通话,中国移动通信集团公司,https://www.chinamobileltd.com/,,
LAA,LTE,450 Mbps,最长50公里,中,高密度场景、热点网络,GSMA,https://www.gsma.com/,,
RedCap,5G,100 Mbps,最长500米,中,工业监控、资产追踪,IEEE Communications Society,https://www.comsoc.org/,,
6G,未来网络技术,1 Tbps,未知,高,全息通信、智能城市,未来网科技研究中心,https://www.futurewireless.org/,,
eMTC,LTE,1 Mbps,最长30公里,低,智能表计、物联网,中国电信研究院,http://www.ctri.cn/,,
FDD-LTE,LTE,300 Mbps,最长100公里,中,移动电视、极高清流媒体,通信世界网,https://www.cww.net.cn/,,
TDD-LTE,LTE,150 Mbps,最长80公里,中,公共网络、无线宽带,行业信息网站,https://www.industry-info.com/,,
Private 5G,5G,1 Gbps,最长2公里,高,企业专网、工业自动化,IDC Research,https://www.idc.com/,,
