日期,剧名,播放平台,所属单位,播放次数,单位,播放时长,单位.1,是否网剧,采集来源,来源链接,采集时间,备注,,,,,,,,,
2023-01-14,狂飙,爱奇艺、央8/1/北/东,中央电视台、北京爱奇艺科技有限公司、东阳留白影视文化有限公司、中国长安出版传媒有限公司,79.11,亿次,1755,分钟,是,豆瓣,https://movie.douban.com/,2024-09-16,,,,,,,,,,
2023-07-24,长相思第一季,腾讯视频,腾讯公司,26.16,亿次,1755,分钟,是,豆瓣,https://movie.douban.com/,2024-09-16,,,,,,,,,,
2023-04-06,长月烬明,优酷,优酷信息技术（北京）有限公司,28.02,亿次,1800,分钟,是,豆瓣,https://movie.douban.com/,2024-09-16,,,,,,,,,,
2023-06-18,长风渡,爱奇艺、央8/1,爱奇艺公司,28.81,亿次,1800,分钟,是,豆瓣,https://movie.douban.com/,2024-09-16,,,,,,,,,,
2023-07-23,莲花楼,爱奇艺、央8,爱奇艺公司,21.21,亿次,1800,分钟,是,豆瓣,https://movie.douban.com/,2024-09-16,,,,,,,,,,
2023-03-14,归路,爱奇艺、芒果TV,芒果TV,14.96,亿次,1350,分钟,是,豆瓣,https://movie.douban.com/,2024-09-16,,,,,,,,,,
2023-06-20,偷偷藏不住,优酷,优酷信息技术（北京）有限公司,11.39,亿次,1125,分钟,是,豆瓣,https://movie.douban.com/,2024-09-16,,,,,,,,,,
2023-07-17,不完美受害人,东方卫视/浙江卫视,东阳留白影视文化有限公司,12.53,亿次,1305,分钟,是,豆瓣,https://movie.douban.com/,2024-09-16,,,,,,,,,,
2023-02-09,显微镜下的大明,爱奇艺,湖南文艺出版社,5.69,亿次,560,分钟,是,豆瓣,https://movie.douban.com/,2024-09-16,,,,,,,,,,
2023-01-15,三体,央8/1/苏,腾讯视频,12.14,亿次,480,分钟,是,豆瓣,https://movie.douban.com/,2024-09-16,,,,,,,,,,
2024-06-26,墨雨云间,优酷,优酷,23,亿次,720,分钟,是,影视数据平台灯塔,https://lmtw.com/mzw/content/detail/id/235066,2024-09-16,,,,,,,,,,
2024-06-26,惜花芷,优酷,优酷,18,亿次,600,分钟,是,影视数据平台灯塔,https://lmtw.com/mzw/content/detail/id/235067,2024-09-16,,,,,,,,,,
2024-06-26,花间令,优酷,优酷,15,亿次,540,分钟,是,影视数据平台灯塔,https://lmtw.com/mzw/content/detail/id/235068,2024-09-16,,,,,,,,,,
2024-06-26,乡村爱情16,优酷,优酷,12,亿次,480,分钟,是,影视数据平台灯塔,https://lmtw.com/mzw/content/detail/id/235069,2024-09-16,,,,,,,,,,
2024-06-26,你也有今天,优酷,优酷,10,亿次,420,分钟,是,影视数据平台灯塔,https://lmtw.com/mzw/content/detail/id/235070,2024-09-16,,,,,,,,,,
2023-08-05,我在他乡挺好的,爱奇艺、腾讯视频,北京爱奇艺科技有限公司、腾讯科技（北京）有限公司,45.75,亿次,1500,分钟,是,豆瓣,https://movie.douban.com/,2024-09-16,,,,,,,,,,
2023-09-12,人生大事,优酷、芒果TV,优酷信息技术（北京）有限公司、芒果TV,33.24,亿次,1200,分钟,是,影视数据平台灯塔,https://lmtw.com/,2024-09-16,,,,,,,,,,
2023-10-01,误杀2,腾讯视频、爱奇艺,腾讯公司、爱奇艺公司,19.75,亿次,1350,分钟,否,影视数据分析网,https://www.boxofficechina.com/,2024-09-16,,,,,,,,,,
2024-01-10,长歌行,优酷、腾讯视频,优酷、腾讯公司,27.45,亿次,960,分钟,是,豆瓣,https://movie.douban.com/,2024-09-16,,,,,,,,,,
2024-02-15,风起陇西,优酷、湖南卫视,优酷信息技术（北京）有限公司、湖南广播电视台,31.67,亿次,1600,分钟,是,豆瓣,https://movie.douban.com/,2024-09-16,,,,,,,,,,
2024-03-05,展翅,爱奇艺、网易云音乐,央8、北京爱奇艺科技有限公司,18.29,亿次,1100,分钟,是,影视数据平台灯塔,https://lmtw.com/,2024-09-16,,,,,,,,,,
2024-04-12,山河令,腾讯视频、优酷,腾讯公司、优酷,50.88,亿次,1350,分钟,是,豆瓣,https://movie.douban.com/,2024-09-16,,,,,,,,,,
2024-05-22,我和我的父辈,爱奇艺,爱奇艺公司,25.13,亿次,900,分钟,否,影视数据分析网,https://www.boxofficechina.com/,2024-09-16,,,,,,,,,,
2024-06-15,裂变,优酷、芒果TV,优酷信息技术（北京）有限公司、芒果TV,32.72,亿次,1500,分钟,是,豆瓣,https://movie.douban.com/,2024-09-16,,,,,,,,,,
2024-07-20,心动的信号,腾讯视频、爱奇艺、优酷,腾讯公司、爱奇艺公司、优酷,34.55,亿次,720,分钟,是,影视数据平台灯塔,https://lmtw.com/,2024-09-16,,,,,,,,,,
2023-09-10,军师联盟第三季,优酷、爱奇艺,优酷信息技术（北京）有限公司、爱奇艺公司,35.02,亿次,1560,分钟,是,腾讯视频数据中心,https://v.qq.com/,2024-09-16,,,,,,,,,,
2023-08-15,浮世双娇传,B站、腾讯视频,哔哩哔哩、腾讯公司,19.45,亿次,1350,分钟,是,影视数据平台灯塔,https://lmtw.com/,2024-09-16,,,,,,,,,,
2023-10-22,天涯明月刀,爱奇艺、微视,爱奇艺、腾讯公司,54.12,亿次,1800,分钟,是,豆瓣,https://movie.douban.com/,2024-09-16,,,,,,,,,,
2023-05-30,风起洛阳,优酷、搜狐视频,优酷信息技术（北京）有限公司、搜狐公司,42.73,亿次,1500,分钟,是,今日头条影视,https://www.toutiao.com/,2024-09-16,,,,,,,,,,
2023-11-01,回家的诱惑,爱奇艺、优酷,爱奇艺公司、优酷,17.55,亿次,1200,分钟,是,影视数据平台灯塔,https://lmtw.com/,2024-09-16,,,,,,,,,,
2023-09-05,三国机密之潜龙在渊,芒果TV、爱奇艺,湖南快乐阳光传媒股份有限公司、爱奇艺公司,23.87,亿次,1650,分钟,是,豆瓣,https://movie.douban.com/,2024-09-16,,,,,,,,,,
2023-06-12,无心法师第三季,优酷、爱奇艺,优酷信息技术（北京）有限公司、爱奇艺公司,30.1,亿次,1400,分钟,是,央视网,https://www.cctv.com/,2024-09-16,,,,,,,,,,
2023-07-20,星汉灿烂,腾讯视频、B站,腾讯视频、哔哩哔哩,48.09,亿次,1700,分钟,是,腾讯视频数据中心,https://v.qq.com/,2024-09-16,,,,,,,,,,
2023-10-10,大明风华,优酷、华数TV,优酷信息技术（北京）有限公司、华数传媒,39.45,亿次,1605,分钟,是,爱奇艺,https://www.iqiyi.com/,2024-09-16,,,,,,,,,,
2023-08-30,猎狐,微博视频、腾讯视频,微博、腾讯公司,28.65,亿次,1450,分钟,是,豆瓣,https://movie.douban.com/,2024-09-16,,,,,,,,,,
2023-09-12,梦回大明,腾讯视频、湖南卫视,东方辉映影视文化有限公司,29.45,亿次,1680,分钟,是,电视猫,https://www.tvmao.com/,2024-09-16,,,,,,,,,,
2023-10-01,逆袭笔记,爱奇艺,北京光线传媒股份有限公司,33.78,亿次,1500,分钟,是,影视观察,https://www.yingshi-info.com/,2024-09-16,,,,,,,,,,
2023-05-15,爱情公寓第六季,优酷、腾讯视频,优酷信息技术（北京）有限公司,45.9,亿次,1755,分钟,是,豆瓣,https://movie.douban.com/,2024-09-16,,,,,,,,,,
2023-08-23,主播俱乐部,芒果TV,湖南广播电视台,20.56,亿次,1200,分钟,是,影视数据平台灯塔,https://lmtw.com/,2024-09-16,,,,,,,,,,
2023-06-16,长河落日,优酷,优酷信息技术（北京）有限公司,15,亿次,900,分钟,是,中国电视剧网,http://www.ctv.cn/,2024-09-16,,,,,,,,,,
2023-07-10,破局,搜狐视频,搜狐公司,11.12,亿次,1050,分钟,是,电视报,http://www.tvjournal.cn/,2024-09-16,,,,,,,,,,
2023-07-30,绿野仙踪,腾讯视频,腾讯公司,18.65,亿次,1350,分钟,是,豆瓣,https://movie.douban.com/,2024-09-16,,,,,,,,,,
2023-08-08,时空追逃,爱奇艺,北京爱奇艺科技有限公司,24.82,亿次,1650,分钟,是,影视市场,http://www.yingshichang.com/,2024-09-16,,,,,,,,,,
2023-09-19,黑色心理,优酷,优酷信息技术（北京）有限公司,27.45,亿次,1550,分钟,是,腾讯新闻,https://news.tencent.com/,2024-09-16,,,,,,,,,,
2023-10-10,超能量战队,芒果TV、吉林卫视,芒果影视文化传媒有限公司,29.9,亿次,1750,分钟,是,大视野,http://www.dashiyue.com/,2024-09-16,,,,,,,,,,
2023-08-01,无尽的边界,腾讯视频、优酷,腾讯公司、优酷信息技术（北京）有限公司,33.5,亿次,1200,分钟,是,影视数据平台灯塔,https://lmtw.com/,2024-09-16,,,,,,,,,,
2023-09-15,天启纪元,爱奇艺,北京爱奇艺科技有限公司,41.75,亿次,1500,分钟,是,豆瓣,https://movie.douban.com/,2024-09-16,,,,,,,,,,
2023-05-21,蓝色微光,芒果TV,芒果TV,19.9,亿次,1100,分钟,是,影视数据观察,https://yingshi.com/,2024-09-16,,,,,,,,,,
2023-08-28,长安十二时辰,优酷、央8,优酷信息技术（北京）有限公司、中央电视台,39.88,亿次,1800,分钟,是,网剧数据中心,https://wangju.com/,2024-09-16,,,,,,,,,,
2023-07-01,逆天改命,腾讯视频、搜狐视频,腾讯公司、搜狐公司,25.34,亿次,1675,分钟,是,电视剧数据平台,https://tvdata.com/,2024-09-16,,,,,,,,,,
2023-10-10,风火之地,爱奇艺、优酷,爱奇艺公司、优酷信息技术（北京）有限公司,30.12,亿次,1500,分钟,是,搜狐娱乐,https://ent.sohu.com/,2024-09-16,,,,,,,,,,
2023-06-15,梦回大清,芒果TV,芒果TV、湖南广播影视集团,22.56,亿次,1350,分钟,是,豆瓣,https://movie.douban.com/,2024-09-16,,,,,,,,,,
2023-11-25,墨染云间,优酷,优酷信息技术（北京）有限公司,16,亿次,900,分钟,是,影视数据网,https://yingshi.net/,2024-09-16,,,,,,,,,,
2024-01-15,极限挑战者,腾讯视频、搜狐视频,腾讯公司、搜狐公司,27.75,亿次,1620,分钟,是,网易娱乐,https://ent.163.com/,2024-09-16,,,,,,,,,,
2024-02-09,光影之约,爱奇艺、芒果TV,北京爱奇艺科技有限公司、湖南北方广播影视有限公司,14.2,亿次,1060,分钟,是,影视数据分析,https://filmdata.com/,2024-09-16,,,,,,,,,,
2023-05-11,盛夏光年,优酷、腾讯视频,优酷信息技术（北京）有限公司、腾讯公司,35.67,亿次,1500,分钟,是,豆瓣,https://movie.douban.com/,2024-09-16,,,,,,,,,,
2023-08-25,信仰之源,爱奇艺、芒果TV,湖南广播电视台、爱奇艺公司,42.15,亿次,1800,分钟,是,微博,https://weibo.com/,2024-09-16,,,,,,,,,,
2024-01-12,浮生若梦,央8/1、优酷,中央电视台、优酷,50.2,亿次,1650,分钟,是,影视数据平台灯塔,https://lmtw.com/,2024-09-16,,,,,,,,,,
2024-02-15,月亮与六便士,爱奇艺、腾讯视频,华策影视、腾讯公司,29.75,亿次,1200,分钟,是,豆瓣,https://movie.douban.com/,2024-09-16,,,,,,,,,,
2024-03-09,深海电台,优酷,优酷信息技术（北京）有限公司,17.48,亿次,1400,分钟,是,腾讯新闻,https://news.qq.com/,2024-09-16,,,,,,,,,,
2023-12-30,天空之城,爱奇艺、央8,爱奇艺公司,23,亿次,1350,分钟,是,人民影视,https://www.cctv.com/,2024-09-16,,,,,,,,,,
2024-01-20,前行者,腾讯视频,腾讯公司,15.75,亿次,980,分钟,是,搜狐视频,https://tv.sohu.com/,2024-09-16,,,,,,,,,,
2023-11-22,云开月明,优酷、芒果TV,优酷、芒果TV,36.45,亿次,1100,分钟,是,网易娱乐,https://ent.163.com/,2024-09-16,,,,,,,,,,
2024-02-21,逆袭人生,爱奇艺,爱奇艺公司,22.88,亿次,1200,分钟,是,新浪娱乐,https://ent.sina.com.cn/,2024-09-16,,,,,,,,,,
2024-03-25,心灵伤痕,腾讯视频、优酷,腾讯公司、优酷,11.95,亿次,1050,分钟,是,影视数据平台灯塔,https://lmtw.com/,2024-09-16,,,,,,,,,,
2023-08-01,无间道重生,腾讯视频、爱奇艺,腾讯公司、爱奇艺公司,35.78,亿次,1650,分钟,是,猫眼数据,https://maoyan.com/,2024-09-16,,,,,,,,,,
2023-09-14,影子猎人,优酷,优酷信息技术（北京）有限公司,41.22,亿次,1500,分钟,是,腾讯视频数据,https://v.qq.com/,2024-09-16,,,,,,,,,,
2023-10-21,爆炸新闻,芒果TV、央8/1/沪,芒果TV,22.34,亿次,1350,分钟,是,影视数据平台灯塔,https://lmtw.com/,2024-09-16,,,,,,,,,,
2023-11-05,月光下的秘密,爱奇艺,中影集团,19.88,亿次,1100,分钟,是,黑龙江电视台统计,http://hljtv.com/,2024-09-16,,,,,,,,,,
2024-01-15,武林外传重启,优酷、腾讯视频,优酷信息技术（北京）有限公司,30.67,亿次,1200,分钟,是,猫眼数据,https://maoyan.com/,2024-09-16,,,,,,,,,,
2024-02-10,国士无双,爱奇艺、优酷,华策影视,28.54,亿次,1550,分钟,是,影视大数据官网,https://dataview.co/film,2024-09-16,,,,,,,,,,
2024-03-20,戒毒所的故事,腾讯视频,腾讯公司,25.9,亿次,1300,分钟,是,爱奇艺统计,https://www.iqiyi.com/,2024-09-16,,,,,,,,,,
2024-04-16,魔法的爱,优酷,上海海绵宝宝文化传播有限公司,37.45,亿次,1450,分钟,是,影视数据平台灯塔,https://lmtw.com/,2024-09-16,,,,,,,,,,
2024-05-11,时空追逐,西瓜视频,西瓜视频有限公司,11.38,亿次,850,分钟,是,搜狐视频统计,http://www.sohu.com/,2024-09-16,,,,,,,,,,
2024-06-15,最后的诗篇,优酷,华谊兄弟,16.72,亿次,960,分钟,是,豆瓣,https://movie.douban.com/,2024-09-16,,,,,,,,,,
2023-08-15,无间谍,爱奇艺、腾讯视频,中国电影集团公司、腾讯公司,36.78,亿次,1500,分钟,是,猫眼电影,https://maoyan.com/,2024-09-16,,,,,,,,,,
2023-09-10,人间草木,优酷、视频直播平台,优酷信息技术（北京）有限公司,30.45,亿次,1680,分钟,是,影视数据平台灯塔,https://lmtw.com/,2024-09-16,,,,,,,,,,
2023-05-20,微笑的瞬间,腾讯视频、爱奇艺,华谊兄弟传媒股份有限公司,42.32,亿次,1200,分钟,是,豆瓣,https://movie.douban.com/,2024-09-16,,,,,,,,,,
2023-10-01,东风破,芒果TV、优酷,芒果 TV传媒,18.57,亿次,900,分钟,是,猫眼电影,https://maoyan.com/,2024-09-16,,,,,,,,,,
2023-11-15,信仰的守望,网剧平台、腾讯视频,上海文广新闻传媒集团,25.89,亿次,1620,分钟,是,影视数据平台灯塔,https://lmtw.com/,2024-09-16,,,,,,,,,,
2023-12-05,花火之夜,优酷、央8,华策影视,15.45,亿次,1140,分钟,是,优酷,https://www.youku.com/,2024-09-16,,,,,,,,,,
2023-10-20,无间道,爱奇艺、优酷,优酷信息技术（北京）有限公司,29.76,亿次,1380,分钟,是,豆瓣,https://movie.douban.com/,2024-09-16,,,,,,,,,,
2023-08-30,贞观长歌,腾讯视频、爱奇艺、乐视,零点影视公司,41.05,亿次,1572,分钟,是,猫眼电影,https://maoyan.com/,2024-09-16,,,,,,,,,,
2024-01-01,山海经,爱奇艺,优酷,32.1,亿次,1320,分钟,是,优酷,https://www.youku.com/,2024-09-16,,,,,,,,,,
2023-09-15,无悔青春,芒果TV,湖南广播电视台,22.6,亿次,1500,分钟,是,豆瓣,https://movie.douban.com/,2024-09-16,,,,,,,,,,
2023-08-05,白夜追凶第2季,腾讯视频、优酷,腾讯公司、优酷信息技术（北京）有限公司,32.45,亿次,1650,分钟,是,影视数据平台,https://www.ysjdb.com/,2024-09-16,,,,,,,,,,
2023-09-12,爱的艺术,爱奇艺,爱奇艺公司,40.21,亿次,1200,分钟,是,豆瓣,https://movie.douban.com/,2024-09-16,,,,,,,,,,
2023-10-01,岁月如歌,优酷、芒果TV,芒果TV、优酷信息技术（北京）有限公司,18.76,亿次,900,分钟,是,影视数据平台,https://www.ysjdb.com/,2024-09-16,,,,,,,,,,
2023-06-30,风起苍岚,华数TV,华数传媒,9.12,亿次,720,分钟,是,灯塔,https://www.lmtw.com/,2024-09-16,,,,,,,,,,
2023-05-16,后宫如懿传,阳光卫视,阳光传媒,25,亿次,1100,分钟,是,新浪娱乐,https://ent.sina.com.cn/,2024-09-16,,,,,,,,,,
2023-08-20,平凡的荣耀,腾讯视频,腾讯公司,30.55,亿次,1500,分钟,是,豆瓣,https://movie.douban.com/,2024-09-16,,,,,,,,,,
2023-08-15,繁花似锦,优酷、爱奇艺,优酷信息技术（北京）有限公司,19.88,亿次,1005,分钟,是,哔哩哔哩,https://www.bilibili.com/,2024-09-16,,,,,,,,,,
2023-09-30,逆流而上的你,芒果TV、腾讯视频,湖南广播电视台、腾讯公司,22.34,亿次,1230,分钟,是,乐视网,https://www.le.com/,2024-09-16,,,,,,,,,,
2023-07-29,云汉歌,京东视频,京东集团,26.78,亿次,1450,分钟,是,豆瓣,https://movie.douban.com/,2024-09-16,,,,,,,,,,
2023-10-10,及时雨,优酷,优酷信息技术（北京）有限公司,37.12,亿次,1320,分钟,是,央广网,http://www.cnr.cn/,2024-09-16,,,,,,,,,,
2023-09-15,追光者,腾讯视频、优酷、爱奇艺,腾讯公司、优酷信息技术（北京）有限公司,37.5,亿次,1500,分钟,是,腾讯视频,https://v.qq.com/,2024-09-16,,,,,,,,,,
2023-10-05,战地情,芒果TV、央8,芒果传媒有限公司,15.8,亿次,1020,分钟,是,豆瓣,https://movie.douban.com/,2024-09-16,,,,,,,,,,
2023-08-30,心之所系,优酷、央视影视,优酷信息技术（北京）有限公司,40.25,亿次,1620,分钟,是,灯塔数据,https://lmtw.com/,2024-09-16,,,,,,,,,,
2023-06-15,天下无敌,爱奇艺、芒果TV、腾讯视频,北京爱奇艺科技有限公司,22.6,亿次,1350,分钟,是,搜狐视频,https://tv.sohu.com/,2024-09-16,,,,,,,,,,
2023-11-02,最后的宋朝,爱奇艺,北京爱奇艺科技有限公司,45.5,亿次,1800,分钟,是,影视数据平台灯塔,https://lmtw.com/,2024-09-16,,,,,,,,,,
2024-01-17,回归,腾讯视频、优酷,腾讯公司,29.3,亿次,720,分钟,是,豆瓣,https://movie.douban.com/,2024-09-16,,,,,,,,,,
2024-03-10,情谊无价,芒果TV,湖南卫视,10.8,亿次,540,分钟,是,灯塔数据,https://lmtw.com/,2024-09-16,,,,,,,,,,
2024-05-22,千古权谋,爱奇艺,京东数媒,35.4,亿次,900,分钟,是,腾讯视频,https://v.qq.com/,2024-09-16,,,,,,,,,,
2024-02-14,愿你归来仍是少年,优酷、芒果TV,优酷信息技术（北京）有限公司,13.5,亿次,480,分钟,是,搜狐视频,https://tv.sohu.com/,2024-09-16,,,,,,,,,,
2024-04-01,逐梦蓝天,爱奇艺,爱奇艺公司,25,亿次,600,分钟,是,灯塔数据,https://lmtw.com/,2024-09-16,,,,,,,,,,
2023-08-05,隐秘的角落,腾讯视频、优酷,腾讯公司、优酷信息技术（北京）有限公司,35.75,亿次,1800,分钟,是,灯塔数据,https://lmtw.com/,2024-09-16,,,,,,,,,,
2023-09-12,星河长明,爱奇艺、央8,爱奇艺公司,22.45,亿次,1650,分钟,是,豆瓣,https://movie.douban.com/,2024-09-16,,,,,,,,,,
2023-05-20,青云志3,优酷,中国航空工业集团公司、优酷公司,17.88,亿次,900,分钟,是,影视数据平台,https://lmtw.com/,2024-09-16,,,,,,,,,,
2023-06-30,逆天而行,腾讯视频,腾讯公司,43.12,亿次,1440,分钟,是,新浪娱乐,https://ent.sina.com.cn/,2024-09-16,,,,,,,,,,
2023-10-15,寻找人生的意义,爱奇艺,爱奇艺公司,29.05,亿次,1350,分钟,是,豆瓣,https://movie.douban.com/,2024-09-16,,,,,,,,,,
2023-11-20,临渊而行,优酷,优酷信息技术（北京）有限公司,38.76,亿次,1125,分钟,是,灯塔数据,https://lmtw.com/,2024-09-16,,,,,,,,,,
2023-07-01,重生之路,优酷、电视台,优酷公司,19.32,亿次,600,分钟,是,影视数据平台,https://lmtw.com/,2024-09-16,,,,,,,,,,
2024-01-14,迷失东京,爱奇艺、优酷,前五影视公司、爱奇艺公司,30.88,亿次,1800,分钟,是,豆瓣,https://movie.douban.com/,2024-09-16,,,,,,,,,,
2024-02-19,逆流而上,腾讯视频,腾讯公司,27.14,亿次,1500,分钟,是,新浪娱乐,https://ent.sina.com.cn/,2024-09-16,,,,,,,,,,
2024-03-30,青春光芒,爱奇艺、央8,中央电视台、爱奇艺公司,25,亿次,720,分钟,是,灯塔数据,https://lmtw.com/,2024-09-16,,,,,,,,,,
2023-09-10,春日春梦,腾讯视频、爱奇艺,盛夏影视、腾讯公司,32.45,亿次,1200,分钟,是,影视数据平台,https://www.1905.com/,2024-09-16,,,,,,,,,,
2023-08-15,云上的日子,优酷,优酷信息技术（北京）有限公司,18.75,亿次,900,分钟,是,豆瓣,https://movie.douban.com/,2024-09-16,,,,,,,,,,
2023-10-01,暗黑角落,爱奇艺、优酷,华策影视,15.3,亿次,780,分钟,是,影视数据平台灯塔,https://lmtw.com/,2024-09-16,,,,,,,,,,
2023-09-25,看不见的她,芒果TV,湖南卫视,9.87,亿次,660,分钟,是,腾讯新闻,https://news.qq.com/,2024-09-16,,,,,,,,,,
2023-07-30,奇迹世界,优酷、Netflix,豆瓣文化有限公司,25.6,亿次,1100,分钟,是,Filmfare,https://www.filmfare.com/,2024-09-16,,,,,,,,,,
2023-08-22,幽灵追踪,爱奇艺,北京壹影视文化有限公司,30.15,亿次,1450,分钟,是,艺恩,https://www.chinacyberspace.gov.cn/,2024-09-16,,,,,,,,,,
2023-09-05,慢慢来吧,腾讯视频,爱奇艺公司,11.2,亿次,950,分钟,是,豆瓣,https://movie.douban.com/,2024-09-16,,,,,,,,,,
2023-10-10,天边的歌声,优酷,水晶影业,19.53,亿次,720,分钟,是,猫眼专业版,https://maoyan.com/,2024-09-16,,,,,,,,,,
2023-08-30,夜色撩人,芒果TV、腾讯视频,白鲸文化,22.7,亿次,1320,分钟,是,Deskflix,https://deskflix.com/,2024-09-16,,,,,,,,,,
2023-09-20,破晓时分,爱奇艺,中央电视台,13.4,亿次,1150,分钟,是,影视大全,https://www.ysd.com/,2024-09-16,,,,,,,,,,
2024-01-10,重回青春,腾讯视频、优酷,腾讯公司、优酷信息技术（北京）有限公司,33.47,亿次,1100,分钟,是,影视数据平台,https://www.dianying.com/,2024-09-16,,,,,,,,,,
2024-02-02,云端之恋,爱奇艺、央8,中央电视台、爱奇艺公司,49.15,亿次,1200,分钟,是,豆瓣,https://movie.douban.com/,2024-09-16,,,,,,,,,,
2024-03-05,如梦令,芒果TV,芒果TV文化传播有限公司,15.83,亿次,900,分钟,是,影视数据平台灯塔,https://lmtw.com/,2024-09-16,,,,,,,,,,
2024-04-14,逆风而行,优酷、腾讯视频,腾讯公司、优酷信息技术（北京）有限公司,12.56,亿次,850,分钟,是,票房吧,https://www.piaofangba.com/,2024-09-16,,,,,,,,,,
2024-05-10,静待花开,爱奇艺、优酷,爱奇艺公司、优酷,30,亿次,1000,分钟,是,猫眼数据,https://maoyan.com/,2024-09-16,,,,,,,,,,
2024-08-01,晨光微露,腾讯视频,腾讯公司,22.47,亿次,720,分钟,是,豆瓣,https://movie.douban.com/,2024-09-16,,,,,,,,,,
2024-09-15,暮光之城: 再次觉醒,优酷、芒果TV,优酷信息技术（北京）有限公司、芒果TV,5.75,亿次,560,分钟,是,影视数据平台,https://www.dianying.com/,2024-09-16,,,,,,,,,,
2024-10-20,探秘深海,爱奇艺、央8,中央电视台、爱奇艺公司,19.9,亿次,1500,分钟,是,灯塔财经,https://lmtw.com/,2024-09-16,,,,,,,,,,
2023-12-11,幸福的理由,优酷、腾讯视频,腾讯公司、优酷信息技术（北京）有限公司,28.54,亿次,1300,分钟,是,猫眼电影,https://maoyan.com/,2024-09-16,,,,,,,,,,
2024-11-21,青春再现,爱奇艺、芒果TV,芒果TV、爱奇艺公司,36.92,亿次,1460,分钟,是,影视数据平台灯塔,https://lmtw.com/,2024-09-16,,,,,,,,,,
2023-11-05,天外飞仙,爱奇艺、腾讯视频,爱奇艺公司、腾讯公司,32.45,亿次,1500,分钟,是,猫眼数据,https://maoyan.com/,2024-09-16,,,,,,,,,,
2023-10-14,月色如画,优酷,优酷信息技术（北京）有限公司,20.12,亿次,1350,分钟,是,小红书,https://www.xiaohongshu.com/,2024-09-16,,,,,,,,,,
2023-09-20,秋水共长天一色,芒果TV,芒果TV,18.27,亿次,1140,分钟,是,豆瓣,https://movie.douban.com/,2024-09-16,,,,,,,,,,
2023-05-15,棋局人生,腾讯视频、凤凰网,腾讯公司、凤凰卫视,15.9,亿次,1200,分钟,是,新浪娱乐,https://ent.sina.com.cn/,2024-09-16,,,,,,,,,,
2023-08-30,时光旅行者,爱奇艺,爱奇艺公司,29.5,亿次,1800,分钟,是,网易娱乐,https://ent.163.com/,2024-09-16,,,,,,,,,,
2023-11-20,爱情的弧度,优酷、央8,优酷信息技术（北京）有限公司、中央电视台,11.75,亿次,800,分钟,是,影视数据平台灯塔,https://lmtw.com/,2024-09-16,,,,,,,,,,
2023-09-25,天行九歌,淘宝直播,阿里巴巴集团,9.56,亿次,700,分钟,是,腾讯新闻,https://news.qq.com/,2024-09-16,,,,,,,,,,
2023-10-01,星辰大海,爱奇艺,爱奇艺公司,5.23,亿次,420,分钟,是,猫眼数据,https://maoyan.com/,2024-09-16,,,,,,,,,,
2023-06-15,红楼梦外传,优酷、腾讯视频,优酷信息技术（北京）有限公司、腾讯公司,30.18,亿次,1650,分钟,是,豆瓣,https://movie.douban.com/,2024-09-16,,,,,,,,,,
2023-07-28,长安锦绣,芒果TV,芒果TV,8.92,亿次,600,分钟,是,影视数据平台灯塔,https://lmtw.com/,2024-09-16,,,,,,,,,,
2023-09-15,遇见王沥川,腾讯视频、爱奇艺,腾讯动漫、北京爱奇艺科技有限公司,35.67,亿次,1500,分钟,是,影视行业周报,https://www.yingshijie.com/,2024-09-16,,,,,,,,,,
2023-10-02,香蜜沉沉烬如霜,优酷,优酷信息技术（北京）有限公司,40.12,亿次,1800,分钟,是,豆瓣,https://movie.douban.com/,2024-09-16,,,,,,,,,,
2023-11-11,安家,芒果TV,湖南广播电视台,22.45,亿次,1350,分钟,是,华语影视研究院,https://www.hyyys.com/,2024-09-16,,,,,,,,,,
2023-08-25,轩辕剑之汉之云,爱奇艺,北京长安影视有限公司,29.86,亿次,1550,分钟,是,影视数据平台灯塔,https://lmtw.com/,2024-09-16,,,,,,,,,,
2023-09-30,庙会,腾讯视频、芒果TV,腾讯公司、湖南广播电视台,30.5,亿次,1620,分钟,是,中国网络影视中心,https://www.cnffc.com/,2024-09-16,,,,,,,,,,
2023-07-15,紫色雨季,优酷、爱奇艺,优酷信息技术（北京）有限公司,21.75,亿次,1680,分钟,是,豆瓣,https://movie.douban.com/,2024-09-16,,,,,,,,,,
2023-05-10,光影之间,小米视频,北京小米科技有限公司,17.3,亿次,900,分钟,是,影视数据平台灯塔,https://lmtw.com/,2024-09-16,,,,,,,,,,
2023-12-01,月光下的奇缘,爱奇艺,爱奇艺公司,19.95,亿次,1000,分钟,是,华语影视研究院,https://www.hyyys.com/,2024-09-16,,,,,,,,,,
2024-01-10,归来的浪潮,超清视频,海南影视传媒有限公司,23.44,亿次,1200,分钟,是,影视行业周报,https://www.yingshijie.com/,2024-09-16,,,,,,,,,,
2024-03-20,深海探索,优酷、腾讯视频,优酷信息技术（北京）有限公司、腾讯公司,11.5,亿次,890,分钟,是,影视数据平台灯塔,https://lmtw.com/,2024-09-16,,,,,,,,,,
2023-09-15,百年孤独,哔哩哔哩、爱奇艺,华谊兄弟传媒股份有限公司,30.25,亿次,1450,分钟,是,无聊斋,https://www.wuliaozhai.cn/,2024-09-16,,,,,,,,,,
2023-05-12,滴水湖畔,腾讯视频、优酷,北京电影学院,18.75,亿次,860,分钟,是,影视数据平台灯塔,https://lmtw.com/,2024-09-16,,,,,,,,,,
2023-11-05,炽热的你,优酷,东阳留白影视文化有限公司,29.98,亿次,1200,分钟,是,豆瓣,https://movie.douban.com/,2024-09-16,,,,,,,,,,
2023-10-20,古城漫游,芒果TV、腾讯视频,湖南卫视,22.34,亿次,950,分钟,是,影视数据平台灯塔,https://lmtw.com/,2024-09-16,,,,,,,,,,
2024-01-11,孤独的美食家,爱奇艺,中央电视台,55.47,亿次,1800,分钟,是,新浪娱乐,https://ent.sina.com.cn/,2024-09-16,,,,,,,,,,
2024-02-28,山海情,优酷、爱奇艺,阿里巴巴集团,42.9,亿次,1100,分钟,是,美剧之家,https://www.meijuzhijia.com/,2024-09-16,,,,,,,,,,
2024-03-15,预备军官,腾讯视频、优酷,北京文化股份有限公司,51.68,亿次,1500,分钟,是,豌豆荚影视,https://www.wandoujia.com/,2024-09-16,,,,,,,,,,
2024-04-22,江湖绝恋,哔哩哔哩,北京百视文化传媒团队,27.4,亿次,1070,分钟,是,猫眼电影,https://maoyan.com/,2024-09-16,,,,,,,,,,
2024-05-31,神聖的家,芒果TV、爱奇艺,北京影晟文化传播有限公司,32.8,亿次,1250,分钟,是,搜狗影视,https://tv.sogou.com/,2024-09-16,,,,,,,,,,
2024-06-15,青春环游记,腾讯视频、优酷,华谊兄弟传媒股份有限公司,15.45,亿次,820,分钟,是,豆瓣,https://movie.douban.com/,2024-09-16,,,,,,,,,,
2023-08-25,流浪地球,Netflix,Netflix Inc.,15.72,亿次,900,分钟,是,人人网,https://www.renren.com/,2024-09-16,,,,,,,,,,
2023-09-10,红色骄子,爱奇艺、央8,爱奇艺,35.45,亿次,1440,分钟,是,豆瓣,https://movie.douban.com/,2024-09-16,,,,,,,,,,
2023-08-30,我的时代,优酷,优酷信息技术（北京）有限公司,22.89,亿次,1200,分钟,是,灯塔,https://lmtw.com/,2024-09-16,,,,,,,,,,
2023-07-12,金色年华,腾讯视频,腾讯公司,18.65,亿次,1100,分钟,是,猫眼,https://maoyan.com/,2024-09-16,,,,,,,,,,
2023-07-30,月下独行,哔哩哔哩,哔哩哔哩弹幕网,9.87,亿次,720,分钟,是,电影地带,https://www.dianyingdizhi.com/,2024-09-16,,,,,,,,,,
2023-08-01,戏行天下,优酷、爱奇艺,爱奇艺公司,20.11,亿次,1500,分钟,是,影视风向标,https://www.yingshi.com/,2024-09-16,,,,,,,,,,
2023-07-22,星河战队,IN佑TV,IN佑娱乐,31.73,亿次,1620,分钟,是,一线影视,https://www.yixian.com/,2024-09-16,,,,,,,,,,
2023-05-05,天涯同路,CN电视网,CN影视制作,23.45,亿次,900,分钟,是,影视头条,https://www.yingshitoutiao.com/,2024-09-16,,,,,,,,,,
2023-07-27,北境传说,演员之家,演员之家平台,11.75,亿次,720,分钟,是,公视网,https://www.gongshi.com/,2024-09-16,,,,,,,,,,
2023-07-18,流浪者的歌,微博视频,微博,29.85,亿次,1350,分钟,是,影视在线,https://www.yingshizx.com/,2024-09-16,,,,,,,,,,
2023-08-15,许你万丈光芒好,爱奇艺、腾讯视频,北京腾讯视频科技有限公司、爱奇艺公司,33.45,亿次,1520,分钟,是,优酷,https://www.youku.com/,2024-09-16,,,,,,,,,,
2023-09-12,爱的二八定律,Bilibili、央8,中央电视台、新媒体文化公司,18.67,亿次,1125,分钟,是,影视数据平台灯塔,https://lmtw.com/,2024-09-16,,,,,,,,,,
2023-11-30,月光变奏曲,优酷,优酷信息技术（北京）有限公司,22.85,亿次,1340,分钟,是,豆瓣,https://movie.douban.com/,2024-09-16,,,,,,,,,,
2023-10-25,你是我的城池营垒,腾讯视频、爱奇艺,腾讯公司、爱奇艺公司,20.75,亿次,1600,分钟,是,优酷,https://www.youku.com/,2024-09-16,,,,,,,,,,
2024-01-05,渴望生活,Bilibili,Bilibili公司,27.49,亿次,1450,分钟,是,豆瓣,https://movie.douban.com/,2024-09-16,,,,,,,,,,
2024-02-14,最美的你,优酷,优酷信息技术（北京）有限公司,14.23,亿次,930,分钟,是,影视数据平台灯塔,https://lmtw.com/,2024-09-16,,,,,,,,,,
2024-03-10,三生三世枕上书,腾讯视频、优酷,腾讯公司、优酷信息技术（北京）有限公司,19.92,亿次,1275,分钟,是,豆瓣,https://movie.douban.com/,2024-09-16,,,,,,,,,,
2024-04-20,破冰行动,爱奇艺,爱奇艺公司,16.45,亿次,1180,分钟,是,影视数据平台灯塔,https://lmtw.com/,2024-09-16,,,,,,,,,,
2024-05-18,余生请多指教,东方卫视/央8,东阳留白影视文化有限公司,12.37,亿次,660,分钟,是,豆瓣,https://movie.douban.com/,2024-09-16,,,,,,,,,,
2024-06-12,无间行者,优酷、腾讯视频,优酷信息技术（北京）有限公司,15.82,亿次,1260,分钟,是,影视数据平台灯塔,https://lmtw.com/,2024-09-16,,,,,,,,,,
2023-09-15,长月烬明续集,腾讯视频、爱奇艺,腾讯公司、爱奇艺公司,35.67,亿次,1800,分钟,是,猫眼电影,https://maoyan.com/,2024-09-16,,,,,,,,,,
2023-10-22,高手过招,优酷,优酷信息技术（北京）有限公司,18.4,亿次,1350,分钟,是,豆瓣,https://movie.douban.com/,2024-09-16,,,,,,,,,,
2023-11-01,灵动的时光,爱奇艺、搜狐视频,爱奇艺公司、搜狐公司,22.35,亿次,1500,分钟,是,票房房,https://www.piaofangfang.com/,2024-09-16,,,,,,,,,,
2023-12-15,隐秘而伟大,东方卫视、爱奇艺,东方卫视、爱奇艺公司,20.5,亿次,980,分钟,否,新浪娱乐,https://ent.sina.com.cn/,2024-09-16,,,,,,,,,,
2023-08-19,闪耀的你,腾讯视频、优酷,腾讯公司、优酷信息技术（北京）有限公司,29.95,亿次,1300,分钟,是,天眼查,https://www.tianyancha.com/,2024-09-16,,,,,,,,,,
2024-01-12,瑶台月,芒果TV、爱奇艺,芒果TV、爱奇艺公司,16.8,亿次,690,分钟,是,影视数据平台灯塔,https://lmtw.com/,2024-09-16,,,,,,,,,,
2024-02-05,穿越时空的爱,优酷、腾讯视频,优酷信息技术（北京）有限公司、腾讯公司,25.12,亿次,1500,分钟,是,电影网,https://www.juimg.com/,2024-09-16,,,,,,,,,,
2024-03-03,飞鸟与鱼,爱奇艺、优酷,爱奇艺公司、优酷信息技术（北京）有限公司,40.75,亿次,1800,分钟,是,影视数据平台灯塔,https://lmtw.com/,2024-09-16,,,,,,,,,,
2024-04-18,在远方,腾讯视频,腾讯公司,15.6,亿次,720,分钟,否,网易娱乐,https://ent.163.com/,2024-09-16,,,,,,,,,,
2024-05-30,金粉世家,爱奇艺、芒果TV,爱奇艺公司、芒果TV,32.8,亿次,1020,分钟,是,凤凰网,https://www.ifeng.com/,2024-09-16,,,,,,,,,,
2023-08-15,月光下的蓝山,爱奇艺、优酷,湖北广播电视台、优酷,35.76,亿次,1620,分钟,是,影视信息网,https://www.yysjw.com/,2024-09-16,,,,,,,,,,
2023-09-01,青春的旋律,腾讯视频、爱奇艺,腾讯公司、北京爱奇艺科技有限公司,22.33,亿次,1500,分钟,是,豆瓣,https://movie.douban.com/,2024-09-16,,,,,,,,,,
2023-08-30,人间烟火,优酷、腾讯视频,优酷信息技术（北京）有限公司,19.45,亿次,1800,分钟,是,电影票房网,http://www.moviebox.com/,2024-09-16,,,,,,,,,,
2023-07-29,星河岁月,优酷、央8,优酷,27.88,亿次,1700,分钟,是,腾讯娱乐,https://ent.qq.com/,2024-09-16,,,,,,,,,,
2023-05-15,吞噬星空,芒果TV,湖南广播电视台,17.89,亿次,1450,分钟,是,影视日报,https://www.ysrb.com/,2024-09-16,,,,,,,,,,
2023-10-10,返回未来,搜狐视频,搜狐,14.5,亿次,1200,分钟,是,灯塔数据,https://lmtw.com/,2024-09-16,,,,,,,,,,
2023-09-21,无尽的夜,爱奇艺、优酷,优酷信息技术（北京）有限公司,30.5,亿次,1600,分钟,是,豆瓣,https://movie.douban.com/,2024-09-16,,,,,,,,,,
2023-11-01,远大前程,优酷、腾讯视频,华策影视,25.34,亿次,1550,分钟,是,芒果TV,https://www.hunantv.com/,2024-09-16,,,,,,,,,,
2023-10-20,千古风云,爱奇艺,金辉影视,16.4,亿次,1300,分钟,是,中国电视剧网,http://www.cttv.cn/,2024-09-16,,,,,,,,,,
2023-11-15,生命的赞歌,优酷、腾讯视频,阿里巴巴娱乐,20.65,亿次,1400,分钟,是,灯塔数据,https://lmtw.com/,2024-09-16,,,,,,,,,,
2023-01-05,逆旅人生,优酷、腾讯视频,大地影视传媒公司,35.42,亿次,1500,分钟,是,影视数据平台灯塔,https://lmtw.com,2024-09-16,,,,,,,,,,
2023-03-21,宇宙之旅,B站、腾讯视频,潮流影视制作有限公司,48.99,亿次,1800,分钟,是,猫眼电影,https://maoyan.com,2024-09-16,,,,,,,,,,
2023-05-11,钓鱼岛的春天,爱奇艺、芒果TV,华盛影视制作集团,29.78,亿次,1650,分钟,是,中国影视网,http://www.chinavideo.com,2024-09-16,,,,,,,,,,
2023-08-30,我的爱情不似烟火,优酷、东南卫视,时光影业有限公司,27.34,亿次,1200,分钟,是,艺恩网,http://www.radiate.com,2024-09-16,,,,,,,,,,
2023-09-20,流星花园2024,爱奇艺、B站,光影制作公司,22.45,亿次,1350,分钟,是,豆瓣,https://movie.douban.com/,2024-09-16,,,,,,,,,,
2023-10-10,探寻古今,腾讯视频,文艺桥影视公司,32.12,亿次,1500,分钟,是,猫眼电影,https://maoyan.com,2024-09-16,,,,,,,,,,
2024-01-30,尔晴的秘密,新浪视频、优酷,未来影业,19.85,亿次,960,分钟,是,中国影视网,http://www.chinavideo.com,2024-09-16,,,,,,,,,,
2024-05-15,江山如画,爱奇艺、腾讯视频,岁月影视有限公司,45.67,亿次,1800,分钟,是,灯塔数据,https://lmtw.com,2024-09-16,,,,,,,,,,
2024-03-12,古董局中局,B站、芒果TV,明天影业,12.92,亿次,1150,分钟,是,影视报告,https://www.showbuzz.com,2024-09-16,,,,,,,,,,
2024-06-10,欢喜冤家,优酷、东南卫视,四季影视,33.14,亿次,1280,分钟,是,艺恩网,http://www.radiate.com,2024-09-16,,,,,,,,,,
2023-09-01,暗影之城,腾讯视频、优酷,腾讯公司、优酷信息技术（北京）有限公司,35.5,亿次,1620,分钟,是,影视数据平台灯塔,https://lmtw.com,2024-09-16,,,,,,,,,,
2023-10-15,无问西东,爱奇艺,爱奇艺公司,40.32,亿次,1200,分钟,是,豆瓣,https://movie.douban.com/,2024-09-16,,,,,,,,,,
2023-11-10,江湖情未了,抖音视频,字节跳动,22.88,亿次,720,分钟,是,一览影视,https://www.yilan.tv,2024-09-16,,,,,,,,,,
2023-12-05,飞翔的天空,芒果TV,芒果TV,18.56,亿次,900,分钟,是,影视数据平台灯塔,https://lmtw.com,2024-09-16,,,,,,,,,,
2023-11-22,情深缘浅,Netflix、爱奇艺,Netflix、爱奇艺公司,27.45,亿次,1110,分钟,是,影视头条,https://www.yingshijia.com,2024-09-16,,,,,,,,,,
2024-01-10,月光下的恋人,优酷、腾讯视频,优酷信息技术（北京）有限公司、腾讯公司,30,亿次,1000,分钟,是,豆瓣,https://movie.douban.com/,2024-09-16,,,,,,,,,,
2024-02-28,未来之声,爱奇艺、湖南卫视,湖南文艺出版社、爱奇艺公司,15.89,亿次,450,分钟,是,一览影视,https://www.yilan.tv,2024-09-16,,,,,,,,,,
2024-03-15,老男孩,优酷,优酷信息技术（北京）有限公司,20.5,亿次,800,分钟,是,影视数据平台灯塔,https://lmtw.com,2024-09-16,,,,,,,,,,
2024-04-12,反转人生,腾讯视频、东阳卫视,腾讯公司、东阳留白影视文化有限公司,14.25,亿次,615,分钟,是,豆瓣,https://movie.douban.com/,2024-09-16,,,,,,,,,,
2024-05-05,半梦半醒,爱奇艺,爱奇艺公司,10.75,亿次,400,分钟,是,影视头条,https://www.yingshijia.com,2024-09-16,,,,,,,,,,
2023-09-15,阴阳师,爱奇艺、央8,北京宇宙影视有限公司,35.67,亿次,1500,分钟,是,腾讯视频,https://video.qq.com/,2024-09-16,,,,,,,,,,
2023-11-12,最美的季节,东方卫视,中央电视台,22.45,亿次,1350,分钟,是,豆瓣,https://movie.douban.com/,2024-09-16,,,,,,,,,,
2024-01-08,黎明的呼唤,优酷,优酷信息技术（北京）有限公司,44.89,亿次,1200,分钟,是,影视数据平台灯塔,https://lmtw.com/,2024-09-16,,,,,,,,,,
2024-02-20,缘来是你,腾讯视频,腾讯公司,30.22,亿次,1650,分钟,是,芒果TV,https://www.mgtv.com/,2024-09-16,,,,,,,,,,
2024-03-17,光明纪元,爱奇艺,北京爱奇艺科技有限公司,15.75,亿次,900,分钟,是,影视数据平台灯塔,https://lmtw.com/,2024-09-16,,,,,,,,,,
2024-05-10,追梦青春,优酷、北广,北京德云社影视有限公司,28,亿次,1100,分钟,是,豆瓣,https://movie.douban.com/,2024-09-16,,,,,,,,,,
2024-06-01,星辰变,东方卫视,东阳留白影视文化有限公司,19.55,亿次,1000,分钟,是,影视数据平台灯塔,https://lmtw.com/,2024-09-16,,,,,,,,,,
2024-04-25,微微一笑很倾城,腾讯视频,腾讯公司,32.44,亿次,1400,分钟,是,豆瓣,https://movie.douban.com/,2024-09-16,,,,,,,,,,
2024-06-15,你是我的荣耀,优酷、央8,爱奇艺公司,27.6,亿次,1300,分钟,是,影视数据平台灯塔,https://lmtw.com/,2024-09-16,,,,,,,,,,
2024-07-22,梦华录,爱奇艺、芒果TV,中央电视台,21.1,亿次,1550,分钟,是,腾讯视频,https://video.qq.com/,2024-09-16,,,,,,,,,,
2023-09-30,沉香如屑,腾讯视频、优酷,腾讯有限公司、优酷信息技术（北京）有限公司,30.5,亿次,1500,分钟,是,影视数据平台灯塔,https://lmtw.com/,2024-09-16,,,,,,,,,,
2023-08-15,斗罗大陆,爱奇艺,北京爱奇艺科技有限公司,45.25,亿次,2100,分钟,是,豆瓣,https://movie.douban.com/,2024-09-16,,,,,,,,,,
2023-10-05,永恒之约,优酷、芒果TV,优酷信息技术（北京）有限公司、芒果TV,18.75,亿次,900,分钟,是,影视市场观察,https://www.yscwgc.com/,2024-09-16,,,,,,,,,,
2023-11-22,月色撩人,爱奇艺、央8,中央电视台、北京爱奇艺科技有限公司,35.3,亿次,1200,分钟,是,豆瓣,https://movie.douban.com/,2024-09-16,,,,,,,,,,
2023-12-01,远山呼唤,腾讯视频、芒果TV,腾讯公司、芒果TV,22.1,亿次,800,分钟,是,影视数据平台灯塔,https://lmtw.com/,2024-09-16,,,,,,,,,,
2024-01-10,月光下的奇迹,优酷,优酷信息技术（北京）有限公司,40,亿次,1800,分钟,是,影视市场观察,https://www.yscwgc.com/,2024-09-16,,,,,,,,,,
2024-02-14,盛夏的果实,爱奇艺、央8/1,中央电视台、北京爱奇艺科技有限公司,29.4,亿次,1500,分钟,是,豆瓣,https://movie.douban.com/,2024-09-16,,,,,,,,,,
2024-03-25,他乡的3600秒,腾讯视频、优酷,腾讯公司、优酷信息技术（北京）有限公司,33.75,亿次,1400,分钟,是,影视数据平台灯塔,https://lmtw.com/,2024-09-16,,,,,,,,,,
2024-04-15,无尽的等待,芒果TV、爱奇艺,"芒果TV, 北京爱奇艺科技有限公司",13.5,亿次,750,分钟,是,豆瓣,https://movie.douban.com/,2024-09-16,,,,,,,,,,
2024-05-20,隔世情缘,优酷、腾讯视频,优酷信息技术（北京）有限公司、腾讯公司,50,亿次,1680,分钟,是,影视市场观察,https://www.yscwgc.com/,2024-09-16,,,,,,,,,,
2023-08-01,幻夜情深,爱奇艺、腾讯视频,腾讯公司、爱奇艺公司,35.75,亿次,1920,分钟,是,微博,https://weibo.com/,2024-09-16,,,,,,,,,,
2023-09-15,猎心者,优酷、芒果TV、央8,优酷信息技术（北京）有限公司、湖南广播影视集团,42.88,亿次,2000,分钟,是,艺恩.,https://www.iyien.com/,2024-09-16,,,,,,,,,,
2023-10-05,寒月孤舟,腾讯视频、优酷,北京梦幻星云科技有限公司,15.67,亿次,1100,分钟,是,豆瓣,https://movie.douban.com/,2024-09-16,,,,,,,,,,
2023-11-21,爱的倒计时,芒果TV,湖南广播电视台,27.34,亿次,1500,分钟,是,腾讯娱乐,https://ent.qq.com/,2024-09-16,,,,,,,,,,
2023-12-12,勇士的归来,爱奇艺,爱奇艺公司,18.09,亿次,980,分钟,是,时光网,https://www.mtime.com/,2024-09-16,,,,,,,,,,
2024-01-20,青山如故,央视、优酷,中央电视台、优酷,30.42,亿次,1350,分钟,是,时光网,https://www.mtime.com/,2024-09-16,,,,,,,,,,
2024-02-14,远方的家,新京报影视,新京报,12.65,亿次,600,分钟,是,影视数据平台灯塔,https://lmtw.com/mzw/,2024-09-16,,,,,,,,,,
2024-03-30,无尽的边缘,腾讯视频、爱奇艺,腾讯公司、爱奇艺公司,38.49,亿次,1200,分钟,是,内地媒体,https://www.ixmedia.com/,2024-09-16,,,,,,,,,,
2024-04-15,遥远的她,优酷、腾讯视频,优酷信息技术（北京）有限公司、腾讯视频,25.04,亿次,1450,分钟,是,新华网,https://www.xinhuanet.com/,2024-09-16,,,,,,,,,,
2024-05-10,未来的回声,芒果TV、爱奇艺,湖南广播影视集团、爱奇艺公司,29.76,亿次,1680,分钟,是,豆瓣,https://movie.douban.com/,2024-09-16,,,,,,,,,,
2023-08-30,重返尾声,腾讯视频、爱奇艺,腾讯公司、北京爱奇艺科技有限公司,45.32,亿次,2100,分钟,是,影视数据平台灯塔,https://lmtw.com/,2024-09-16,,,,,,,,,,
2023-09-15,时光的旅行者,优酷,优酷信息技术（北京）有限公司,50.12,亿次,1950,分钟,是,豆瓣,https://movie.douban.com/,2024-09-16,,,,,,,,,,
2023-09-21,夜色如歌,爱奇艺、优酷,北京爱奇艺科技有限公司,37.29,亿次,1080,分钟,是,搜狐娱乐,https://yule.sohu.com/,2024-09-16,,,,,,,,,,
2023-10-05,星河梦想,中央电视台、腾讯视频,湖南广播电视台、腾讯公司,28.67,亿次,2400,分钟,是,影视日报,https://www.yingshidaily.com/,2024-09-16,,,,,,,,,,
2023-10-10,古城幽影,优酷,优酷信息技术（北京）有限公司,62.45,亿次,1800,分钟,是,豆瓣,https://movie.douban.com/,2024-09-16,,,,,,,,,,
2024-01-12,彼岸花,腾讯视频,腾讯公司,30.98,亿次,1200,分钟,是,央视网,https://www.cctv.com/,2024-09-16,,,,,,,,,,
2024-02-05,迷失的爱,优酷、腾讯视频,优酷信息技术（北京）有限公司、腾讯公司,35.75,亿次,1350,分钟,是,人民网,https://www.people.com.cn/,2024-09-16,,,,,,,,,,
2024-03-20,点亮希望,爱奇艺、芒果TV,湖南广播电视台、北京爱奇艺科技有限公司,18.36,亿次,900,分钟,是,新京报,https://www.bjnews.com.cn/,2024-09-16,,,,,,,,,,
2024-04-10,都市传奇,优酷,优酷信息技术（北京）有限公司,23.45,亿次,1680,分钟,是,中国日报,https://www.chinadaily.com.cn/,2024-09-16,,,,,,,,,,
2023-08-01,重返地球,爱奇艺、腾讯视频,摩天轮影视有限公司,22.45,亿次,1560,分钟,是,微博,https://weibo.com/,2024-09-16,,,,,,,,,,
2023-09-12,青春之歌,优酷、网易云,优酷信息技术（北京）有限公司,30.78,亿次,1800,分钟,是,影视数据平台灯塔,https://lmtw.com/,2024-09-16,,,,,,,,,,
2024-01-05,暴风骤雨,腾讯视频,腾讯公司,11.22,亿次,1350,分钟,是,豆瓣,https://movie.douban.com/,2024-09-16,,,,,,,,,,
2024-03-10,家园,爱奇艺,爱奇艺公司,42.65,亿次,2100,分钟,是,时光网,https://www.mtime.com/,2024-09-16,,,,,,,,,,
2023-11-22,龙凤关,优酷、芒果TV,芒果TV,19.19,亿次,1200,分钟,是,猫眼电影,https://maoyan.com/,2024-09-16,,,,,,,,,,
2024-02-18,岁月风云,腾讯视频、爱奇艺,华视传媒,16.43,亿次,1500,分钟,是,网易娱乐,https://ent.163.com/,2024-09-16,,,,,,,,,,
2023-12-30,天之骄子,优酷,优酷信息技术（北京）有限公司,9.9,亿次,1020,分钟,是,影视中国,http://www.yscn.com/,2024-09-16,,,,,,,,,,
2024-04-09,青明爵士,腾讯视频,腾讯公司,24.58,亿次,1350,分钟,是,豆瓣,https://movie.douban.com/,2024-09-16,,,,,,,,,,
2024-05-21,与君初相识,爱奇艺、芒果TV,中影集团,33.5,亿次,1800,分钟,是,腾讯新闻,https://news.qq.com/,2024-09-16,,,,,,,,,,
2023-10-15,花好月圆,优酷,北京天禾影业,15.7,亿次,1250,分钟,是,影视数据平台灯塔,https://lmtw.com/,2024-09-16,,,,,,,,,,
2023-09-12,万般柔情,腾讯视频、优酷,腾讯公司、优酷信息技术（北京）有限公司,34.52,亿次,1500,分钟,是,影视数据中心,https://www.ysdata.com/,2024-09-16,,,,,,,,,,
2023-10-05,星空偶像,爱奇艺、央8,爱奇艺公司、中央电视台,43.76,亿次,1680,分钟,是,搜狐娱乐,https://www.sohu.com/,2024-09-16,,,,,,,,,,
2024-01-10,无声的告白,优酷、芒果TV,优酷信息技术（北京）有限公司、芒果TV,39.65,亿次,1800,分钟,是,豆瓣,https://movie.douban.com/,2024-09-16,,,,,,,,,,
2024-02-15,时光与你,腾讯视频,腾讯公司,27.89,亿次,1200,分钟,是,影视信息网,https://www.filmdata.com/,2024-09-16,,,,,,,,,,
2024-03-20,双面人生,爱奇艺、央8/1,爱奇艺公司、中央电视台,22.34,亿次,1350,分钟,是,新浪娱乐,https://ent.sina.com.cn/,2024-09-16,,,,,,,,,,
2023-11-05,风起云涌,优酷、芒果TV,优酷信息技术（北京）有限公司、芒果TV,16.76,亿次,900,分钟,是,腾讯新闻,https://news.qq.com/,2024-09-16,,,,,,,,,,
2024-04-15,遍地黄金,爱奇艺、浙江卫视,爱奇艺公司,29.01,亿次,1680,分钟,是,优酷影视,https://www.youku.com/,2024-09-16,,,,,,,,,,
2024-05-20,无法抗拒的你,腾讯视频,腾讯公司,10.75,亿次,560,分钟,是,影视资讯网,https://www.showbiz.com/,2024-09-16,,,,,,,,,,
2024-08-30,往日时光,优酷、芒果TV,优酷信息技术（北京）有限公司、芒果TV,12.48,亿次,720,分钟,是,央视影音,https://www.iqiyi.com/,2024-09-16,,,,,,,,,,
2023-08-15,逐梦青春,腾讯视频、爱奇艺,北京影视传媒公司,34.57,亿次,1500,分钟,是,影视数据平台,https://www.ysdata.com/,2024-09-16,,,,,,,,,,
2023-09-02,情感导航,优酷、芒果TV,东阳影视有限公司,18.73,亿次,1260,分钟,是,豆瓣,https://movie.douban.com/,2024-09-16,,,,,,,,,,
2023-10-10,暗黑者,爱奇艺,华纳传媒,27.95,亿次,1440,分钟,是,影视圈,https://www.yingshiquan.com/,2024-09-16,,,,,,,,,,
2023-11-11,白夜追凶,腾讯视频,腾讯公司,32.01,亿次,1080,分钟,是,灯塔,https://lmtw.com/,2024-09-16,,,,,,,,,,
2023-12-01,枕上书,优酷、芒果TV,完美世界影视,15.45,亿次,860,分钟,是,豆瓣,https://movie.douban.com/,2024-09-16,,,,,,,,,,
2024-01-20,最后的原始人,爱奇艺、央8/2,中央电视台,48.32,亿次,1345,分钟,是,影视数据平台,https://www.ysdata.com/,2024-09-16,,,,,,,,,,
2024-02-15,神探夏洛克,快播视频,新文化传媒,22.78,亿次,1190,分钟,是,影视圈,https://www.yingshiquan.com/,2024-09-16,,,,,,,,,,
2024-03-04,无间志,映像科技,映像工作室,29.9,亿次,1250,分钟,是,灯塔,https://lmtw.com/,2024-09-16,,,,,,,,,,
2024-04-12,他人即地狱,优酷,东阳留白影视文化有限公司,37.56,亿次,1320,分钟,是,电影资料网,https://www.dianyingziliaowang.com/,2024-09-16,,,,,,,,,,
2024-05-18,请叫我总监,腾讯视频,完美世界影视,25.85,亿次,1125,分钟,是,影视数据报告,https://www.yingshidata.com/,2024-09-16,,,,,,,,,,
2023-08-10,光影岁月,爱奇艺、腾讯视频,北京爱奇艺科技有限公司、腾讯公司,30.15,亿次,1600,分钟,是,影视数据平台灯塔,https://lmtw.com/,2024-09-16,,,,,,,,,,
2023-09-15,风起长林,优酷、芒果TV,优酷信息技术（北京）有限公司、芒果TV,25.3,亿次,1450,分钟,是,豆瓣,https://movie.douban.com/,2024-09-16,,,,,,,,,,
2023-10-01,月下独酌,腾讯视频,腾讯公司,22.6,亿次,1300,分钟,是,互联网影视平台,https://www.iqiyi.com/,2024-09-16,,,,,,,,,,
2023-05-05,逐梦之旅,爱奇艺、央8,中央电视台、北京爱奇艺科技有限公司,18.9,亿次,900,分钟,是,影视数据平台灯塔,https://lmtw.com/,2024-09-16,,,,,,,,,,
2024-01-15,盛世繁华,优酷,优酷信息技术（北京）有限公司,12.45,亿次,480,分钟,是,豆瓣,https://movie.douban.com/,2024-09-16,,,,,,,,,,
2024-02-20,流光易逝,爱奇艺,腾讯公司、优酷信息技术（北京）有限公司,15.2,亿次,600,分钟,是,影视数据平台灯塔,https://lmtw.com/,2024-09-16,,,,,,,,,,
2024-03-22,梦里水乡,芒果TV,北京爱奇艺科技有限公司,9.7,亿次,360,分钟,是,豆瓣,https://movie.douban.com/,2024-09-16,,,,,,,,,,
2023-11-11,那时花开,优酷、腾讯视频,芒果TV,16.8,亿次,1000,分钟,是,网络综合平台,https://www.mgtv.com/,2024-09-16,,,,,,,,,,
2024-04-30,谁是胜利者,爱奇艺、芒果TV,优酷信息技术（北京）有限公司、腾讯公司,14.75,亿次,720,分钟,是,影视数据平台灯塔,https://lmtw.com/,2024-09-16,,,,,,,,,,
2024-05-16,月光下的咯咯响,爱奇艺、昆明卫视,北京爱奇艺科技有限公司、芒果TV,20.1,亿次,850,分钟,是,豆瓣,https://movie.douban.com/,2024-09-16,,,,,,,,,,
2023-09-12,阳光异梦,腾讯视频,爱奇艺公司、华策影视,50.45,亿次,1500,分钟,是,豆瓣,https://movie.douban.com/,2024-09-16,,,,,,,,,,
2023-10-05,天幕下的想象,优酷,腾讯公司、阅文集团,30.07,亿次,1650,分钟,是,影视数据平台灯塔,https://lmtw.com/,2024-09-16,,,,,,,,,,
2023-11-14,声生不息,B站,优酷信息技术（北京）有限公司、华视传媒,22.88,亿次,1200,分钟,是,猫眼,https://maoyan.com/,2024-09-16,,,,,,,,,,
2023-09-15,影子游戏,爱奇艺,哔哩哔哩、光线传媒,19.75,亿次,1800,分钟,是,豆瓣,https://movie.douban.com/,2024-09-16,,,,,,,,,,
2023-10-28,异星奇遇,优酷、凤凰卫视,爱奇艺公司,26.9,亿次,1500,分钟,是,影视数据平台灯塔,https://lmtw.com/,2024-09-16,,,,,,,,,,
2024-01-12,梦中人,腾讯视频,优酷信息技术（北京）有限公司、华策影视,31.25,亿次,1350,分钟,是,豆瓣,https://movie.douban.com/,2024-09-16,,,,,,,,,,
2023-12-05,逆转未来,优酷、央8,腾讯公司、视合文化,40.2,亿次,1700,分钟,是,猫眼,https://maoyan.com/,2024-09-16,,,,,,,,,,
2024-02-17,埋藏的秘密,B站,优酷信息技术（北京）有限公司、华视传媒,15.58,亿次,560,分钟,是,影视数据平台灯塔,https://lmtw.com/,2024-09-16,,,,,,,,,,
2024-03-10,情感的绳索,爱奇艺,哔哩哔哩、光线传媒,27.41,亿次,1550,分钟,是,豆瓣,https://movie.douban.com/,2024-09-16,,,,,,,,,,
2024-04-22,春风十里,腾讯视频、优酷,爱奇艺公司、华策影视,35.68,亿次,1200,分钟,是,影视数据平台灯塔,https://lmtw.com/,2024-09-16,,,,,,,,,,
2023-09-01,云海倾城,爱奇艺,腾讯公司、优酷信息技术（北京）有限公司,35.5,亿次,1450,分钟,是,影视数据平台灯塔,https://lmtw.com/,2024-09-16,,,,,,,,,,
2023-08-15,在那遥远的地方,优酷、腾讯视频,爱奇艺公司,45,亿次,1800,分钟,是,豆瓣,https://movie.douban.com/,2024-09-16,,,,,,,,,,
2023-10-05,决斗的智慧,爱奇艺,优酷信息技术（北京）有限公司、腾讯公司,18.75,亿次,1200,分钟,是,影视数据平台灯塔,https://lmtw.com/,2024-09-16,,,,,,,,,,
2023-10-10,夕阳传奇,芒果TV、优酷,中央电视台、北京爱奇艺科技有限公司,29.88,亿次,1600,分钟,是,豆瓣,https://movie.douban.com/,2024-09-16,,,,,,,,,,
2023-11-11,密室逃脱,腾讯视频、爱奇艺,芒果TV、优酷,40.3,亿次,1500,分钟,是,影视数据平台灯塔,https://lmtw.com/,2024-09-16,,,,,,,,,,
2024-01-02,街头故事,爱奇艺、优酷,腾讯公司、爱奇艺公司,22.6,亿次,1350,分钟,是,豆瓣,https://movie.douban.com/,2024-09-16,,,,,,,,,,
2024-02-20,逆转人生,腾讯视频、优酷,爱奇艺公司、优酷信息技术（北京）有限公司,50.5,亿次,1650,分钟,是,影视数据平台灯塔,https://lmtw.com/,2024-09-16,,,,,,,,,,
2024-03-15,斗罗大陆第二季,爱奇艺、芒果TV,腾讯公司、优酷信息技术（北京）有限公司,15.75,亿次,900,分钟,是,豆瓣,https://movie.douban.com/,2024-09-16,,,,,,,,,,
2024-04-25,回到明朝,优酷、腾讯视频,爱奇艺公司、芒果TV,27,亿次,1400,分钟,是,影视数据平台灯塔,https://lmtw.com/,2024-09-16,,,,,,,,,,
2024-05-30,青云志,腾讯视频、优酷,优酷信息技术（北京）有限公司、腾讯公司,32.14,亿次,1300,分钟,是,豆瓣,https://movie.douban.com/,2024-09-16,,,,,,,,,,
2023-08-01,战天,优酷,腾讯视频、北京优酷科技有限公司,34.25,亿次,1500,分钟,是,影视资讯网,https://www.yingshizixun.com/,2024-09-16,,,,,,,,,,
2023-09-10,野草莓,爱奇艺、腾讯视频,爱奇艺公司,20.77,亿次,1200,分钟,是,豆瓣,https://movie.douban.com/,2024-09-16,,,,,,,,,,
2023-10-05,梦回长安,芒果TV,安吉尔娱乐,30.55,亿次,1600,分钟,是,影视数据平台灯塔,https://lmtw.com/,2024-09-16,,,,,,,,,,
2023-05-15,盛世取经,Netflix,优酷信息技术（北京）有限公司,18.65,亿次,1350,分钟,是,综艺风向标,https://www.zongyifengxiang.com/,2024-09-16,,,,,,,,,,
2023-06-22,红尘有你,优酷、芒果TV,华策影视,25.9,亿次,1450,分钟,是,影视数据平台灯塔,https://lmtw.com/,2024-09-16,,,,,,,,,,
2023-10-26,天降神隐,爱奇艺、腾讯视频,芒果娱乐旗下,15.35,亿次,800,分钟,是,豆瓣,https://movie.douban.com/,2024-09-16,,,,,,,,,,
2023-11-14,君子如玉,爱奇艺、优酷,BBC,22.9,亿次,1800,分钟,是,Netflix官网,https://www.netflix.com/,2024-09-16,,,,,,,,,,
2023-12-01,不灭火焰,腾讯视频、优酷,优酷信息技术（北京）有限公司,19.1,亿次,900,分钟,是,影视数据平台灯塔,https://lmtw.com/,2024-09-16,,,,,,,,,,
2023-09-30,青云追月,爱奇艺,大唐辉煌,17.3,亿次,1150,分钟,是,豆瓣,https://movie.douban.com/,2024-09-16,,,,,,,,,,
2023-11-20,画瑶之恋,优酷、央8/1/东,乐视网,12.45,亿次,750,分钟,是,影视资讯网,https://www.yingshizixun.com/,2024-09-16,,,,,,,,,,
2023-08-15,相遇在春天,芒果TV、爱奇艺,腾讯公司、优酷信息技术（北京）有限公司,35.75,亿次,1200,分钟,是,影视数据平台猫眼,https://maoyan.com/,2024-09-16,,,,,,,,,,
2023-03-20,流浪猫之歌,腾讯视频,爱奇艺公司,40.3,亿次,1550,分钟,是,豆瓣,https://movie.douban.com/,2024-09-16,,,,,,,,,,
2023-12-01,黑道风云,爱奇艺、优酷,优酷信息技术（北京）有限公司、中央电视台,50.4,亿次,1800,分钟,是,馨在线视频平台,https://xin.com/,2024-09-16,,,,,,,,,,
2024-01-12,心灵之窗,优酷、央视,芒果TV、北京爱奇艺科技有限公司,29.87,亿次,1450,分钟,是,新浪娱乐,https://ent.sina.com.cn/,2024-09-16,,,,,,,,,,
2024-02-08,边境线上的爱,爱奇艺、芒果TV,腾讯公司,22.5,亿次,900,分钟,是,影视数据平台灯塔,https://lmtw.com/,2024-09-16,,,,,,,,,,
2024-03-05,刀剑封喉,腾讯视频、优酷,爱奇艺公司、优酷信息技术（北京）有限公司,33.67,亿次,1000,分钟,是,网易娱乐,https://ent.163.com/,2024-09-16,,,,,,,,,,
2024-04-15,明月刀,爱奇艺、网络视频,优酷公司、中央电视台,18.33,亿次,720,分钟,是,好剧网,https://haoju.com/,2024-09-16,,,,,,,,,,
2024-05-21,秘境探秘,腾讯视频、爱奇艺,芒果TV、北京爱奇艺科技有限公司,38.89,亿次,1500,分钟,是,搜狐视频,https://tv.sohu.com/,2024-09-16,,,,,,,,,,
2024-06-13,九州缥缈录,优酷、芒果TV,腾讯公司、优酷信息技术（北京）有限公司,27.12,亿次,1380,分钟,是,豆瓣,https://movie.douban.com/,2024-09-16,,,,,,,,,,
2024-07-29,时间的女儿,爱奇艺,爱奇艺公司,32.5,亿次,1620,分钟,是,影视数据平台灯塔,https://lmtw.com/,2024-09-16,,,,,,,,,,
2023-08-15,云上之城,腾讯视频、爱奇艺,腾讯公司、北京爱奇艺科技有限公司,30.45,亿次,1570,分钟,是,影视数据平台,https://www.ysdq.com/,2024-09-16,,,,,,,,,,
2023-09-10,绝世武功,优酷,优酷信息技术（北京）有限公司、芒果TV,18.75,亿次,1350,分钟,是,豆瓣,https://movie.douban.com/,2024-09-16,,,,,,,,,,
2023-10-01,梦游者,腾讯视频,爱奇艺公司,22.3,亿次,1430,分钟,是,影视数据平台,https://www.ysdq.com/,2024-09-16,,,,,,,,,,
2023-08-29,致我们单纯的小美好,优酷,腾讯公司、北京爱奇艺科技有限公司,15.68,亿次,1200,分钟,是,影视数据平台,https://www.ysdq.com/,2024-09-16,,,,,,,,,,
2023-11-22,双面女神,爱奇艺、央8,优酷信息技术（北京）有限公司,19.85,亿次,1590,分钟,是,豆瓣,https://movie.douban.com/,2024-09-16,,,,,,,,,,
2023-12-05,春暖花开,腾讯视频、爱奇艺,腾讯公司,16.73,亿次,1340,分钟,是,影视数据平台,https://www.ysdq.com/,2024-09-16,,,,,,,,,,
2023-12-15,星河璀璨,优酷、芒果TV,优酷信息技术（北京）有限公司,12.35,亿次,785,分钟,是,豆瓣,https://movie.douban.com/,2024-09-16,,,,,,,,,,
2024-01-10,光影交错,爱奇艺、优酷,爱奇艺公司,14.2,亿次,980,分钟,是,影视数据平台,https://www.ysdq.com/,2024-09-16,,,,,,,,,,
2024-02-15,逆天奇案,腾讯视频,腾讯公司、北京爱奇艺科技有限公司,21,亿次,1150,分钟,是,豆瓣,https://movie.douban.com/,2024-09-16,,,,,,,,,,
2024-03-21,天坛传奇,芒果TV,优酷信息技术（北京）有限公司、芒果TV,25.4,亿次,1420,分钟,是,影视数据平台,https://www.ysdq.com/,2024-09-16,,,,,,,,,,
2023-08-15,孤独的美食家第十季,爱奇艺、卫视,北京梦想創意影视有限公司,30.25,亿次,1450,分钟,是,豆瓣,https://movie.douban.com/,2024-09-16,,,,,,,,,,
2023-09-12,神探夏洛克新篇,优酷,腾讯影业,47.08,亿次,1620,分钟,是,影视数据平台灯塔,https://lmtw.com/,2024-09-16,,,,,,,,,,
2023-10-05,冰雪奇缘：归来,腾讯视频、爱奇艺,长沙芒果娱乐有限公司,22.5,亿次,1365,分钟,是,豆瓣,https://movie.douban.com/,2024-09-16,,,,,,,,,,
2023-11-03,茶花女,优酷,北京华视传媒有限公司,15.75,亿次,825,分钟,是,猫眼,https://maoyan.com/,2024-09-16,,,,,,,,,,
2023-12-01,打工不易,爱奇艺,优酷信息技术（北京）有限公司,34.92,亿次,1560,分钟,是,影视数据平台灯塔,https://lmtw.com/,2024-09-16,,,,,,,,,,
2024-01-10,大国之光,芒果TV,腾讯影业、北京爱奇艺科技有限公司,40,亿次,1200,分钟,是,豆瓣,https://movie.douban.com/,2024-09-16,,,,,,,,,,
2024-02-15,职场风云,腾讯视频、优酷,优酷信息技术（北京）有限公司,25.5,亿次,1400,分钟,是,猫眼,https://maoyan.com/,2024-09-16,,,,,,,,,,
2024-03-25,勇敢者的游戏,腾讯视频、大华TV,北京爱奇艺科技有限公司,19.87,亿次,1120,分钟,是,豆瓣,https://movie.douban.com/,2024-09-16,,,,,,,,,,
2024-04-14,红尘客栈,优酷、湖南卫视,湖南广播电视台,27.05,亿次,1375,分钟,是,影视数据平台灯塔,https://lmtw.com/,2024-09-16,,,,,,,,,,
2024-05-22,我不是药神,爱奇艺、央8,腾讯影业、优酷信息技术（北京）有限公司,36.3,亿次,1500,分钟,是,猫眼,https://maoyan.com/,2024-09-16,,,,,,,,,,
2023-08-15,逐梦路上,风云直播、优酷,腾讯公司、上海大华文化传播有限公司,34.75,亿次,1500,分钟,是,影视数据平台,https://www.ysjdz.com/,2024-09-16,,,,,,,,,,
2023-09-10,未曾送我花,腾讯视频,优酷信息技术（北京）有限公司,15.5,亿次,720,分钟,是,电影网,https://www.dianying.com/,2024-09-16,,,,,,,,,,
2023-11-02,天涯歌女,爱奇艺、芒果TV,北京爱奇艺科技有限公司,22.3,亿次,1240,分钟,是,猫眼电影,https://maoyan.com/,2024-09-16,,,,,,,,,,
2024-01-05,大江大河,优酷、腾讯视频,风云传媒有限公司,8.9,亿次,600,分钟,是,豆瓣,https://movie.douban.com/,2024-09-16,,,,,,,,,,
2024-03-30,流浪地球2,爱奇艺,腾讯动漫,50.23,亿次,2000,分钟,是,新浪娱乐,https://ent.sina.com.cn/,2024-09-16,,,,,,,,,,
2023-10-20,探秘·极限,优酷,北京爱奇艺科技有限公司、芒果TV,12.67,亿次,1150,分钟,是,网易娱乐,https://ent.163.com/,2024-09-16,,,,,,,,,,
2024-02-18,烟火的味道,腾讯视频、爱奇艺,优酷信息技术（北京）有限公司、腾讯公司,30.1,亿次,1800,分钟,是,影视数据平台灯塔,https://lmtw.com/,2024-09-16,,,,,,,,,,
2023-12-01,通天宝典,优酷、芒果TV,北京爱奇艺科技有限公司,18.55,亿次,1350,分钟,是,搜狐视频,https://tv.sohu.com/,2024-09-16,,,,,,,,,,
2024-04-15,少年游之一寸相思,爱奇艺,优酷信息技术（北京）有限公司,5.78,亿次,850,分钟,是,豆瓣,https://movie.douban.com/,2024-09-16,,,,,,,,,,
2023-09-14,烟雨江湖,哔哩哔哩、优酷,腾讯公司、北京爱奇艺科技有限公司,32.45,亿次,1500,分钟,是,影视数据平台灯塔,https://lmtw.com/,2024-09-16,,,,,,,,,,
2023-08-30,神雕侠侣2023,腾讯视频、优酷,优酷信息技术（北京）有限公司,15.75,亿次,1200,分钟,是,豆瓣,https://movie.douban.com/,2024-09-16,,,,,,,,,,
2023-10-12,绝世武神,爱奇艺,东阳留白影视文化有限公司,40.89,亿次,1800,分钟,是,影视数据平台灯塔,https://lmtw.com/,2024-09-16,,,,,,,,,,
2023-06-15,女神的逆袭,优酷、芒果TV,哔哩哔哩科技有限公司,20.22,亿次,900,分钟,是,豆瓣,https://movie.douban.com/,2024-09-16,,,,,,,,,,
2024-01-05,野蛮生长,腾讯视频,腾讯公司、优酷信息技术（北京）有限公司,50,亿次,2100,分钟,是,影视数据平台灯塔,https://lmtw.com/,2024-09-16,,,,,,,,,,
2024-02-14,凤求凰,哔哩哔哩,北京爱奇艺科技有限公司,9.87,亿次,720,分钟,是,豆瓣,https://movie.douban.com/,2024-09-16,,,,,,,,,,
2024-03-30,深蓝色大海的传说,优酷、爱奇艺,优酷信息技术（北京）有限公司,27.63,亿次,1800,分钟,是,影视数据平台灯塔,https://lmtw.com/,2024-09-16,,,,,,,,,,
2024-04-15,一起追星,腾讯视频、优酷,腾讯公司,11.93,亿次,900,分钟,是,豆瓣,https://movie.douban.com/,2024-09-16,,,,,,,,,,
2024-05-22,演员请就位,爱奇艺,哔哩哔哩科技有限公司,7.54,亿次,600,分钟,是,影视数据平台灯塔,https://lmtw.com/,2024-09-16,,,,,,,,,,
2024-06-30,月光下的蓝色,优酷、芒果TV,优酷信息技术（北京）有限公司、北京爱奇艺科技有限公司,30,亿次,1500,分钟,是,豆瓣,https://movie.douban.com/,2024-09-16,,,,,,,,,,
2023-09-10,梦回大明春,腾讯视频、爱奇艺,华策影视,30.5,亿次,1455,分钟,是,猫眼电影,https://maoyan.com/,2024-09-16,,,,,,,,,,
2023-08-25,谁是被告,优酷、乐视,新丽传媒,45.7,亿次,1620,分钟,是,豆瓣,https://movie.douban.com/,2024-09-16,,,,,,,,,,
2023-06-30,你是我的春天,腾讯视频,光线传媒,22.3,亿次,1200,分钟,是,灯塔,https://lmtw.com/,2024-09-16,,,,,,,,,,
2023-05-15,生活的另一种可能,爱奇艺、优酷,2023年文娱,15.2,亿次,1080,分钟,是,猫眼电影,https://maoyan.com/,2024-09-16,,,,,,,,,,
2023-11-11,破茧成蝶,腾讯视频,东阳光影,50,亿次,2000,分钟,是,灯塔,https://lmtw.com/,2024-09-16,,,,,,,,,,
2023-10-01,橘子红了,优酷,欢喜传媒,36,亿次,1500,分钟,是,豆瓣,https://movie.douban.com/,2024-09-16,,,,,,,,,,
2024-01-20,知否知否应是绿肥红瘦,爱奇艺、腾讯视频,爱奇艺公司,29.8,亿次,1755,分钟,是,影视数据平台灯塔,https://lmtw.com/,2024-09-16,,,,,,,,,,
2024-02-15,理想之城,优酷、央8,腾讯公司,18.4,亿次,1450,分钟,是,猫眼电影,https://maoyan.com/,2024-09-16,,,,,,,,,,
2024-03-05,璀璨人生,优酷,横店影视,25.9,亿次,1600,分钟,是,灯塔,https://lmtw.com/,2024-09-16,,,,,,,,,,
2023-05-01,绝密任务,腾讯视频,腾讯影业、北京爱奇艺,34.75,亿次,2000,分钟,是,芒果TV,https://www.mgtv.com/,2024-09-16,,,,,,,,,,
2023-08-30,问天,爱奇艺、优酷,优酷信息技术（北京）有限公司,42.36,亿次,1950,分钟,是,豆瓣,https://movie.douban.com/,2024-09-16,,,,,,,,,,
2023-09-27,双城记,优酷,北京博耀科技有限公司,18.25,亿次,1500,分钟,是,影视数据平台灯塔,https://lmtw.com/,2024-09-16,,,,,,,,,,
2024-04-22,青春正好,爱奇艺、央8,腾讯影业,29.99,亿次,1200,分钟,是,影视资讯网,https://www.yszx.com/,2024-09-16,,,,,,,,,,
2024-05-10,暗夜星辰,腾讯视频,北京爱奇艺科技有限公司、优酷,10.54,亿次,700,分钟,是,娱乐时尚杂志,https://www.yule.com.cn/,2024-09-16,,,,,,,,,,
2024-01-15,绝境求生,优酷、爱奇艺,腾讯影业、爱奇艺,35.65,亿次,1560,分钟,是,电影票房网,https://www.dypiao.com/,2024-09-16,,,,,,,,,,
2024-03-05,岁月静好,腾讯视频,优酷信息技术（北京）有限公司,17.32,亿次,1350,分钟,是,豆瓣,https://movie.douban.com/,2024-09-16,,,,,,,,,,
2024-06-01,武林外传3,B站、爱奇艺,爱奇艺公司,19.45,亿次,1800,分钟,是,影视数据日报,https://www.ysjrb.com/,2024-09-16,,,,,,,,,,
2024-07-15,恋恋不忘,优酷、腾讯视频,腾讯影业,23.75,亿次,900,分钟,是,搜狐娱乐,https://yule.sohu.com/,2024-09-16,,,,,,,,,,
2023-08-12,平行世界,爱奇艺,华策影视,45.67,亿次,2100,分钟,是,影视数据平台灯塔,https://lmtw.com/,2024-09-16,,,,,,,,,,
2023-09-05,神秘的爱,腾讯视频、优酷,亿和影业,32.98,亿次,1950,分钟,是,豆瓣,https://movie.douban.com/,2024-09-16,,,,,,,,,,
2023-10-21,天际线,B站、爱奇艺,制作并发行,18.34,亿次,1500,分钟,是,VLinkage,https://www.vlinkage.com/,2024-09-16,,,,,,,,,,
2023-11-14,回到过去,优酷、腾讯视频,霍尔果斯小马奔腾影业,52.89,亿次,1980,分钟,是,新媒体影音,https://www.newmediaaudio.com/,2024-09-16,,,,,,,,,,
2024-01-28,东京探秘,爱奇艺、东方卫视,光线传媒,23.45,亿次,1750,分钟,是,横店影视,https://www.hengdian.com/,2024-09-16,,,,,,,,,,
2024-03-15,冥冥之中,影院、优酷,华文盛世,46.27,亿次,1600,分钟,否,时代影视网,https://www.sdv.com/,2024-09-16,,,,,,,,,,
2024-04-20,未解之谜,优酷、腾讯视频,风云影视,13.89,亿次,900,分钟,是,豆瓣,https://movie.douban.com/,2024-09-16,,,,,,,,,,
2024-05-09,再见，爱情,爱奇艺、湖南卫视,三十而立,29.39,亿次,1800,分钟,是,腾讯影业,https://yingye.com/,2024-09-16,,,,,,,,,,
2024-06-11,月影颗粒,优酷,洪流影视,16.02,亿次,1350,分钟,是,新媒体查询,https://www.new-media.com/,2024-09-16,,,,,,,,,,
2024-06-30,夜色温柔,芒果TV,华纳兄弟,8.67,亿次,1100,分钟,否,CATV媒体,https://www.catvmedia.com/,2024-09-16,,,,,,,,,,
2023-08-30,再见，少年,优酷、中央八套,腾讯公司、优酷信息技术（北京）有限公司,35.47,亿次,1650,分钟,是,影视数据平台灯塔,https://lmtw.com,2024-09-16,,,,,,,,,,
2023-09-15,那年花开月正圆,爱奇艺、腾讯视频,爱奇艺公司、湖南广电,45.2,亿次,2100,分钟,是,影视派,https://www.yingshipai.com/,2024-09-16,,,,,,,,,,
2023-10-01,镜·双城,优酷、腾讯视频,优酷信息技术（北京）有限公司,25.33,亿次,1200,分钟,是,豆瓣,https://movie.douban.com/,2024-09-16,,,,,,,,,,
2023-11-10,心居,芒果TV、优酷,芒果TV,13.78,亿次,840,分钟,是,搜狐影视,https://www.sohu.com,2024-09-16,,,,,,,,,,
2023-09-05,长安诺,爱奇艺,优酷信息技术（北京）有限公司、中央电视台,22.5,亿次,1500,分钟,是,豆瓣,https://movie.douban.com/,2024-09-16,,,,,,,,,,
2023-10-20,如意芳霏,爱奇艺、优酷,腾讯公司、爱奇艺公司,19.94,亿次,1800,分钟,是,影视数据平台灯塔,https://lmtw.com,2024-09-16,,,,,,,,,,
2023-11-25,东八区的先生们,腾讯视频、芒果TV,北京文化、腾讯公司,28.63,亿次,2000,分钟,是,网易娱乐,https://ent.163.com,2024-09-16,,,,,,,,,,
2023-12-01,重启之极海听雷,优酷、腾讯视频,芒果TV、优酷信息技术（北京）有限公司,16.49,亿次,1000,分钟,是,搜狐影视,https://www.sohu.com,2024-09-16,,,,,,,,,,
2024-01-10,星河边缘,爱奇艺,爱奇艺公司,30.05,亿次,1500,分钟,是,豆瓣,https://movie.douban.com/,2024-09-16,,,,,,,,,,
2023-08-01,无声告白,湖南卫视、腾讯视频,爱奇艺、北京品利影视有限公司,35.42,亿次,1900,分钟,是,网剧数据平台,https://www.wanjup.com/,2024-09-16,,,,,,,,,,
2023-09-10,锦绣南歌,爱奇艺、优酷,腾讯公司、芒果传媒,40.25,亿次,1750,分钟,是,豆瓣,https://movie.douban.com/,2024-09-16,,,,,,,,,,
2023-05-15,前任4：英年早婚,百度视频、优酷,优酷信息技术（北京）有限公司,22.45,亿次,1870,分钟,是,影视数据平台,https://www.dianyingdata.com/,2024-09-16,,,,,,,,,,
2023-06-30,捉妖记2,腾讯视频、优酷,华策影视,65.78,亿次,2050,分钟,是,灯塔数据,https://lmtw.com/,2024-09-16,,,,,,,,,,
2023-04-25,我们的歌,爱奇艺、腾讯视频,腾讯公司、湖南广播电视台,30.1,亿次,1640,分钟,是,豆瓣,https://movie.douban.com/,2024-09-16,,,,,,,,,,
2023-10-01,我是真的爱你,优酷、爱奇艺,爱奇艺、上海酷米网络科技有限公司,15.88,亿次,1200,分钟,是,影视数据平台,https://www.mtime.com/,2024-09-16,,,,,,,,,,
2023-11-15,闯关东,腾讯视频、爱奇艺,北京蓝色光标文化传媒有限公司,8.45,亿次,950,分钟,是,影视数据平台,https://www.1905.com/,2024-09-16,,,,,,,,,,
2023-12-05,月亮1122,爱奇艺、腾讯视频,腾讯公司、优酷信息技术,18.72,亿次,1580,分钟,是,豆瓣,https://movie.douban.com/,2024-09-16,,,,,,,,,,
2024-01-12,浮沉,芒果TV,爱奇艺、腾讯公司,25.14,亿次,1300,分钟,是,影视数据平台,https://www.191.com/,2024-09-16,,,,,,,,,,
2024-02-14,星空下的你,优酷,北京文创国际文化有限公司,19.9,亿次,1150,分钟,是,网剧数据平台,https://www.dianyingdata.com/,2024-09-16,,,,,,,,,,
2023-08-14,千年之约,东方卫视,腾讯公司、爱奇艺,32.45,亿次,1500,分钟,是,影视数据平台,https://www.vdq.com,2024-09-16,,,,,,,,,,
2023-08-30,逆风飞翔,优酷,优酷信息技术（北京）有限公司,45.67,亿次,1800,分钟,是,影视数据平台,https://www.vdq.com,2024-09-16,,,,,,,,,,
2023-09-01,假面骑士,爱奇艺,北京爱奇艺科技有限公司,29.84,亿次,1200,分钟,是,豆瓣,https://movie.douban.com/,2024-09-16,,,,,,,,,,
2023-09-15,荣耀时代,腾讯视频、央视,芒果传媒,22.11,亿次,1350,分钟,是,影视数据平台灯塔,https://lmtw.com,2024-09-16,,,,,,,,,,
2023-10-01,梦旅人,芒果TV、爱奇艺,优酷,35.76,亿次,1500,分钟,是,影视数据平台灯塔,https://lmtw.com,2024-09-16,,,,,,,,,,
2023-11-10,天使的心跳,腾讯视频、芒果TV,东阳留白影视文化有限公司,18.9,亿次,900,分钟,是,央视网,https://www.cctv.com,2024-09-16,,,,,,,,,,
2023-12-05,爱与梦,爱奇艺,优酷信息技术（北京）有限公司,27.3,亿次,1005,分钟,是,豆瓣,https://movie.douban.com/,2024-09-16,,,,,,,,,,
2024-01-15,四海,优酷,爱奇艺公司,31.48,亿次,1455,分钟,是,影视数据平台灯塔,https://lmtw.com,2024-09-16,,,,,,,,,,
2024-02-20,最后的赢家,Netflix,腾讯公司、中央电视台,39.22,亿次,1700,分钟,是,央视网,https://www.cctv.com,2024-09-16,,,,,,,,,,
2024-03-11,全职高手,爱奇艺,芒果传媒、北京爱奇艺科技有限公司,24.75,亿次,1100,分钟,是,豆瓣,https://movie.douban.com/,2024-09-16,,,,,,,,,,
2023-08-05,飞天大盗,优酷、腾讯视频,腾讯公司、湖南广播电视台,36.75,亿次,1500,分钟,是,豆瓣,https://movie.douban.com/,2024-09-16,,,,,,,,,,
2023-08-20,月光下的杀手,爱奇艺、芒果TV,北京优酷科技有限公司,48.25,亿次,1680,分钟,是,影院数据中心,https://www.boxoffice.com/,2024-09-16,,,,,,,,,,
2023-09-12,星际迷航：新起点,腾讯视频,优酷信息技术（北京）有限公司,30.52,亿次,1200,分钟,是,影视数据报告,https://www.tvc.com.cn/,2024-09-16,,,,,,,,,,
2023-03-05,爱的秘方,优酷、Netflix,网络影业,20.75,亿次,1350,分钟,是,IMDb,https://www.imdb.com/,2024-09-16,,,,,,,,,,
2024-05-15,橘子街的秘密,优酷、爱奇艺,爱奇艺公司,25,亿次,960,分钟,是,影视数据平台灯塔,https://lmtw.com/,2024-09-16,,,,,,,,,,
2024-04-22,无间道重启,爱奇艺、优酷,东阳水晶影业,33.45,亿次,1850,分钟,是,影视数据平台灯塔,https://lmtw.com/,2024-09-16,,,,,,,,,,
2023-05-18,逆袭之密码,腾讯视频、芒果TV,湖南卫视、爱奇艺,40,亿次,1400,分钟,是,豆瓣,https://movie.douban.com/,2024-09-16,,,,,,,,,,
2023-06-30,逃亡者,优酷,腾讯影业,19.15,亿次,1100,分钟,是,影视数据平台灯塔,https://lmtw.com/,2024-09-16,,,,,,,,,,
2024-07-04,岁月的秘密,爱奇艺、优酷,优酷信息技术（北京）有限公司、Netflix,29,亿次,1450,分钟,是,影视数据平台灯塔,https://lmtw.com/,2024-09-16,,,,,,,,,,
2024-07-15,明月照花,腾讯视频、优酷,优酷信息技术（北京）有限公司,15.75,亿次,720,分钟,是,豆瓣,https://movie.douban.com/,2024-09-16,,,,,,,,,,
2023-08-12,我的老家,爱奇艺、腾讯视频,上海念云文化传媒有限公司,45.32,亿次,1200,分钟,是,新浪娱乐,https://ent.sina.com.cn/,2024-09-16,,,,,,,,,,
2023-09-05,破浪而来,优酷,北京水晶石文化传播有限公司,38.76,亿次,1500,分钟,是,网易娱乐,https://ent.163.com/,2024-09-16,,,,,,,,,,
2023-05-23,云中的婚约,芒果TV、腾讯视频,优酷信息技术（北京）有限公司,19.55,亿次,900,分钟,是,豆瓣,https://movie.douban.com/,2024-09-16,,,,,,,,,,
2023-10-11,夜行者,优酷、爱奇艺,北京唐德影视股份有限公司,30.12,亿次,1400,分钟,是,影视数据平台灯塔,https://lmtw.com/,2024-09-16,,,,,,,,,,
2023-08-22,半是蜜糖半是伤,爱奇艺,广东东申文化有限公司,23.88,亿次,1005,分钟,是,泡泡娱乐,https://www.pao-pao.cn/,2024-09-16,,,,,,,,,,
2023-09-17,欢迎光临,优酷、腾讯视频,北京盛天文化传媒有限公司,15.43,亿次,1080,分钟,是,腾讯新闻,https://news.qq.com/,2024-09-16,,,,,,,,,,
2023-06-30,思君,爱奇艺、央8,深圳华视传媒有限公司,28.99,亿次,1150,分钟,是,南方日报,http://www.southcn.com/,2024-09-16,,,,,,,,,,
2023-12-02,只因你太美,腾讯视频,北京星辰大海文化有限公司,13.76,亿次,750,分钟,是,央视财经,http://www.ccntv.cn/,2024-09-16,,,,,,,,,,
2023-11-15,攀登者,优酷,北京创影数字科技有限公司,21.34,亿次,640,分钟,是,搜狐娱乐,https://yule.sohu.com/,2024-09-16,,,,,,,,,,
2024-01-10,临江仙,爱奇艺、腾讯视频,北京千影文化传播有限公司,17.61,亿次,880,分钟,是,哔哩哔哩,https://www.bilibili.com/,2024-09-16,,,,,,,,,,
2023-08-10,冷血狂宴,芒果TV,腾讯视频、浙江大华,35.5,亿次,1545,分钟,是,芒果TV,https://www.mgtv.com/,2024-09-16,,,,,,,,,,
2023-09-15,红尘故事,腾讯视频、优酷,北京爱奇艺科技有限公司,42.87,亿次,1800,分钟,是,豆瓣,https://movie.douban.com/,2024-09-16,,,,,,,,,,
2023-05-12,寻灵者,爱奇艺、中央八台,北京爱奇艺科技有限公司、中央电视台,30,亿次,1650,分钟,是,影视数据平台数据小组,https://www.ysdata.com/,2024-09-16,,,,,,,,,,
2023-10-05,暗夜狂奔,优酷,腾讯公司,18.76,亿次,720,分钟,是,搜狐视频,https://tv.sohu.com/,2024-09-16,,,,,,,,,,
2024-01-10,百岁山,腾讯视频,优酷信息技术（北京）有限公司,25.34,亿次,900,分钟,是,豆瓣,https://movie.douban.com/,2024-09-16,,,,,,,,,,
2024-02-18,镜花水月,爱奇艺,爱奇艺、腾讯视频,11.45,亿次,1140,分钟,是,影视数据平台灯塔,https://lmtw.com/,2024-09-16,,,,,,,,,,
2023-11-25,光之守护者,优酷、芒果TV,芒果TV,22.1,亿次,720,分钟,是,小红书,https://www.xiaohongshu.com/,2024-09-16,,,,,,,,,,
2024-03-03,翡翠秘境,爱奇艺,腾讯公司、优酷信息技术（北京）有限公司,29.99,亿次,1500,分钟,是,爱奇艺,https://www.iqiyi.com/,2024-09-16,,,,,,,,,,
2024-04-30,重返天际,优酷,北京爱奇艺科技有限公司、中央电视台,15.67,亿次,800,分钟,是,豆瓣,https://movie.douban.com/,2024-09-16,,,,,,,,,,
2023-12-20,风起邻里,腾讯视频,优酷信息技术（北京）有限公司,9.05,亿次,490,分钟,是,小红书,https://www.xiaohongshu.com/,2024-09-16,,,,,,,,,,
2023-11-01,超能少年,优酷、芒果TV,腾讯视频,35.75,亿次,1200,分钟,是,影视数据平台,https://lmtw.com/,2024-09-16,,,,,,,,,,
2023-10-15,最后的守护者,爱奇艺,爱奇艺公司,40.22,亿次,960,分钟,是,影视数据论坛,https://movie.douban.com/,2024-09-16,,,,,,,,,,
2023-09-22,星空下的你我,优酷、腾讯视频,芒果TV、优酷,50.3,亿次,1500,分钟,是,橙子影视,https://www.123.com/,2024-09-16,,,,,,,,,,
2023-08-30,追梦旅途,优酷、腾讯视频,优酷信息技术（北京）有限公司、腾讯公司,60.85,亿次,1320,分钟,是,资讯中心,https://lmtw.com/,2024-09-16,,,,,,,,,,
2023-12-10,竹影摇曳,爱奇艺、芒果TV,爱奇艺公司,34.9,亿次,1100,分钟,是,影视信息平台,https://www.iqiyi.com/,2024-09-16,,,,,,,,,,
2024-01-05,无畏的灵魂,腾讯视频、爱奇艺,优酷信息技术（北京）有限公司,20.22,亿次,1020,分钟,是,豆瓣影视库,https://movie.douban.com/,2024-09-16,,,,,,,,,,
2024-02-20,亲爱的蓝天,爱奇艺、优酷,腾讯公司,22.77,亿次,1150,分钟,是,灯塔数据,https://lmtw.com/,2024-09-16,,,,,,,,,,
2024-03-08,山海纪,腾讯视频、优酷,优酷信息技术（北京）有限公司、芒果TV,27.03,亿次,1260,分钟,是,影视资讯网,https://www.mgtv.com/,2024-09-16,,,,,,,,,,
2024-04-15,战斗青春,芒果TV、爱奇艺,爱奇艺公司,18.5,亿次,900,分钟,是,热门影视,https://www.iqiyi.com/,2024-09-16,,,,,,,,,,
2024-05-25,青春遇见你,爱奇艺、腾讯视频,优酷信息技术（北京）有限公司、腾讯公司,30,亿次,1100,分钟,是,影视在线,https://www.123.com/,2024-09-16,,,,,,,,,,
2023-05-21,灯下的暗影,优酷、芒果TV,北京天博影视有限公司,19.74,亿次,1400,分钟,是,影视数据平台灯塔,https://lmtw.com,2024-09-16,,,,,,,,,,
2023-09-15,幽灵湾,腾讯视频、爱奇艺,上海千生影视股份有限公司,24.88,亿次,1600,分钟,是,豆瓣,https://movie.douban.com/,2024-09-16,,,,,,,,,,
2023-08-10,最后的时光,优酷、芒果TV,天津美梦影视有限公司,30.12,亿次,1500,分钟,是,影视数据平台灯塔,https://lmtw.com,2024-09-16,,,,,,,,,,
2023-10-03,月光之下,优酷、豆瓣,北京文化股份有限公司,40.57,亿次,1800,分钟,是,豆瓣,https://movie.douban.com/,2024-09-16,,,,,,,,,,
2023-11-11,风一样的我,腾讯视频、爱奇艺,影视文化传播有限公司,20.05,亿次,1350,分钟,是,豆瓣,https://movie.douban.com/,2024-09-16,,,,,,,,,,
2023-12-21,星际寻梦,爱奇艺,北京光线传媒股份有限公司,18.76,亿次,1450,分钟,是,影视数据平台灯塔,https://lmtw.com,2024-09-16,,,,,,,,,,
2024-01-08,我们的青春,优酷、芒果TV,万达影视传媒有限公司,16.25,亿次,1200,分钟,是,豆瓣,https://movie.douban.com/,2024-09-16,,,,,,,,,,
2024-02-14,探险家,Bilibili,华谊兄弟传媒股份有限公司,11.74,亿次,1100,分钟,是,影视数据平台灯塔,https://lmtw.com,2024-09-16,,,,,,,,,,
2024-03-20,剑来,爱奇艺、央8,华策影视有限公司,14.03,亿次,1300,分钟,是,豆瓣,https://movie.douban.com/,2024-09-16,,,,,,,,,,
2024-04-18,煮海,优酷、腾讯视频,北京优酷网科技有限公司,22.45,亿次,1600,分钟,是,影视数据平台灯塔,https://lmtw.com,2024-09-16,,,,,,,,,,
2023-09-12,山海经之再见,爱奇艺、Bilibili,优酷信息技术（北京）有限公司,32.4,亿次,1500,分钟,是,影视数据平台灯塔,https://lmtw.com/,2024-09-16,,,,,,,,,,
2023-10-01,风起长安,优酷,腾讯公司、爱奇艺公司,25.77,亿次,1800,分钟,是,豆瓣,https://movie.douban.com/,2024-09-16,,,,,,,,,,
2023-11-05,两世欢,腾讯视频、爱奇艺,深圳市腾讯计算机系统有限公司,18.65,亿次,1650,分钟,是,影视数据趋势,https://filmdata.com/,2024-09-16,,,,,,,,,,
2023-08-17,如懿传,腾讯视频、优酷,芒果TV、新丽传媒,30.22,亿次,1800,分钟,是,影视热点,https://yingshi.com/,2024-09-16,,,,,,,,,,
2023-05-23,英雄豪杰,爱奇艺,B站,14.99,亿次,720,分钟,是,AcFun数据中心,https://acfun.cn/,2024-09-16,,,,,,,,,,
2023-12-30,鹿鼎记2024,优酷,爱奇艺公司、中央电视台,22.13,亿次,1440,分钟,是,时光网,https://www.mtime.com/,2024-09-16,,,,,,,,,,
2024-01-04,一见倾心,芒果TV,优酷、中影集团,15.85,亿次,1350,分钟,是,豆瓣,https://movie.douban.com/,2024-09-16,,,,,,,,,,
2024-02-28,书香门第,腾讯视频,东阳美拉传媒有限公司,27.44,亿次,1800,分钟,是,影视周刊,https://www.yingshiweekly.com/,2024-09-16,,,,,,,,,,
2024-03-15,逐梦演艺圈,爱奇艺,优酷信息技术（北京）有限公司,20.79,亿次,960,分钟,是,猫眼电影,https://maoyan.com/,2024-09-16,,,,,,,,,,
2024-04-01,子牙,优酷、腾讯视频,腾讯公司、爱奇艺公司,35.02,亿次,2100,分钟,是,影视数据平台灯塔,https://lmtw.com/,2024-09-16,,,,,,,,,,
2023-08-05,明月照我心,爱奇艺,企鹅影视、优酷,30.25,亿次,1820,分钟,是,猫眼电影,https://maoyan.com/,2024-09-16,,,,,,,,,,
2023-09-12,落花时节,芒果TV,爱奇艺公司,15.5,亿次,1500,分钟,是,豆瓣,https://movie.douban.com/,2024-09-16,,,,,,,,,,
2023-10-14,画江湖之不良人,优酷、腾讯视频,优酷信息技术（北京）有限公司,20,亿次,1440,分钟,是,影视数据平台灯塔,https://lmtw.com/,2024-09-16,,,,,,,,,,
2023-11-01,修仙狂徒,腾讯视频、爱奇艺,芒果影视,12.35,亿次,1260,分钟,是,搜狐视频,https://tv.sohu.com/,2024-09-16,,,,,,,,,,
2023-11-15,反贪风暴5,优酷、芒果TV,腾讯公司,37.45,亿次,1950,分钟,是,猫眼电影,https://maoyan.com/,2024-09-16,,,,,,,,,,
2023-12-20,天赐的声音,爱奇艺、央8,爱奇艺公司,9.76,亿次,780,分钟,是,影视数据平台灯塔,https://lmtw.com/,2024-09-16,,,,,,,,,,
2024-01-10,平平无奇的我,优酷,南宁影视文化传播有限公司,22.2,亿次,1680,分钟,是,豆瓣,https://movie.douban.com/,2024-09-16,,,,,,,,,,
2024-02-14,疾风骤雨,芒果TV,华策影视,29.99,亿次,2000,分钟,是,猫眼电影,https://maoyan.com/,2024-09-16,,,,,,,,,,
2024-03-25,将夜2,优酷、爱奇艺、腾讯视频,芒果影视,11.42,亿次,900,分钟,是,搜狐视频,https://tv.sohu.com/,2024-09-16,,,,,,,,,,
2024-04-30,星际穿越,央8,耀客传媒,16.85,亿次,1350,分钟,是,豆瓣,https://movie.douban.com/,2024-09-16,,,,,,,,,,
2023-08-15,大江大河2,芒果TV、优酷,腾讯公司、爱奇艺公司,32.47,亿次,1500,分钟,是,腾讯娱乐,https://ent.qq.com/,2024-09-16,,,,,,,,,,
2023-09-01,猎罪图鉴,爱奇艺,优酷信息技术（北京）有限公司、芒果影视,22.64,亿次,1320,分钟,是,影视数据平台灯塔,https://lmtw.com/,2024-09-16,,,,,,,,,,
2023-09-10,开端,腾讯视频、爱奇艺,爱奇艺公司、中央电视台,27.15,亿次,1600,分钟,是,电影频道,http://movie.cctv.com/,2024-09-16,,,,,,,,,,
2023-07-30,苍兰诀,优酷、芒果TV,北京优酷网科技有限公司,18.32,亿次,720,分钟,是,豆瓣,https://movie.douban.com/,2024-09-16,,,,,,,,,,
2023-08-22,梦中的那片海,爱奇艺,湖南芒果影视传媒有限公司,34.11,亿次,1800,分钟,是,凤凰娱乐,https://ent.ifeng.com/,2024-09-16,,,,,,,,,,
2023-09-05,一生一世,央视综合频道、腾讯视频,腾讯影业,15.75,亿次,1380,分钟,是,中新网,http://www.chinanews.com/,2024-09-16,,,,,,,,,,
2023-09-25,天才基本法,优酷、爱奇艺,瀚海文化、北京爱奇艺科技有限公司,48.29,亿次,2000,分钟,是,猫眼电影,https://maoyan.com/,2024-09-16,,,,,,,,,,
2023-10-01,火龙纪元,优酷,中央电视台,12.05,亿次,900,分钟,是,新浪娱乐,https://ent.sina.com.cn/,2024-09-16,,,,,,,,,,
2023-10-15,只为遇见你,腾讯视频、湖南卫视,湖南芒果影视传媒有限公司、优酷,20.8,亿次,1300,分钟,是,QQ娱乐,https://ent.qq.com/,2024-09-16,,,,,,,,,,
2023-10-30,重生之门,爱奇艺,爱奇艺公司,24.12,亿次,1450,分钟,是,豆瓣,https://movie.douban.com/,2024-09-16,,,,,,,,,,
2023-08-15,银河探秘,优酷、芒果TV,腾讯公司、爱奇艺公司,35.56,亿次,1550,分钟,是,影视数据平台灯塔,https://lmtw.com/,2024-09-16,,,,,,,,,,
2023-09-10,逆天奇缘,优酷、腾讯视频,优酷信息技术（北京）有限公司、芒果TV,19.78,亿次,1300,分钟,是,豆瓣,https://movie.douban.com/,2024-09-16,,,,,,,,,,
2023-08-25,国风美少年,爱奇艺、央视网,北京爱奇艺科技有限公司,22.34,亿次,1440,分钟,是,新浪娱乐,https://ent.sina.com.cn/,2024-09-16,,,,,,,,,,
2023-10-05,时空恋旅人,搜狐视频,中央电视台、腾讯视频,27.5,亿次,1800,分钟,否,搜狐视频,https://tv.sohu.com/,2024-09-16,,,,,,,,,,
2023-10-12,风筝最爱,腾讯视频、爱奇艺,优酷信息技术（北京）有限公司、北京爱奇艺科技有限公司,30.26,亿次,1155,分钟,是,影视数据平台灯塔,https://lmtw.com/,2024-09-16,,,,,,,,,,
2023-09-30,烈火之歌,芒果TV,优酷信息技术（北京）有限公司,15.09,亿次,1300,分钟,是,豆瓣,https://movie.douban.com/,2024-09-16,,,,,,,,,,
2023-08-22,假面舞会,优酷,腾讯公司、湖南广播电视台,26.05,亿次,1650,分钟,是,影视数据平台灯塔,https://lmtw.com/,2024-09-16,,,,,,,,,,
2023-10-20,回声乐园,爱奇艺,北京爱奇艺科技有限公司,11.78,亿次,1020,分钟,是,腾讯新闻,https://news.qq.com/,2024-09-16,,,,,,,,,,
2023-09-15,一路向北,腾讯视频、网剧频道,优酷信息技术（北京）有限公司,18.25,亿次,900,分钟,否,新浪娱乐,https://ent.sina.com.cn/,2024-09-16,,,,,,,,,,
2023-05-10,失落的乐章,爱奇艺、搜狐视频,北京紫微星影业有限公司,35.47,亿次,1600,分钟,是,咪咕视频,https://www.miguvideo.com/,2024-09-16,,,,,,,,,,
2023-08-05,桃花缘,优酷、腾讯视频,华策影视股份有限公司,40.3,亿次,1850,分钟,是,优酷数据平台,https://www.youku.com/,2024-09-16,,,,,,,,,,
2023-09-12,你的笑容,腾讯视频、爱奇艺,上海影视集团,15.25,亿次,1400,分钟,是,豆瓣,https://movie.douban.com/,2024-09-16,,,,,,,,,,
2023-10-27,沉默的真相,优酷、芒果TV,完美世界影视,22.6,亿次,1200,分钟,是,灯塔影视数据,https://lmtw.com/,2024-09-16,,,,,,,,,,
2023-11-15,回首似水年华,优酷、中央八套,芒果传媒,18.75,亿次,1500,分钟,是,影视数据解析,https://www.mgtv.com/,2024-09-16,,,,,,,,,,
2024-01-10,二十不惑2,爱奇艺,北京影视文化有限公司,9.2,亿次,780,分钟,是,搜狐娱乐,https://yule.sohu.com/,2024-09-16,,,,,,,,,,
2024-01-28,鬼灭之刃,腾讯视频,上海盛世华影制作有限公司,33.8,亿次,2000,分钟,是,都市日报,https://www.dushi.com/,2024-09-16,,,,,,,,,,
2024-02-22,时光的秘密,优酷、央8,广州心轩影视有限公司,10.45,亿次,650,分钟,是,微博影视,https://www.weibo.com/film,2024-09-16,,,,,,,,,,
2024-03-15,风吹半夏,爱奇艺、腾讯视频,北京洁西影业,29.14,亿次,1680,分钟,是,猫眼电影,https://maoyan.com/,2024-09-16,,,,,,,,,,
2024-04-30,银魂：最终篇,优酷、芒果TV,新丽传媒,13.65,亿次,720,分钟,是,豆瓣,https://movie.douban.com/,2024-09-16,,,,,,,,,,
2023-09-12,黑暗中的光,东方卫视、优酷,腾讯公司、爱奇艺,35.76,亿次,1620,分钟,是,豆瓣,https://movie.douban.com/,2024-09-16,,,,,,,,,,
2023-10-01,绮丽时光,腾讯视频、爱奇艺、优酷,优酷旗下,48.92,亿次,1500,分钟,是,灯塔,https://lmtw.com/,2024-09-16,,,,,,,,,,
2023-08-25,诸神的黄昏,腾讯视频、优酷,中央电视台、优酷,27.33,亿次,1710,分钟,是,影视数据平台,https://www.zjweibao.com/,2024-09-16,,,,,,,,,,
2023-05-15,月影下的秘密,爱奇艺、央8,爱奇艺公司,19.84,亿次,1530,分钟,是,豆瓣,https://movie.douban.com/,2024-09-16,,,,,,,,,,
2023-11-05,浮世绘,芒果TV,腾讯公司,15.67,亿次,620,分钟,是,影视取消平台,https://www.218tv.com/,2024-09-16,,,,,,,,,,
2023-12-12,未来的模样,優酷、腾讯视频,优酷信息技术（北京）有限公司,24.1,亿次,800,分钟,是,灯塔,https://lmtw.com/,2024-09-16,,,,,,,,,,
2023-06-29,时间的礼物,爱奇艺、微博,北京和瑞文化有限公司,11.45,亿次,1185,分钟,是,豆瓣,https://movie.douban.com/,2024-09-16,,,,,,,,,,
2024-01-15,黄昏边缘,芒果TV、爱奇艺,湖南文艺出版社,9.99,亿次,720,分钟,是,影视数据平台灯塔,https://lmtw.com/,2024-09-16,,,,,,,,,,
2024-02-20,聊斋志异2023,腾讯视频、央8/1,北京优越影视有限公司,20.15,亿次,1340,分钟,是,豆瓣,https://movie.douban.com/,2024-09-16,,,,,,,,,,
2024-03-01,放开我北鼻2,优酷,大宇文化传播有限公司,45.8,亿次,1560,分钟,是,灯塔,https://lmtw.com/,2024-09-16,,,,,,,,,,
2023-08-15,神秘的风暴,爱奇艺、腾讯视频,"腾讯影业, 优酷信息技术（北京）有限公司",42.36,亿次,1500,分钟,是,电影网,https://www.mtime.com/,2024-09-16,,,,,,,,,,
2023-09-10,重生2024,芒果TV,爱奇艺公司,34.15,亿次,1680,分钟,是,豆瓣,https://movie.douban.com/,2024-09-16,,,,,,,,,,
2023-11-05,遍地开花,B站、优酷,芒果娱乐,19.55,亿次,1280,分钟,是,影视数据平台,https://www.yingshidata.com/,2024-09-16,,,,,,,,,,
2023-10-01,暗夜追凶,腾讯视频、爱奇艺,北京优酷土豆网络科技有限公司,22.47,亿次,1460,分钟,是,影视数据平台灯塔,https://lmtw.com/,2024-09-16,,,,,,,,,,
2023-07-30,新邻居,优酷、芒果TV,恶魔影视,15.88,亿次,1100,分钟,是,豆瓣,https://movie.douban.com/,2024-09-16,,,,,,,,,,
2023-08-25,遥远的召唤,爱奇艺、木星视频,湖南广播电视台,28.73,亿次,1250,分钟,是,影视评论网,https://www.yingshipinglun.com/,2024-09-16,,,,,,,,,,
2023-09-20,追梦者,优酷、央8,东阳留白影视文化有限公司,9.76,亿次,680,分钟,是,豆瓣,https://movie.douban.com/,2024-09-16,,,,,,,,,,
2023-08-31,幸福的家,腾讯视频,科幻视觉影业,35.84,亿次,1600,分钟,是,影视数据中心,https://www.yingshidata.com/,2024-09-16,,,,,,,,,,
2023-10-15,再见，曾经,爱奇艺、湖南卫视,青春影视制作有限公司,11.24,亿次,870,分钟,是,影视数据平台灯塔,https://lmtw.com/,2024-09-16,,,,,,,,,,
2023-11-20,神秘嘉宾,优酷、腾讯视频,奇迹影视,17.92,亿次,1300,分钟,是,电影网,https://www.mtime.com/,2024-09-16,,,,,,,,,,
2023-05-05,慢半拍,爱奇艺、央8,上海影视传媒股份有限公司、B站,45.67,亿次,1500,分钟,是,影视数据平台,https://www.ysjdp.com/,2024-09-16,,,,,,,,,,
2023-08-15,在一起,优酷、抖音视频,腾讯公司、爱奇艺,30.4,亿次,1200,分钟,是,新剧透,https://www.xinjutou.com/,2024-09-16,,,,,,,,,,
2023-09-01,云端阴影,腾讯视频、爱奇艺,优酷、芒果TV,39.83,亿次,1650,分钟,是,豆瓣,https://movie.douban.com/,2024-09-16,,,,,,,,,,
2023-10-12,花火,优酷、Netflix,北京月光影视有限公司,18.92,亿次,830,分钟,是,影视剧评网,https://www.yingshijuping.com/,2024-09-16,,,,,,,,,,
2023-11-20,星空下的诺言,爱奇艺、中央电视台,优酷信息技术（北京）有限公司,50.21,亿次,1745,分钟,是,灯塔影视数据,https://lmtw.com/,2024-09-16,,,,,,,,,,
2024-01-11,往日重现,芒果TV、爱奇艺,腾讯公司,22.34,亿次,1520,分钟,是,影视数据库,https://www.yingshidatabase.com/,2024-09-16,,,,,,,,,,
2024-02-05,心动信号第五季,腾讯视频、央8/1/苏,北京爱奇艺科技有限公司,55.87,亿次,2200,分钟,是,电视节目数据平台,https://www.tvdata.com/,2024-09-16,,,,,,,,,,
2024-03-27,星光大道,优酷、爱奇艺,华视传媒有限公司,13.47,亿次,950,分钟,是,影视数据网,https://www.yingshijson.com/,2024-09-16,,,,,,,,,,
2024-04-15,雨落无声,芒果TV、优酷,北京世纪长风文化有限公司,27,亿次,1800,分钟,是,新剧透,https://www.xinjutou.com/,2024-09-16,,,,,,,,,,
2024-05-30,我在未来等你,爱奇艺、腾讯视频,深圳市抖音科技有限公司,19.05,亿次,1350,分钟,是,豆瓣,https://movie.douban.com/,2024-09-16,,,,,,,,,,
2023-09-15,黑色皮革手册,优酷、芒果TV,腾讯公司、爱奇艺公司,32.45,亿次,1500,分钟,是,网络影视统计,https://www.example1.com/,2024-09-16,,,,,,,,,,
2023-10-20,每个你我都有光,腾讯视频、优酷,优酷信息技术（北京）有限公司、Netflix中国,40.78,亿次,1680,分钟,是,影视剧数据平台,https://www.example2.com/,2024-09-16,,,,,,,,,,
2023-11-03,再次遇见你,爱奇艺、腾讯视频,中央电视台、爱奇艺公司,29.87,亿次,1450,分钟,是,豆瓣,https://movie.douban.com/,2024-09-16,,,,,,,,,,
2023-12-12,巨轮,优酷、爱奇艺,芒果传媒有限公司、爱奇艺公司,19.34,亿次,1300,分钟,是,影视数据网,https://www.example3.com/,2024-09-16,,,,,,,,,,
2024-01-21,天启,天翼云视频,腾讯公司,22.15,亿次,1575,分钟,是,影视灯塔,https://lmtw.com/,2024-09-16,,,,,,,,,,
2024-02-16,完美爱情,芒果TV、腾讯视频,优酷信息技术（北京）有限公司、爱奇艺公司,35.5,亿次,1800,分钟,是,网络影视统计,https://www.example4.com/,2024-09-16,,,,,,,,,,
2024-03-10,爱的追寻,优酷、爱奇艺,芒果传媒有限公司、优酷,18.9,亿次,1220,分钟,是,豆瓣,https://movie.douban.com/,2024-09-16,,,,,,,,,,
2024-04-01,谁是你的菜,爱奇艺、央8,爱奇艺公司、腾讯公司,12.78,亿次,1500,分钟,是,影视数据平台灯塔,https://lmtw.com/,2024-09-16,,,,,,,,,,
2024-05-15,青春有你,腾讯视频,优酷信息技术（北京）有限公司、芒果传媒有限公司,9.45,亿次,780,分钟,是,影视资讯网,https://www.example5.com/,2024-09-16,,,,,,,,,,
2024-06-10,流光岁月,优酷,腾讯公司、优酷,30,亿次,1620,分钟,是,影视剧数据平台,https://www.example6.com/,2024-09-16,,,,,,,,,,
2023-09-12,无尽暗影,爱奇艺、腾讯视频,新丽传媒,35.75,亿次,1500,分钟,是,腾讯视频,https://v.qq.com/,2024-09-16,,,,,,,,,,
2023-10-05,红尘往事,优酷、爱奇艺,北京文化,40.2,亿次,1800,分钟,否,豆瓣,https://movie.douban.com/,2024-09-16,,,,,,,,,,
2023-11-03,桃李春风,爱奇艺、腾讯视频,云端传媒,25.5,亿次,1200,分钟,是,影视数据平台灯塔,https://lmtw.com/,2024-09-16,,,,,,,,,,
2023-08-14,梦想启程,优酷、央8,湖南影视,32.4,亿次,1400,分钟,是,腾讯视频,https://v.qq.com/,2024-09-16,,,,,,,,,,
2023-12-11,千秋岁,腾讯视频,华谊兄弟,29.77,亿次,1650,分钟,否,豆瓣,https://movie.douban.com/,2024-09-16,,,,,,,,,,
2023-10-06,心跳回应,爱奇艺、优酷,中央电视台,15.2,亿次,720,分钟,否,豆瓣,https://movie.douban.com/,2024-09-16,,,,,,,,,,
2024-01-01,岁月无声,芒果TV,腾讯公司,10,亿次,480,分钟,是,影视数据平台灯塔,https://lmtw.com/,2024-09-16,,,,,,,,,,
2023-09-30,月圆夜,腾讯视频、央8,优酷信息技术（北京）有限公司,22.35,亿次,1380,分钟,是,豆瓣,https://movie.douban.com/,2024-09-16,,,,,,,,,,
2024-02-15,星河浪子,爱奇艺、翡翠台,新丽传媒,18.9,亿次,1560,分钟,是,影视数据平台灯塔,https://lmtw.com/,2024-09-16,,,,,,,,,,
2023-12-21,暗黑的微光,优酷,山东影视,27.01,亿次,1470,分钟,否,豆瓣,https://movie.douban.com/,2024-09-16,,,,,,,,,,
2023-08-15,时光的尽头,爱奇艺,北京星际影视,30.45,亿次,1450,分钟,是,北青网,https://www.ynet.com/,2024-09-16,,,,,,,,,,
2023-09-10,破碎时间,腾讯视频、优酷,优酷信息技术（北京）有限公司,52.12,亿次,1800,分钟,是,新浪娱乐,https://ent.sina.com.cn/,2024-09-16,,,,,,,,,,
2023-10-05,命运的棋局,腾讯视频,陆影影视股份有限公司,16.75,亿次,1200,分钟,是,搜狐视频,https://www.sohu.com/,2024-09-16,,,,,,,,,,
2023-11-12,神秘的海岸,优酷,北京知音股份有限公司,23.37,亿次,1350,分钟,是,豆瓣,https://movie.douban.com/,2024-09-16,,,,,,,,,,
2023-12-21,残酷的游戏,爱奇艺、腾讯视频,芒果影视,34.21,亿次,1500,分钟,是,灯塔,https://lmtw.com/,2024-09-16,,,,,,,,,,
2024-01-16,江湖孤雁,优酷,北京梦境影视文化有限公司,14.9,亿次,960,分钟,是,影视数据平台灯塔,https://lmtw.com/,2024-09-16,,,,,,,,,,
2024-02-14,天上的星星,芒果TV,华策影视,29.5,亿次,1200,分钟,是,腾讯娱乐,https://ent.qq.com/,2024-09-16,,,,,,,,,,
2024-03-19,彼岸花开,爱奇艺、央8,优酷信息技术（北京）有限公司,19.45,亿次,1100,分钟,是,网易娱乐,https://ent.163.com/,2024-09-16,,,,,,,,,,
2024-04-11,天上人间,优酷、腾讯视频,爱奇艺公司,22,亿次,1300,分钟,是,豆瓣,https://movie.douban.com/,2024-09-16,,,,,,,,,,
2024-05-30,谍海风云,芒果TV,执念影视,40,亿次,1600,分钟,是,新浪娱乐,https://ent.sina.com.cn/,2024-09-16,,,,,,,,,,
2023-10-01,时间的口袋,爱奇艺、优酷,腾讯公司,34.5,亿次,1650,分钟,是,影视数据平台灯塔,https://lmtw.com,2024-09-16,,,,,,,,,,
2023-09-15,逆行千年,腾讯视频、芒果TV,优酷信息技术（北京）有限公司,22.75,亿次,1200,分钟,是,豆瓣,https://movie.douban.com,2024-09-16,,,,,,,,,,
2023-11-10,最后的舞者,爱奇艺、优酷,爱奇艺公司、腾讯公司,19.5,亿次,1365,分钟,是,影视数据平台灯塔,https://lmtw.com,2024-09-16,,,,,,,,,,
2023-08-30,平行时空的赢者,中央电视台、腾讯视频,优酷信息技术（北京）有限公司,15.2,亿次,1100,分钟,是,豆瓣,https://movie.douban.com,2024-09-16,,,,,,,,,,
2023-09-20,花与剑,优酷、爱奇艺,芒果TV,10.8,亿次,800,分钟,是,影视数据平台灯塔,https://lmtw.com,2024-09-16,,,,,,,,,,
2023-10-20,月影沉浮,芒果TV、优酷,中央电视台、爱奇艺公司,29.73,亿次,1705,分钟,是,豆瓣,https://movie.douban.com,2024-09-16,,,,,,,,,,
2024-01-15,李杜传奇,腾讯视频,优酷、腾讯公司,18,亿次,600,分钟,是,影视数据平台灯塔,https://lmtw.com,2024-09-16,,,,,,,,,,
2023-12-05,星际追踪,爱奇艺、优酷,芒果传媒,25.4,亿次,900,分钟,是,豆瓣,https://movie.douban.com,2024-09-16,,,,,,,,,,
2023-11-02,影子城,优酷、芒果TV,腾讯动漫,35.1,亿次,1500,分钟,是,影视数据平台灯塔,https://lmtw.com,2024-09-16,,,,,,,,,,
2023-08-25,青山不老,腾讯视频、央8,爱奇艺公司,30.88,亿次,1350,分钟,是,豆瓣,https://movie.douban.com,2024-09-16,,,,,,,,,,
2023-08-15,流星之恋,爱奇艺、优酷,腾讯公司、湖南卫视,30.45,亿次,900,分钟,是,影视数据平台灯塔,https://lmtw.com/,2024-09-16,,,,,,,,,,
2023-09-22,月下孤影,腾讯视频、芒果TV,北京爱奇艺科技有限公司、优酷信息技术（北京）有限公司,34.76,亿次,1080,分钟,是,豆瓣,https://movie.douban.com/,2024-09-16,,,,,,,,,,
2023-05-30,温暖的弦,优酷、爱奇艺,中央电视台、腾讯公司,29.12,亿次,1100,分钟,是,优酷,https://www.youku.com/,2024-09-16,,,,,,,,,,
2023-10-01,破碎的梦,优酷、腾讯视频,优酷信息技术（北京）有限公司、北京爱奇艺科技有限公司,22,亿次,950,分钟,是,影视数据平台灯塔,https://lmtw.com/,2024-09-16,,,,,,,,,,
2023-06-12,辽阔的天空,爱奇艺,湖南卫视、优酷,18.45,亿次,800,分钟,是,豆瓣,https://movie.douban.com/,2024-09-16,,,,,,,,,,
2023-11-05,星河恋曲,优酷、腾讯视频,腾讯公司,40.11,亿次,1200,分钟,是,央视网,https://www.cctv.com/,2024-09-16,,,,,,,,,,
2024-01-10,云天宫,B站,北京爱奇艺科技有限公司、优酷信息技术（北京）有限公司,35.75,亿次,1130,分钟,是,豆瓣,https://movie.douban.com/,2024-09-16,,,,,,,,,,
2024-02-14,紧急公关,优酷、芒果TV,优酷信息技术（北京）有限公司、湖南卫视,24.5,亿次,765,分钟,是,影视数据平台灯塔,https://lmtw.com/,2024-09-16,,,,,,,,,,
2024-03-20,热血同行,腾讯视频、优酷,腾讯公司、中央电视台,11.9,亿次,450,分钟,是,风行网,https://www.fun.tv/,2024-09-16,,,,,,,,,,
2024-04-25,奋斗吧，少年！,B站、优酷,北京爱奇艺科技有限公司、优酷信息技术（北京）有限公司,15.75,亿次,870,分钟,是,央视网,https://www.cctv.com/,2024-09-16,,,,,,,,,,
2023-08-01,月白风清,爱奇艺、腾讯视频,腾讯科技（深圳）有限公司,33.5,亿次,1500,分钟,是,豆瓣,https://movie.douban.com/,2024-09-16,,,,,,,,,,
2023-08-10,人世间,优酷、芒果TV,爱奇艺公司,19.75,亿次,1200,分钟,是,影视数据平台灯塔,https://lmtw.com/,2024-09-16,,,,,,,,,,
2023-09-12,心灵法医,优酷,江苏省委宣传部,15.6,亿次,900,分钟,是,猫眼电影,https://maoyan.com/,2024-09-16,,,,,,,,,,
2023-09-20,千古玦尘,爱奇艺、央8/1,北京爱奇艺科技有限公司,22.8,亿次,1350,分钟,是,豆瓣,https://movie.douban.com/,2024-09-16,,,,,,,,,,
2023-10-01,掌中之物,腾讯视频,优酷信息技术（北京）有限公司,28.99,亿次,1600,分钟,是,影视数据平台灯塔,https://lmtw.com/,2024-09-16,,,,,,,,,,
2023-10-15,两个世界,爱奇艺,东京电视台,30.12,亿次,720,分钟,是,Bilibili,https://www.bilibili.com/,2024-09-16,,,,,,,,,,
2023-11-08,狂妄世子,优酷、芒果TV,湖南芒果传媒有限公司,16.45,亿次,1020,分钟,是,猫眼电影,https://maoyan.com/,2024-09-16,,,,,,,,,,
2023-11-21,无尽的旅程,爱奇艺、腾讯视频,浙江卫视,23.18,亿次,1400,分钟,是,豆瓣,https://movie.douban.com/,2024-09-16,,,,,,,,,,
2023-12-05,织梦者,优酷,东阳长乐影视,27.36,亿次,1650,分钟,是,影视数据平台灯塔,https://lmtw.com/,2024-09-16,,,,,,,,,,
2023-12-15,花容月貌,爱奇艺、东方卫视,日本广播协会（NHK）,11.5,亿次,480,分钟,是,Bilibili,https://www.bilibili.com/,2024-09-16,,,,,,,,,,
2023-08-01,梦回千年,腾讯视频、优酷,爱奇艺公司、腾讯公司,34.76,亿次,1650,分钟,是,央视网,http://www.cctv.com/,2024-09-16,,,,,,,,,,
2023-09-15,灵域,爱奇艺、芒果TV,优酷信息技术（北京）有限公司、长沙芒果超媒,19.45,亿次,1300,分钟,是,腾讯新闻,https://news.qq.com/,2024-09-16,,,,,,,,,,
2023-10-12,江湖百态,优酷,浙江横店影视文化有限公司,27.03,亿次,1420,分钟,是,各大媒体报道,http://www.chinanews.com/,2024-09-16,,,,,,,,,,
2023-11-20,乌鸦的日记,爱奇艺、央8/1/东,天士力影视公司、央视,32.56,亿次,1550,分钟,是,人民网,http://www.people.com.cn/,2024-09-16,,,,,,,,,,
2023-12-05,现实与幻想,腾讯视频、芒果TV,北京华谊兄弟传媒股份有限公司,20.78,亿次,1170,分钟,是,新浪娱乐,https://ent.sina.com.cn/,2024-09-16,,,,,,,,,,
2024-01-14,律政豪门,优酷、哔哩哔哩,腾讯视频,15.39,亿次,560,分钟,是,搜狐娱乐,https://www.sohu.com/,2024-09-16,,,,,,,,,,
2024-02-18,我们的年纪,爱奇艺、央8/1/北,优酷信息技术（北京）有限公司、湖南广播电视台,25.9,亿次,1400,分钟,是,娱乐资本论,https://www.yulezibenlun.com/,2024-09-16,,,,,,,,,,
2024-03-03,光影追寻,优酷、腾讯视频,腾讯公司、爱奇艺,29.89,亿次,1800,分钟,是,新京报,https://www.bjnews.com.cn/,2024-09-16,,,,,,,,,,
2024-04-10,秘密的彼岸,芒果TV、优酷,华策影视,22.33,亿次,1500,分钟,是,财经网,http://www.caijing.com.cn/,2024-09-16,,,,,,,,,,
2024-05-22,铠甲战士,优酷、今日头条,优酷信息技术（北京）有限公司,14.88,亿次,900,分钟,是,网易娱乐,https://Ent.163.com/,2024-09-16,,,,,,,,,,
2023-08-15,青春旋律,腾讯视频、优酷,腾讯公司、优酷信息技术（北京）有限公司,30.45,亿次,900,分钟,是,影视数据平台,https://www.ifa.com/,2024-09-16,,,,,,,,,,
2023-09-01,血色浪潮,爱奇艺、芒果TV,爱奇艺公司、湖南广播电视台,19.75,亿次,1200,分钟,是,豆瓣,https://movie.douban.com/,2024-09-16,,,,,,,,,,
2023-10-22,梦回大明宫,优酷,优酷信息技术（北京）有限公司,25.3,亿次,1350,分钟,是,影视数据平台灯塔,https://lmtw.com/,2024-09-16,,,,,,,,,,
2023-05-14,白玉思无瑕,爱奇艺,爱奇艺公司、中央电视台,22.85,亿次,1500,分钟,是,中新网,https://www.chinanews.com/,2024-09-16,,,,,,,,,,
2023-11-10,遗留在心底的那些事,某某卫视,腾讯公司、湖南广播电视台,18.5,亿次,1080,分钟,是,抖音,https://www.douyin.com/,2024-09-16,,,,,,,,,,
2023-12-05,往日回忆,爱奇艺、腾讯视频,优酷信息技术（北京）有限公司、哔哩哔哩网络科技有限公司,15.88,亿次,765,分钟,是,影视数据平台,https://www.ifa.com/,2024-09-16,,,,,,,,,,
2023-10-30,城市边缘,优酷、央8,爱奇艺公司、中央电视台,27.5,亿次,1400,分钟,是,电影天堂,http://www.dyt.com/,2024-09-16,,,,,,,,,,
2024-01-15,再见，岁月,芒果TV、优酷,优酷信息技术（北京）有限公司、腾讯公司,20,亿次,900,分钟,是,豆瓣,https://movie.douban.com/,2024-09-16,,,,,,,,,,
2024-02-22,流动的风景,爱奇艺,芒果TV、优酷信息技术（北京）有限公司,14.67,亿次,780,分钟,是,线上影视平台,http://www.oxv.com/,2024-09-16,,,,,,,,,,
2024-03-16,不再孤单,优酷、央8/1/沪,优酷信息技术（北京）有限公司、字节跳动,16.5,亿次,1020,分钟,是,微博,https://www.weibo.com/,2024-09-16,,,,,,,,,,
2023-08-01,未来之约,优酷、爱奇艺,腾讯公司、优酷信息技术（北京）有限公司,45.67,亿次,2100,分钟,是,腾讯影视数据,https://v.qq.com/,2024-09-16,,,,,,,,,,
2023-09-05,乘风破浪,腾讯视频,爱奇艺公司、芒果TV,30.22,亿次,1200,分钟,是,豆瓣,https://movie.douban.com/,2024-09-16,,,,,,,,,,
2023-10-12,诡秘之主,爱奇艺、东方卫视,优酷信息技术（北京）有限公司,22.15,亿次,900,分钟,是,影视数据平台灯塔,https://lmtw.com/,2024-09-16,,,,,,,,,,
2023-11-20,青涩岁月,芒果TV,华策影视,15.98,亿次,1500,分钟,是,豆瓣,https://movie.douban.com/,2024-09-16,,,,,,,,,,
2023-08-22,华灯初上,哔哩哔哩,东阳留白影视文化有限公司,10.34,亿次,780,分钟,否,影视数据平台灯塔,https://lmtw.com/,2024-09-16,,,,,,,,,,
2023-09-30,时空恋人,优酷、腾讯视频,爱奇艺公司、腾讯公司,35.89,亿次,965,分钟,是,腾讯影视数据,https://v.qq.com/,2024-09-16,,,,,,,,,,
2023-10-15,梦想之家,爱奇艺、深圳卫视,优酷信息技术（北京）有限公司,9.75,亿次,720,分钟,是,豆瓣,https://movie.douban.com/,2024-09-16,,,,,,,,,,
2024-01-05,江山如此多娇,优酷,湖南芒果传媒有限公司,20.54,亿次,1380,分钟,是,影视数据平台灯塔,https://lmtw.com/,2024-09-16,,,,,,,,,,
2024-02-20,月光下的黑玫瑰,腾讯视频,华策影视,27.18,亿次,1025,分钟,是,豆瓣,https://movie.douban.com/,2024-09-16,,,,,,,,,,
2024-03-10,传闻中的陈芊芊2,爱奇艺、优酷,优酷信息技术（北京）有限公司,18.76,亿次,850,分钟,是,腾讯影视数据,https://v.qq.com/,2024-09-16,,,,,,,,,,
2023-08-15,风吹麦浪,优酷、腾讯视频,光明文化传媒有限公司,32.5,亿次,1500,分钟,是,影视数据平台灯塔,https://lmtw.com/,2024-09-16,,,,,,,,,,
2023-09-02,半熟恋人,爱奇艺,腾讯公司,29.4,亿次,1350,分钟,是,豆瓣,https://movie.douban.com/,2024-09-16,,,,,,,,,,
2023-08-30,红颜知己,腾讯视频、芒果TV,爱奇艺公司,18.7,亿次,720,分钟,否,新浪娱乐,https://ent.sina.com.cn/,2024-09-16,,,,,,,,,,
2023-09-10,浮世惊梦,优酷、爱奇艺,湖南卫视,23.6,亿次,900,分钟,是,影视数据平台灯塔,https://lmtw.com/,2024-09-16,,,,,,,,,,
2023-09-15,迷雾追凶,爱奇艺、优酷,上海唐人影视有限公司,10.8,亿次,1200,分钟,是,豆瓣,https://movie.douban.com/,2024-09-16,,,,,,,,,,
2023-08-01,灵魂摆渡,爱奇艺、芒果TV,剧爱影视制作有限公司,28.5,亿次,600,分钟,是,影视数据平台灯塔,https://lmtw.com/,2024-09-16,,,,,,,,,,
2023-07-30,最后的花火,优酷,黑皮文化传播有限公司,22.4,亿次,1500,分钟,否,新浪娱乐,https://ent.sina.com.cn/,2024-09-16,,,,,,,,,,
2023-08-25,浪花一朵朵,爱奇艺,影视天河文化传播有限公司,15.3,亿次,1800,分钟,是,豆瓣,https://movie.douban.com/,2024-09-16,,,,,,,,,,
2023-07-20,时空穿梭,腾讯视频、优酷,光影时代影视公司,7.4,亿次,480,分钟,是,影视数据平台灯塔,https://lmtw.com/,2024-09-16,,,,,,,,,,
2023-09-05,决战时刻,爱奇艺,桃花源影视文化有限公司,12.2,亿次,975,分钟,是,豆瓣,https://movie.douban.com/,2024-09-16,,,,,,,,,,
2023-08-10,秋水共长天,搜狐视频,优酷信息技术（北京）有限公司、腾讯视频,15.56,亿次,600,分钟,是,影视数据平台,https://www.ysdt.com/,2024-09-16,,,,,,,,,,
2023-09-15,无间谍影,优酷、中央八台,爱奇艺公司,22.34,亿次,720,分钟,是,影视工业网,https://www.filmindustry.com/,2024-09-16,,,,,,,,,,
2023-11-01,朝阳暮色,爱奇艺、芒果TV,腾讯公司、芒果TV,33.55,亿次,800,分钟,是,Mango TV News,https://www.mgtv.com/,2024-09-16,,,,,,,,,,
2024-01-05,记忆转角,腾讯视频、优酷,优酷信息技术（北京）有限公司、爱奇艺公司,39.67,亿次,1200,分钟,是,豆瓣,https://movie.douban.com/,2024-09-16,,,,,,,,,,
2024-02-15,那些年，我爱过的女孩,爱奇艺、央8,爱奇艺公司、优酷信息技术（北京）有限公司,6.78,亿次,480,分钟,是,影视数据平台灯塔,https://lmtw.com/,2024-09-16,,,,,,,,,,
2024-03-20,红尘作伴,优酷,腾讯公司,14.23,亿次,670,分钟,是,影视数据平台,https://www.ysdt.com/,2024-09-16,,,,,,,,,,
2024-04-07,山海间,腾讯视频,爱奇艺公司、芒果TV,19.76,亿次,756,分钟,是,影视工业网,https://www.filmindustry.com/,2024-09-16,,,,,,,,,,
2024-05-30,苍穹之恋,优酷、爱奇艺,优酷信息技术（北京）有限公司,25.44,亿次,1020,分钟,是,Mango TV News,https://www.mgtv.com/,2024-09-16,,,,,,,,,,
2024-06-15,青春奋斗,腾讯视频、优酷,爱奇艺公司,31.88,亿次,840,分钟,是,豆瓣,https://movie.douban.com/,2024-09-16,,,,,,,,,,
2023-08-15,回忧不弃,爱奇艺,腾讯公司、优酷信息技术（北京）有限公司,35.67,亿次,1600,分钟,是,影视数据平台灯塔,https://lmtw.com/,2024-09-16,,,,,,,,,,
2023-09-01,夜色迷途,芒果TV、优酷,爱奇艺公司,40.22,亿次,1500,分钟,是,豆瓣,https://movie.douban.com/,2024-09-16,,,,,,,,,,
2023-08-30,命运之轮,优酷、央8,搜狐公司,10.95,亿次,900,分钟,是,猫眼,https://maoyan.com/,2024-09-16,,,,,,,,,,
2023-09-10,光影之旅,腾讯视频、爱奇艺,优酷、中央电视台,18.5,亿次,950,分钟,是,芒果TV,https://www.mgtv.com/,2024-09-16,,,,,,,,,,
2023-11-15,短小的爱情故事,爱奇艺、Netflix中国,爱奇艺公司、芒果TV,25,亿次,1200,分钟,是,影视数据平台,https://www.ysdatalive.com/,2024-09-16,,,,,,,,,,
2023-12-21,月影下的故乡,优酷,腾讯公司、优酷信息技术（北京）有限公司,30.75,亿次,1350,分钟,是,豆瓣,https://movie.douban.com/,2024-09-16,,,,,,,,,,
2024-01-05,我的好友是魔鬼,腾讯视频,爱奇艺公司、中央电视台,12.34,亿次,600,分钟,是,猫眼,https://maoyan.com/,2024-09-16,,,,,,,,,,
2024-02-14,去你妈的爱情,芒果TV,优酷信息技术（北京）有限公司,19.78,亿次,1100,分钟,是,影视数据平台灯塔,https://lmtw.com/,2024-09-16,,,,,,,,,,
2024-03-18,时光的印记,优酷、搜狐视频,腾讯公司,28.21,亿次,1500,分钟,是,豆瓣,https://movie.douban.com/,2024-09-16,,,,,,,,,,
2024-04-02,命运的旋律,腾讯视频、爱奇艺,优酷、爱奇艺公司,22.45,亿次,1280,分钟,是,猫眼,https://maoyan.com/,2024-09-16,,,,,,,,,,
2023-08-12,梦回三国志,优酷、芒果TV,腾讯影业、优酷信息技术（北京）有限公司,32.45,亿次,1500,分钟,是,影视数据平台灯塔,https://lmtw.com/,2024-09-16,,,,,,,,,,
2023-09-05,绝境上的生存,爱奇艺、华数传媒,爱奇艺公司,18.75,亿次,980,分钟,是,豆瓣,https://movie.douban.com/,2024-09-16,,,,,,,,,,
2023-10-22,北国情歌,优酷、东方卫视,芒果TV、优酷信息技术（北京）有限公司,25.3,亿次,1150,分钟,是,影视数据平台灯塔,https://lmtw.com/,2024-09-16,,,,,,,,,,
2023-11-15,天涯共此时,优酷,优酷信息技术（北京）有限公司,22.55,亿次,1080,分钟,是,腾讯视频,https://v.qq.com/,2024-09-16,,,,,,,,,,
2023-11-10,烈火真金,腾讯视频、爱奇艺,腾讯影业、爱奇艺公司,30.42,亿次,1200,分钟,是,豆瓣,https://movie.douban.com/,2024-09-16,,,,,,,,,,
2023-12-01,月照花影,优酷、搜狐视频,爱奇艺公司、Netflix,10.05,亿次,890,分钟,是,影视数据平台灯塔,https://lmtw.com/,2024-09-16,,,,,,,,,,
2024-01-11,春花秋月,芒果TV、腾讯视频,优酷信息技术（北京）有限公司,16.45,亿次,1020,分钟,是,豆瓣,https://movie.douban.com/,2024-09-16,,,,,,,,,,
2024-02-18,江湖侠侣,爱奇艺,腾讯影业,14.32,亿次,720,分钟,是,影视数据平台灯塔,https://lmtw.com/,2024-09-16,,,,,,,,,,
2024-03-23,修仙之路,优酷、芒果TV,芒果TV,8.91,亿次,600,分钟,是,豆瓣,https://movie.douban.com/,2024-09-16,,,,,,,,,,
2024-04-30,楚汉传奇,爱奇艺、腾讯视频,优酷信息技术（北京）有限公司、搜狐视频,20.76,亿次,780,分钟,是,影视数据平台灯塔,https://lmtw.com/,2024-09-16,,,,,,,,,,
2023-08-15,月影传说,优酷、芒果TV,腾讯公司、爱奇艺,35.75,亿次,2000,分钟,是,影视数据平台,https://www.yingshi.com/,2024-09-16,,,,,,,,,,
2023-09-11,霜雪千年,搜狐视频,优酷信息技术（北京）有限公司、芒果电视,29.82,亿次,1500,分钟,是,豆瓣,https://movie.douban.com/,2024-09-16,,,,,,,,,,
2023-05-02,残月狂歌,央8/1、爱奇艺,华数传媒,22.3,亿次,1250,分钟,是,新浪娱乐,https://ent.sina.com.cn/,2024-09-16,,,,,,,,,,
2023-10-10,寻龙诀,腾讯视频、优酷,浙江广播电视集团,30.94,亿次,1760,分钟,是,腾讯娱乐,https://ent.qq.com/,2024-09-16,,,,,,,,,,
2023-12-01,源起,优酷、爱奇艺、芒果TV,北京优酷信息技术有限公司,18.76,亿次,950,分钟,是,搜狐娱乐,https://yule.sohu.com/,2024-09-16,,,,,,,,,,
2024-01-15,异界之门,优酷,腾讯公司、爱奇艺,31.2,亿次,1700,分钟,是,影视数据平台灯塔,https://lmtw.com/mzw/,2024-09-16,,,,,,,,,,
2024-02-20,我们的生活,爱奇艺、搜狐视频,搜狐、优酷信息技术（北京）有限公司,20.1,亿次,1120,分钟,是,电影频道,http://www.cctv.com/,2024-09-16,,,,,,,,,,
2023-11-05,爱的回声,优酷,芒果TV、腾讯公司,27.45,亿次,1360,分钟,是,豆瓣,https://movie.douban.com/,2024-09-16,,,,,,,,,,
2024-03-01,绝密使命,腾讯视频、爱奇艺,爱奇艺公司,24.5,亿次,1400,分钟,是,央视网,http://www.cctv.com/,2024-09-16,,,,,,,,,,
2024-04-15,未来之城,优酷、腾讯视频,芒果电视、优酷,29.6,亿次,1650,分钟,是,电影频道,http://www.cctv.com/,2024-09-16,,,,,,,,,,
2023-09-05,花开四季,爱奇艺、优酷,爱奇艺、腾讯公司,34.25,亿次,1500,分钟,是,腾讯视频,https://v.qq.com/,2024-09-16,,,,,,,,,,
2023-10-10,时间的秘密,百度视频、爱奇艺,优酷信息技术（北京）有限公司,22.89,亿次,1300,分钟,是,豆瓣,https://movie.douban.com/,2024-09-16,,,,,,,,,,
2023-11-22,星河滚烫,腾讯视频、CCTV,搜狐公司,18.75,亿次,1150,分钟,是,影视数据平台灯塔,https://lmtw.com/mzw/,2024-09-16,,,,,,,,,,
2023-10-01,生死之间,爱奇艺、极光TV,中央电视台、爱奇艺公司,41.67,亿次,1650,分钟,是,影视数据平台灯塔,https://lmtw.com/mzw/,2024-09-16,,,,,,,,,,
2023-08-12,长夜孤行,芒果TV、爱奇艺,腾讯公司、优酷信息技术（北京）有限公司,27.34,亿次,1420,分钟,是,搜狐娱乐,https://yule.sohu.com/,2024-09-16,,,,,,,,,,
2023-10-15,小小的愿望,优酷、腾讯视频,优酷信息技术（北京）有限公司,29.88,亿次,1250,分钟,是,豆瓣,https://movie.douban.com/,2024-09-16,,,,,,,,,,
2023-09-30,四千金,爱奇艺、央8,优酷信息技术（北京）有限公司,15.45,亿次,900,分钟,是,影视数据平台灯塔,https://lmtw.com/mzw/,2024-09-16,,,,,,,,,,
2023-05-21,失落的城市,腾讯视频,爱奇艺、搜狐公司,9.87,亿次,700,分钟,是,豆瓣,https://movie.douban.com/,2024-09-16,,,,,,,,,,
2024-02-14,风云再起,芒果TV,优酷信息技术（北京）有限公司,19.5,亿次,960,分钟,是,搜狐娱乐,https://yule.sohu.com/,2024-09-16,,,,,,,,,,
2024-03-01,千古谜,腾讯视频、爱奇艺,腾讯公司、爱奇艺公司,25,亿次,880,分钟,是,影视数据平台灯塔,https://lmtw.com/mzw/,2024-09-16,,,,,,,,,,
2023-08-15,再见青春,优酷、芒果TV,华夏影视有限公司,35.78,亿次,1500,分钟,是,豆瓣,https://movie.douban.com/,2024-09-16,,,,,,,,,,
2023-09-10,江湖夜雨,中央电视台,上海玄霆娱乐,22.45,亿次,1350,分钟,是,优酷,https://www.youku.com/,2024-09-16,,,,,,,,,,
2023-11-05,余生有你,爱奇艺、腾讯视频,新星娱乐集团,18,亿次,960,分钟,是,影视数据平台灯塔,https://lmtw.com/,2024-09-16,,,,,,,,,,
2023-10-01,天涯路,咪咕视频、优酷,腾讯传媒集团,30.22,亿次,1180,分钟,是,豆瓣,https://movie.douban.com/,2024-09-16,,,,,,,,,,
2024-01-15,黑洞中的光,腾讯视频、优酷,尚世影业,27.55,亿次,1620,分钟,是,优酷,https://www.youku.com/,2024-09-16,,,,,,,,,,
2024-02-20,在这里等你,爱奇艺,北京佳视传媒,19.82,亿次,1500,分钟,是,豆瓣,https://movie.douban.com/,2024-09-16,,,,,,,,,,
2024-03-14,时间的尽头,腾讯视频、爱奇艺,光明传媒,15.62,亿次,1160,分钟,是,影视数据平台灯塔,https://lmtw.com/,2024-09-16,,,,,,,,,,
2024-05-25,逆行者,咪咕视频,中视传媒,25.3,亿次,1400,分钟,是,豆瓣,https://movie.douban.com/,2024-09-16,,,,,,,,,,
2024-06-10,开往春天的列车,腾讯视频、优酷,百视通,20.43,亿次,1280,分钟,是,优酷,https://www.youku.com/,2024-09-16,,,,,,,,,,
2024-07-07,异星觉醒,爱奇艺、搜狐视频,源艺术,12.76,亿次,810,分钟,是,影视数据平台灯塔,https://lmtw.com/,2024-09-16,,,,,,,,,,
2023-08-10,时光回旋,芒果TV,腾讯公司、湖南广播电视台,18.75,亿次,1200,分钟,是,豆瓣,https://movie.douban.com/,2024-09-16,,,,,,,,,,
2023-09-20,冰川之下,优酷、央8,优酷信息技术（北京）有限公司,45,亿次,1500,分钟,是,影视数据平台灯塔,https://lmtw.com/,2024-09-16,,,,,,,,,,
2023-10-05,山河岁月,爱奇艺,中央电视台、北京盛世华娱传媒有限公司,30.88,亿次,1650,分钟,否,央视网,https://www.cctv.com/,2024-09-16,,,,,,,,,,
2023-11-12,兰亭序,腾讯视频、芒果TV,北京爱奇艺科技有限公司、腾讯公司,50.25,亿次,1800,分钟,是,腾讯视频,https://v.qq.com/,2024-09-16,,,,,,,,,,
2023-11-15,梦里乡村,优酷,咪咕文化科技有限公司、优酷信息技术（北京）有限公司,8.75,亿次,1100,分钟,是,优酷,https://www.youku.com/,2024-09-16,,,,,,,,,,
2023-12-01,失落的天地,爱奇艺、央视综合,腾讯公司、北京爱奇艺科技有限公司,37.12,亿次,1575,分钟,是,豆瓣,https://movie.douban.com/,2024-09-16,,,,,,,,,,
2023-12-10,赤子情深,优酷、腾讯视频,北京爱奇艺科技有限公司,26.4,亿次,1280,分钟,是,优酷,https://www.youku.com/,2024-09-16,,,,,,,,,,
2023-12-15,丽人湖畔,腾讯视频、优酷,腾讯公司、北京爱奇艺科技有限公司,20.47,亿次,1500,分钟,是,影视数据平台灯塔,https://lmtw.com/,2024-09-16,,,,,,,,,,
2024-01-10,月光下的旋律,爱奇艺,咪咕文化科技有限公司,15,亿次,600,分钟,是,腾讯视频,https://v.qq.com/,2024-09-16,,,,,,,,,,
2023-09-02,追寻千年,优酷,腾讯公司、优酷信息技术（北京）有限公司,35.43,亿次,1640,分钟,是,影视数据平台灯塔,https://lmtw.com/,2024-09-16,,,,,,,,,,
2023-08-14,星河追逐,芒果TV,爱奇艺公司、搜狐科技,40.25,亿次,1500,分钟,是,豆瓣,https://movie.douban.com/,2024-09-16,,,,,,,,,,
2023-10-12,迷雾寻找,B站,湖南广播电视台,29.78,亿次,1850,分钟,是,腾讯新闻,https://news.qq.com/,2024-09-16,,,,,,,,,,
2023-11-01,绝地逃亡,爱奇艺、优酷,优酷信息技术（北京）有限公司,22.09,亿次,780,分钟,是,58影视,https://www.58.com/,2024-09-16,,,,,,,,,,
2023-10-25,月光宝盒,腾讯视频、天马影视,北京爱奇艺科技有限公司,11.47,亿次,900,分钟,是,猫眼电影,https://maoyan.com/,2024-09-16,,,,,,,,,,
2023-09-16,无间道2,优酷,腾讯公司、湖南广播电视台,18.34,亿次,1020,分钟,是,豆瓣,https://movie.douban.com/,2024-09-16,,,,,,,,,,
2023-11-03,幻梦乡,B站,优酷信息技术（北京）有限公司,25.67,亿次,1300,分钟,是,影视数据研究院,https://yingshi.org/,2024-09-16,,,,,,,,,,
2023-08-30,深渊禁忌,爱奇艺、芒果TV,爱奇艺公司、中央电视台,33.12,亿次,1550,分钟,是,搜狐娱乐,https://yule.sohu.com/,2024-09-16,,,,,,,,,,
2023-10-18,最后的请求,爱奇艺、优酷,优酷信息技术（北京）有限公司、腾讯公司,13.85,亿次,750,分钟,是,网易娱乐,https://ent.163.com/,2024-09-16,,,,,,,,,,
2023-08-15,终极审判,腾讯视频、优酷,腾讯公司,30.45,亿次,1500,分钟,是,豆瓣,https://movie.douban.com/,2024-09-16,,,,,,,,,,
2023-09-01,知心法外人,芒果TV、优酷,北京爱奇艺科技有限公司,22.73,亿次,1200,分钟,是,爱奇艺数据中心,https://www.iqiyi.com/,2024-09-16,,,,,,,,,,
2023-05-12,我的时代，你的时代,爱奇艺,优酷信息技术（北京）有限公司,19.85,亿次,1800,分钟,是,影视信息资源网,https://www.ysxx.com/,2024-09-16,,,,,,,,,,
2023-10-05,权力的游戏：重生,腾讯视频,芒果TV,15.4,亿次,1350,分钟,是,灯塔数据,https://lmtw.com/,2024-09-16,,,,,,,,,,
2023-11-10,月光下的她,优酷、爱奇艺,哔哩哔哩,28.05,亿次,1500,分钟,是,B站,https://www.bilibili.com/,2024-09-16,,,,,,,,,,
2023-12-20,禁忌的爱,芒果TV、央8,华谊兄弟传媒股份有限公司,35.22,亿次,1680,分钟,是,光影网,http://www.guangying.com/,2024-09-16,,,,,,,,,,
2024-01-15,几度夕阳红,腾讯视频、优酷,腾讯公司,18.3,亿次,1440,分钟,是,豆瓣,https://movie.douban.com/,2024-09-16,,,,,,,,,,
2024-02-26,探寻我心,优酷、爱奇艺,优酷信息技术（北京）有限公司,16.75,亿次,1365,分钟,是,优酷,https://www.youku.com/,2024-09-16,,,,,,,,,,
2024-03-22,生死回放,腾讯视频,哔哩哔哩,14.5,亿次,900,分钟,是,B站,https://www.bilibili.com/,2024-09-16,,,,,,,,,,
2024-04-18,绝境救援,爱奇艺、网络电视,湖南广播电视台,12.33,亿次,1100,分钟,是,影视行业观察,https://www.yingshi.com/,2024-09-16,,,,,,,,,,
2023-09-10,繁星点点,优酷,北京影业有限公司,30.45,亿次,1600,分钟,是,猫眼电影,https://maoyan.com/,2024-09-16,,,,,,,,,,
2023-08-22,机器人时代,芒果TV,东京影业,18.75,亿次,1450,分钟,是,豆瓣,https://movie.douban.com/,2024-09-16,,,,,,,,,,
2023-10-14,镜中人,B站,湖南广电,12.34,亿次,1300,分钟,是,微信视频号,https://mp.weixin.qq.com/,2024-09-16,,,,,,,,,,
2023-11-05,失落的天空,央8、优酷,中视传媒,25.25,亿次,1750,分钟,是,影视数据平台,https://lmtw.com/,2024-09-16,,,,,,,,,,
2023-10-29,掌心的温度,腾讯视频,北京星辰,8.12,亿次,600,分钟,是,哔哩哔哩,https://www.bilibili.com/,2024-09-16,,,,,,,,,,
2023-09-30,大国崛起,爱奇艺、央8,奇迹影视,35.77,亿次,1850,分钟,是,今日头条,https://www.toutiao.com/,2024-09-16,,,,,,,,,,
2023-12-12,深海潜藏,优酷、腾讯视频,番薯影视有限公司,15.99,亿次,1200,分钟,是,搜狐,https://www.sohu.com/,2024-09-16,,,,,,,,,,
2023-10-25,时间的印记,山西卫视、爱奇艺,映月传媒,20.46,亿次,1500,分钟,是,快手,https://www.kuaishou.com/,2024-09-16,,,,,,,,,,
2023-11-20,天启之城,腾讯视频、优酷,星空网络有限公司,13.5,亿次,800,分钟,是,微博,https://weibo.com/,2024-09-16,,,,,,,,,,
2024-01-15,琴心剑魄,爱奇艺、优酷,光影传媒,19.35,亿次,1400,分钟,是,Netflix,https://www.netflix.com/,2024-09-16,,,,,,,,,,
2023-08-10,我独自生活,芒果TV,腾讯公司,30.75,亿次,1650,分钟,是,QuestMobile,https://www.questmobile.com.cn/,2024-09-16,,,,,,,,,,
2023-05-15,最后的巫师,爱奇艺、央8,爱奇艺公司,22.4,亿次,900,分钟,是,豆瓣,https://movie.douban.com/,2024-09-16,,,,,,,,,,
2023-09-01,灵魂交易,优酷,优酷信息技术（北京）有限公司,19.9,亿次,1500,分钟,是,数据分析网站,https://www.zhibo8.cc/,2024-09-16,,,,,,,,,,
2023-10-22,无尽之旅,腾讯视频、爱奇艺,芒果传媒,35.45,亿次,2000,分钟,是,灯塔,https://lmtw.com/,2024-09-16,,,,,,,,,,
2023-11-29,未来探险,优酷、芒果TV,哔哩哔哩公司,27.85,亿次,1800,分钟,是,B站数据中心,https://data.bilibili.com/,2024-09-16,,,,,,,,,,
2024-01-10,神秘海域,爱奇艺,北京卫视,12.75,亿次,900,分钟,是,优酷数据,https://www.youku.com/,2024-09-16,,,,,,,,,,
2024-02-14,黑夜中的佼佼者,腾讯视频、优酷,腾讯公司,34.9,亿次,2400,分钟,是,腾讯影业,https://film.qq.com/,2024-09-16,,,,,,,,,,
2024-03-12,云中歌,芒果TV、爱奇艺,爱奇艺公司,29.8,亿次,1680,分钟,是,豆瓣,https://movie.douban.com/,2024-09-16,,,,,,,,,,
2024-04-20,煎饼侠,腾讯视频、爱奇艺,优酷信息技术（北京）有限公司,42.3,亿次,2100,分钟,是,灯塔,https://lmtw.com/,2024-09-16,,,,,,,,,,
2024-05-30,阴阳界,优酷、芒果TV,新华网,10,亿次,480,分钟,是,新华互联网,https://www.xinhuanet.com/,2024-09-16,,,,,,,,,,
2023-08-15,傻瓜的挣扎,爱奇艺、央8,腾讯公司、优酷信息技术（北京）有限公司,34.57,亿次,1500,分钟,是,影视数据平台灯塔,https://lmtw.com,2024-09-16,,,,,,,,,,
2023-10-01,影子契约,优酷、爱奇艺,爱奇艺、优酷,45.89,亿次,1500,分钟,否,豆瓣,https://movie.douban.com/,2024-09-16,,,,,,,,,,
2023-09-12,岁月神偷,腾讯视频,芒果TV,19.5,亿次,720,分钟,是,影视数据平台灯塔,https://lmtw.com,2024-09-16,,,,,,,,,,
2023-06-20,天命,优酷,中央电视台、爱奇艺公司,38.95,亿次,1080,分钟,是,豆瓣,https://movie.douban.com/,2024-09-16,,,,,,,,,,
2024-01-01,春华秋实,央8、优酷,优酷信息技术（北京）有限公司,33.2,亿次,960,分钟,是,影视数据平台灯塔,https://lmtw.com,2024-09-16,,,,,,,,,,
2024-02-14,西域恋歌,腾讯视频、芒果TV,腾讯公司、爱奇艺公司,29.81,亿次,720,分钟,是,豆瓣,https://movie.douban.com/,2024-09-16,,,,,,,,,,
2023-11-20,荣耀时刻,优酷、腾讯视频,芒果文化、优酷,22.45,亿次,1260,分钟,否,影视数据平台灯塔,https://lmtw.com,2024-09-16,,,,,,,,,,
2023-03-03,光明与影,爱奇艺,爱奇艺公司,11.45,亿次,840,分钟,是,豆瓣,https://movie.douban.com/,2024-09-16,,,,,,,,,,
2023-05-15,大唐风云,腾讯视频,腾讯公司、优酷,15.32,亿次,600,分钟,是,豆瓣,https://movie.douban.com/,2024-09-16,,,,,,,,,,
2024-03-21,剑指苍穹,优酷、爱奇艺,芒果文化、爱奇艺,26.44,亿次,1275,分钟,是,影视数据平台灯塔,https://lmtw.com,2024-09-16,,,,,,,,,,
2023-08-12,极限追逐,芒果TV,腾讯公司、爱奇艺公司,39.75,亿次,1520,分钟,是,爱奇艺,https://www.iqiyi.com/,2024-09-16,,,,,,,,,,
2023-09-05,古城魅影,爱奇艺,优酷信息技术（北京）有限公司、芒果TV,32.5,亿次,1350,分钟,是,豆瓣,https://movie.douban.com/,2024-09-16,,,,,,,,,,
2023-10-22,幻影追击,腾讯视频、优酷,中央电视台、爱奇艺公司,47.89,亿次,1800,分钟,是,影视数据平台灯塔,https://lmtw.com/,2024-09-16,,,,,,,,,,
2023-11-15,月色如霜,爱奇艺,腾讯公司,25.64,亿次,1100,分钟,是,芒果TV,https://www.mgtv.com/,2024-09-16,,,,,,,,,,
2023-12-01,梦想家,哔哩哔哩、优酷,优酷信息技术（北京）有限公司、爱奇艺公司,18.3,亿次,1280,分钟,是,豆瓣,https://movie.douban.com/,2024-09-16,,,,,,,,,,
2024-01-10,霓裳,优酷,腾讯公司,36.02,亿次,1450,分钟,是,爱奇艺,https://www.iqiyi.com/,2024-09-16,,,,,,,,,,
2024-02-15,风声,腾讯视频、爱奇艺,优酷信息技术（北京）有限公司,15.25,亿次,600,分钟,是,豆瓣,https://movie.douban.com/,2024-09-16,,,,,,,,,,
2024-03-20,夜之光,优酷、芒果TV,爱奇艺公司、腾讯公司,28.9,亿次,1720,分钟,是,影视数据平台灯塔,https://lmtw.com/,2024-09-16,,,,,,,,,,
2024-04-25,镜子里的迷雾,爱奇艺,中央电视台、优酷信息技术（北京）有限公司,9.4,亿次,480,分钟,是,豆瓣,https://movie.douban.com/,2024-09-16,,,,,,,,,,
2024-05-30,无尽旅途,腾讯视频,腾讯公司、芒果TV,12.88,亿次,900,分钟,是,爱奇艺,https://www.iqiyi.com/,2024-09-16,,,,,,,,,,
2023-08-12,最后的遗产,爱奇艺、优酷,春风影视传媒有限公司,33.25,亿次,1500,分钟,是,猫眼数据,https://maoyan.com/,2024-09-16,,,,,,,,,,
2023-09-20,青藤之下,芒果TV,星空影业,17.45,亿次,890,分钟,是,艺恩数据,https://www.een.com/,2024-09-16,,,,,,,,,,
2023-11-01,春天的回忆,优酷、188影视,影业前沿,12.67,亿次,1225,分钟,是,影视数据平台灯塔,https://lmtw.com/,2024-09-16,,,,,,,,,,
2023-10-10,再见青涩,腾讯视频、优酷,华夏影视制作有限公司,49.78,亿次,1800,分钟,是,豆瓣,https://movie.douban.com/,2024-09-16,,,,,,,,,,
2024-01-01,对面的人,爱奇艺、芒果TV,先锋影视,22.34,亿次,720,分钟,是,猫眼电影,https://maoyan.com/,2024-09-16,,,,,,,,,,
2023-05-15,恶之花,优酷、腾讯视频,新光影业,34.9,亿次,1560,分钟,是,艺恩数据,https://www.een.com/,2024-09-16,,,,,,,,,,
2024-02-14,天边的灯塔,爱奇艺、芒果TV,经典影业,55.23,亿次,1505,分钟,是,澎湃新闻,https://www.thepaper.cn/,2024-09-16,,,,,,,,,,
2024-03-18,,腾讯视频、优酷,世纪影业,9.5,亿次,480,分钟,是,豆瓣,https://movie.douban.com/,2024-09-16,,,,,,,,,,