系统名称（字符型）,系统类型（字符型）,印制电路板（字符型）,核心处理器（字符型）,最大视频宽度（字符型）,传输速率（字符型）,电源路数（数值型）,单位,元器件个数（数值型）,单位.1,信号网络个数（数值型）,单位.2,采集来源,来源链接,采集时间,备注【疑问汇总】
视频处理系统,硬件加速系统,多层PCB,ARM Cortex系列,8K,>40Gbps,2,个,150,个,5,个,CSDN,https://blog.csdn.net/feng8403000/article/details/130664096,2024-10-10,
媒体服务器系统,网络传输系统,单层PCB,Intel Xeon,>8K,>20Gbps,1,个,100,个,3,个,阿里云开发者社区,https://developer.aliyun.com/article/467436,2024-10-10,
视频编码器系统,编解码系统,多层PCB,FPGA,>8K,>30Gbps,1,个,80,个,4,个,行业报告,https://www.cnblogs.com/huchong/p/7152292.html,2024-10-10,
高性能视频播放系统,多媒体播放系统,多层PCB,AMD Ryzen 9,8K,>50Gbps,2,个,120,个,6,个,TechRadar,https://www.techradar.com,,
实时视频监控系统,安防监控系统,单层PCB,NVIDIA Jetson,4K,>25Gbps,1,个,90,个,4,个,监控行业报告,https://www.securitymagazine.com,,
高端游戏流媒体系统,流媒体传输系统,多层PCB,Intel Core i9,>8K,>40Gbps,2,个,110,个,5,个,AniManga,https://www.animanga.com,,
数字标牌系统,信息展示系统,双面PCB,Qualcomm Snapdragon,4K,>20Gbps,1,个,70,个,3,个,数字标牌博文,https://www.digital-signage.com,,
云视频会议系统,云计算系统,多层PCB,Apple M1,>6K,>30Gbps,2,个,130,个,4,个,未来科技展会,https://www.techcrunch.com,,
沉浸式虚拟现实系统,虚拟现实控制系统,单层PCB,Qualcomm SnapDragon XR,8K,>50Gbps,2,个,150,个,5,个,虚拟现实开发者中心,https://www.vive.com,,
汽车驾驶辅助系统,自动驾驶系统,多层PCB,NVIDIA Drive,4K,>15Gbps,1,个,80,个,3,个,汽车技术内幕,https://www.autoweek.com,,
智能家居中心系统,家居控制系统,单层PCB,Raspberry Pi 4,HD,>10Gbps,1,个,60,个,2,个,智能家居新闻,https://www.smarthome.com,,
8K直播播放系统,直播系统,多层PCB,Intel Xeon Gold,>8K,>100Gbps,3,个,200,个,7,个,直播技术论坛,https://www.streamtechforum.com,,
卫星图像处理系统,图像分析系统,双面PCB,IBM Power9,>8K,>40Gbps,2,个,140,个,5,个,航空航天技术杂志,https://www.aerospace-technology.com,,
实时视频分析系统,智能监控系统,多层PCB,NVIDIA Jetson Xavier,8K,>50Gbps,2,个,120,个,6,个,科技前沿市场分析,https://www.techfrontier.com,,
4K视频流传输系统,广播传输系统,双层PCB,AMD Ryzen 7,>4K,>30Gbps,2,个,95,个,4,个,专业音视频设备评测,https://www.audiovideo.com,,
虚拟现实交互系统,增强现实系统,多层PCB,Qualcomm Snapdragon 888,4K,>25Gbps,1,个,70,个,3,个,XR行业动态,https://www.xrnews.com,,
边缘计算摄像头系统,数据收集系统,单层PCB,Intel Core i9,8K,>35Gbps,1,个,85,个,5,个,行业发展动态,https://www.techindustry.com,,
云视频录制系统,存储服务系统,多层PCB,Apple M1,4K,>20Gbps,1,个,60,个,2,个,云计算解决方案,https://www.cloudsolutions.com,,
智能家居视频监控系统,家庭安全系统,单层PCB,MediaTek Dimensity,>2K,>15Gbps,2,个,50,个,3,个,智能家居峰会,https://www.smarthomeexpo.com,,
多通道直播系统,直播分发系统,双层PCB,Snapdragon 865,4K,>28Gbps,1,个,110,个,7,个,视频网站评论,https://www.streamingvideos.com,,
高动态范围处理系统,图像处理系统,多层PCB,Cypress PSoC,>10K,>40Gbps,2,个,130,个,6,个,数字影像技术,https://www.imagingtech.com,,
智能视频推荐系统,人工智能系统,单层PCB,Xilinx Zynq,4K,>22Gbps,1,个,75,个,2,个,AI技术先锋,https://www.aitechnology.com,,
高性能视频压缩系统,编解码系统,多层PCB,NVIDIA Jetson系列,8K,>50Gbps,2,个,200,个,6,个,TechCrunch,https://techcrunch.com,,
智能高清播放系统,显示系统,单层PCB,AMD Ryzen,4K,>10Gbps,1,个,120,个,3,个,IEEE Spectrum,https://spectrum.ieee.org,,
云计算视频处理系统,网络传输系统,多层PCB,Google TPU,>8K,>100Gbps,2,个,250,个,8,个,Wired,https://www.wired.com,,
实时视频流处理系统,流媒体系统,多层PCB,Apple M1,6K,>30Gbps,3,个,140,个,5,个,AnandTech,https://www.anandtech.com,,
超高清视频捕捉系统,采集系统,单层PCB,Qualcomm Snapdragon,>8K,>25Gbps,1,个,90,个,4,个,The Verge,https://www.theverge.com,,
多视角视频处理系统,硬件加速系统,多层PCB,Intel i9系列,4K,>15Gbps,2,个,110,个,6,个,PCWorld,https://www.pcworld.com,,
超高速视频解码器系统,编解码系统,双层PCB,Texas Instruments DSP,8K,>40Gbps,1,个,130,个,7,个,Gizmodo,https://www.gizmodo.com,,
动态视频监控系统,安全监控系统,单层PCB,Raspberry Pi,Full HD,>5Gbps,1,个,60,个,2,个,MakeUseOf,https://www.makeuseof.com,,
多通道视频转码系统,编解码系统,多层PCB,Xilinx Zynq,>8K,>35Gbps,2,个,115,个,5,个,Digital Trends,https://www.digitaltrends.com,,
实时串流系统,视频流传输系统,双层PCB,AMD Ryzen 9,>4K,>25Gbps,2,个,120,个,6,个,TechRadar,https://www.techradar.com,,
智能协作系统,云计算系统,多层PCB,Qualcomm Snapdragon,>4K,>10Gbps,1,个,90,个,4,个,Gartner,https://www.gartner.com,,
多媒体渲染系统,图形处理系统,多层PCB,NVIDIA RTX 3080,8K,>32Gbps,2,个,150,个,5,个,AnandTech,https://www.anandtech.com,,
自动化处理系统,智能监控系统,多层PCB,Intel Core i9,>8K,>50Gbps,3,个,200,个,7,个,Forrester,https://www.forrester.com,,
虚拟现实系统,沉浸式系统,单层PCB,Apple M1,>4K,>15Gbps,1,个,110,个,3,个,Wired,https://www.wired.com,,
智能投影系统,光学显示系统,多层PCB,Raspberry Pi 4,>4K,>12Gbps,1,个,70,个,2,个,IEEE Spectrum,https://spectrum.ieee.org,,
边缘计算系统,数据处理系统,单层PCB,Intel Atom,>4K,>18Gbps,1,个,85,个,4,个,ZDNet,https://www.zdnet.com,,
超清渲染系统,实时渲染系统,多层PCB,NVIDIA A40,>8K,>48Gbps,2,个,160,个,6,个,Tom's Hardware,https://www.tomshardware.com,,
增强现实系统,互动显示系统,双层PCB,MediaTek Dimensity,>4K,>22Gbps,2,个,130,个,5,个,CNET,https://www.cnet.com,,
云端视频显示系统,云计算系统,多层PCB,Apple M1,8K,>50Gbps,2,个,120,个,6,个,TechCrunch,https://techcrunch.com/,,
高清字符生成器,图形处理系统,双层PCB,NVIDIA RTX 3080,>4K,>25Gbps,1,个,60,个,3,个,NVIDIA Developer,https://developer.nvidia.com/,,
8K HDR播放系统,多媒体播放系统,多层PCB,Qualcomm Snapdragon,8K,>40Gbps,2,个,200,个,7,个,三星官方,https://www.samsung.com/,,
实时勘测系统,监控系统,单层PCB,Raspberry Pi 4,4K,>10Gbps,1,个,40,个,2,个,GitHub,https://github.com/,,
VR视频处理系统,虚拟现实系统,多层PCB,Intel i9系列,>6K,>30Gbps,2,个,75,个,5,个,虚拟现实协会,https://www.vrassociation.org/,,
智能监视器系统,物联网系统,单层PCB,MediaTek Dimensity,>8K,>35Gbps,2,个,90,个,4,个,小米科技,https://www.mi.com/,,
超高清互动系统,互动媒体系统,多层PCB,AMD Ryzen 9,>8K,>45Gbps,2,个,110,个,6,个,硬件之家,https://www.hardwarehome.com/,,
中心控制系统,信号控制系统,单层PCB,Texas Instruments Sitara,>4K,>20Gbps,1,个,85,个,5,个,电子技术应用,https://www.elecfans.com/,,
深度学习图像系统,人工智能系统,多层PCB,NVIDIA Jetson,>8K,>50Gbps,2,个,150,个,8,个,人工智能百科,https://www.aiwiki.com/,,
超高清录制系统,视频采集系统,多层PCB,NVIDIA Jetson系列,8K,>30Gbps,2,个,120,个,6,个,TechRadar,https://www.techradar.com,,
直播流媒体系统,网络传输系统,单层PCB,AMD Ryzen系列,>8K,>25Gbps,1,个,110,个,2,个,直播技术论坛,https://www.live-tech-forum.com,,
虚拟现实视频处理系统,图像处理系统,多层PCB,Qualcomm Snapdragon系列,6K,>40Gbps,3,个,200,个,5,个,增强现实杂志,https://www.ar-magazine.com,,
4D视频展示系统,展示系统,单层PCB,Apple M1,4K,>15Gbps,1,个,95,个,3,个,数字媒体论坛,https://www.digitalmediaforum.com,,
智能云视频系统,云计算系统,多层PCB,TensorFlow处理器,8K,>50Gbps,2,个,220,个,7,个,AI前沿,https://www.aifrontier.com,,
户外视频监控系统,监控系统,单层PCB,Texas Instruments C66x,4K,>12Gbps,2,个,75,个,4,个,安防科技网,https://www.securitytech.com,,
超高清影视制作系统,视频制作系统,多层PCB,Intel Core i9,10K,>35Gbps,2,个,150,个,6,个,影视科技论坛,https://www.filmtechforum.com,,
高速视频传送系统,高频传输系统,单层PCB,Raspberry Pi 4,4K,>20Gbps,1,个,60,个,2,个,开源硬件社区,https://www.oshpark.com,,
高效视频编码解码系统,编解码系统,多层PCB,AMD EPYC,8K,>45Gbps,1,个,130,个,5,个,科技前沿,https://www.techfrontier.com,,
实时视频监控系统,安全监控系统,多层PCB,NVIDIA Jetson,8K,>50Gbps,2,个,120,个,6,个,科技日报,https://www.stdaily.com/,,
云端视频流处理系统,云计算系统,双面PCB,AMD EPYC,>8K,>25Gbps,1,个,90,个,4,个,国际直播技术会议,https://www.ibtc.org/,,
虚拟现实视频渲染系统,渲染系统,多层PCB,Intel Core i9,4K,>30Gbps,2,个,110,个,5,个,虚拟现实行业论坛,https://www.vrworld.com/,,
医疗影像传输系统,医疗系统,多层PCB,ARM Cortex-A系列,>4K,>15Gbps,1,个,85,个,3,个,医学影像学会,https://www.rsna.org/,,
超高清直播系统,直播系统,单层PCB,Qualcomm Snapdragon,>8K,>40Gbps,2,个,100,个,6,个,直播技术杂志,https://www.streamingmedia.com/,,
智能家居视频处理系统,家居自动化系统,单层PCB,Raspberry Pi 4,2K,>5Gbps,1,个,75,个,2,个,智能家居在线,https://www.smarthome.com/,,
游戏视频优化系统,游戏系统,多层PCB,NVIDIA RTX 3080,>4K,>30Gbps,1,个,95,个,4,个,游戏开发者论坛,https://www.gamasutra.com/,,
飞机航拍高清传输系统,无人机系统,单层PCB,Texas Instruments Sitara,>4K,>10Gbps,1,个,70,个,3,个,无人机及机器人技术展,https://www.droneexpo.com/,,
远程教育视频交互系统,教育技术系统,多层PCB,MediaTek Helio,>8K,>25Gbps,1,个,80,个,4,个,在线教育平台论坛,https://www.edtechmagazine.com/,,
智能家庭影院系统,影音播放系统,多层PCB,AMD Ryzen 7,8K,>50Gbps,2,个,120,个,6,个,家电网,https://www.homeappliances.com,,
高清直播系统,实时传输系统,单层PCB,NVIDIA Tegra,>4K,>30Gbps,1,个,90,个,4,个,直播技术论坛,https://www.livetechforum.com,,
内容分发网络系统,网络加速系统,多层PCB,Intel i9,>8K,>100Gbps,3,个,200,个,8,个,网络工程师社区,https://www.networkengineers.com,,
虚拟现实显示系统,沉浸式体验系统,多层PCB,Qualcomm Snapdragon,>4K,>20Gbps,1,个,110,个,5,个,VR技术研究院,https://www.vrtechinstitute.com,,
移动视频监控系统,监控传输系统,单层PCB,Raspberry Pi,>1080p,>10Gbps,1,个,75,个,3,个,电子信息研究所,https://www.electronicsinstitute.com,,
高性能图形工作站,计算机图像系统,多层PCB,AMD Threadripper,8K,>40Gbps,2,个,180,个,7,个,PC硬件评测网,https://www.pchardwarereview.com,,
云视频会议系统,远程通信系统,单层PCB,Apple M1 Pro,>1080p,>25Gbps,1,个,70,个,2,个,数字通信大会,https://www.digitalcommunicationconference.com,,
高动态范围成像系统,影像处理系统,多层PCB,Cypress PSoC,>8K,>35Gbps,2,个,85,个,4,个,图像技术论坛,https://www.imagetechnologyforum.com,,
分布式视频流处理系统,云计算系统,多层PCB,Intel Xeon Scalable,>4K,>60Gbps,3,个,150,个,6,个,云服务行业报告,https://www.cloudservicesreport.com,,
直播流媒体系统,实时传输系统,双层PCB,AMD Ryzen系列,8K,>50Gbps,2,个,120,个,6,个,技术博客,https://www.techblog.com/streaming-tech,,
4K视频分发系统,内容分发网络,多层PCB,NVIDIA Tegra,>4K,>30Gbps,1,个,200,个,4,个,行业分析报告,https://www.industryreport.com/cdn-analysis,,
高性能视频编码系统,编解码系统,单层PCB,Qualcomm Snapdragon,>8K,>40Gbps,1,个,95,个,5,个,电子技术设计,https://www.electronicdesign.com/,,
自动视频监控系统,监控系统,多层PCB,Intel Core i9,4K,>25Gbps,2,个,300,个,8,个,安全监控网络,https://www.securitymonitoring.net,,
游戏直播编码系统,编解码系统,单层PCB,AMD Ryzen 5,>1440p,>10Gbps,1,个,50,个,2,个,游戏开发论坛,https://www.gamedevforum.com,,
云视频处理系统,云计算系统,多层PCB,AWS Graviton,>8K,>60Gbps,2,个,180,个,7,个,云计算技术网,https://www.cloudtechnews.com,,
虚拟现实视频系统,沉浸式系统,单层PCB,Apple M1,>4K,>20Gbps,1,个,70,个,3,个,虚拟现实协会,https://www.vrassociation.com,,
多视角视频处理系统,视频合成系统,多层PCB,Google TPU,>6K,>45Gbps,3,个,250,个,9,个,Artificial Intelligence Blog,https://www.aiblog.com,,
高效能广播视频系统,广播系统,单层PCB,Sony Cell Processor,>4K,>15Gbps,2,个,85,个,3,个,广播与电视技术,https://www.broadcasttech.com,,
动态视频处理系统,实时处理系统,双层PCB,NVIDIA Jetson系列,8K,>50Gbps,1,个,200,个,6,个,NVIDIA开发者论坛,https://developer.nvidia.com/forum,,
高效视频流媒体系统,流媒体传输系统,多层PCB,AMD EPYC处理器,>8K,>25Gbps,2,个,120,个,4,个,TechCrunch,https://techcrunch.com,,
AI视频分析系统,智能分析系统,单层PCB,Qualcomm Snapdragon,4K,>15Gbps,1,个,90,个,2,个,IEEE出版物,https://ieeexplore.ieee.org,,
高清晰度视频播放系统,播放系统,双层PCB,Apple M1芯片,6K,>30Gbps,1,个,75,个,3,个,MacRumors,https://www.macrumors.com,,
虚拟现实视频系统,沉浸式体验系统,多层PCB,AMD Ryzen,>8K,>45Gbps,2,个,100,个,5,个,VR技术论坛,http://www.vrtechforum.com,,
多通道视频捕捉系统,监控与分析系统,单层PCB,Intel Core i9,4K,>10Gbps,1,个,65,个,2,个,Security Magazine,https://www.securitymagazine.com,,
多媒体会议系统,会议直播系统,双层PCB,Cisco TelePresence,>4K,>20Gbps,1,个,110,个,3,个,Telecom Review,https://telecomreview.com,,
增强现实显示系统,视听增强系统,多层PCB,ARM Cortex A系列,8K,>35Gbps,2,个,130,个,4,个,AR技术汇,https://www.artechweekly.com,,
超高清游戏系统,游戏渲染系统,多层PCB,Intel i7系列,>4K,>40Gbps,1,个,140,个,3,个,GameSpot,https://www.gamespot.com,,
超高清直播系统,云计算系统,多层PCB,Qualcomm Snapdragon,>4K,>50Gbps,2,个,120,个,6,个,科技日报,http://www.stdaily.com,,
4K图像处理器系统,图像处理系统,双面PCB,NVIDIA Tegra,4K,>15Gbps,1,个,95,个,4,个,电子技术杂志,http://www.electronicstimes.com,,
虚拟现实显示系统,VR系统,多层PCB,AMD Ryzen,1080P,>30Gbps,2,个,110,个,5,个,AR/VR开发者社区,https://developer.oculus.com,,
深度学习视频分析系统,AI处理系统,单层PCB,Google TPU,>8K,>45Gbps,1,个,70,个,2,个,机器学习论坛,https://mlcommunity.com,,
多摄影机同步系统,视频监控系统,三层PCB,Intel i7,2K,>25Gbps,3,个,140,个,4,个,监控技术交流网,http://www.cctvtech.com,,
AI驱动的视频流处理系统,流媒体系统,多层PCB,Baidu Kunlun,>6K,>28Gbps,1,个,90,个,3,个,科技创新网,https://www.sciencenet.cn,,
移动终端视频编解码系统,移动设备系统,单层PCB,MediaTek Dimensity,>4K,>32Gbps,1,个,75,个,2,个,移动通信杂志,http://www.mobilecomm.com,,
边缘计算视频处理系统,边缘计算系统,多层PCB,Rockchip RK3399,2K,>20Gbps,2,个,80,个,5,个,边缘计算开发者社区,https://www.edgeai.dev,,
超接近视频分析系统,实时视频处理系统,双面PCB,Raspberry Pi 4,1080P,>12Gbps,1,个,60,个,2,个,开源硬件论坛,https://www.oshpark.com,,
未来视频讲解系统,教育应用系统,多层PCB,Apple M1,>6K,>35Gbps,1,个,100,个,3,个,教育技术网,https://www.edtech.com,,
多功能视频分配系统,分配与处理系统,多层PCB,Qualcomm Snapdragon系列,8K,>50Gbps,2,个,120,个,6,个,技术论坛,https://www.techforum.com/articles,,
超高清视频录制系统,录制与存储系统,单层PCB,AMD Ryzen系列,>8K,>25Gbps,2,个,95,个,4,个,科技评论,https://www.techreview.com/,,
4K超高清视频解码系统,编解码系统,双层PCB,NVIDIA Jetson系列,4K,>15Gbps,1,个,60,个,3,个,电子市场,https://www.electronicmarket.com/,,
智能视频监控系统,监控系统,多层PCB,Apple M1,6K,>35Gbps,2,个,145,个,5,个,安防专业网站,https://www.securityprofessional.com/,,
虚拟现实视频处理系统,虚拟现实系统,多层PCB,Intel Core i9,>8K,>45Gbps,3,个,200,个,7,个,虚拟现实开发者社区,https://www.vrdevcommunity.com/,,
云视频广播系统,云计算系统,单层PCB,Google Tensor,8K,>30Gbps,1,个,110,个,3,个,数字媒体评论,https://www.digitalmediareview.com/,,
高清内容交互系统,交互式系统,多层PCB,Raspberry Pi 4,1080p,>10Gbps,1,个,70,个,2,个,开源社区,https://www.opensourcecommunity.com/,,
高性能视频渲染系统,渲染系统,双层PCB,AMD Threadripper,>8K,>40Gbps,2,个,175,个,5,个,创意软件社区,https://www.creativesoftwarecommunity.com/,,
实时流媒体系统,流媒体系统,单层PCB,Arm Cortex-A77,4K,>20Gbps,1,个,90,个,3,个,网络视频技术论坛,https://www.networkvideoforum.com/,,
AI视频分析系统,智能解析系统,多层PCB,NVIDIA Jetson Xavier,8K,>50Gbps,2,个,120,个,6,个,技术博客,https://www.techblog.com/ai-video-analysis,,
超高清展览系统,展示系统,多层PCB,AMD Ryzen 9,>16K,>60Gbps,2,个,200,个,10,个,行业新闻,https://www.industrynews.com/ultra-hd-exhibition,,
高效流媒体系统,网络流媒体系统,单层PCB,Intel Core i9,8K,>35Gbps,1,个,75,个,4,个,专业期刊,https://www.techjournal.com/high-speed-streaming,,
虚拟现实显示系统,沉浸式系统,单层PCB,Qualcomm Snapdragon 888,4K,>25Gbps,1,个,85,个,2,个,科技论坛,https://www.techforum.com/vr-display-systems,,
云端视频处理系统,云服务系统,多层PCB,Google TPU,>8K,>45Gbps,3,个,150,个,7,个,云计算网站,https://www.cloud-computing.com/video-processing,,
移动视频监控系统,安全监控系统,多层PCB,ARM Cortex A系列,1080p,>10Gbps,1,个,90,个,3,个,监控技术网站,https://www.securitytech.com/mobile-monitoring,,
全景视频捕捉系统,捕捉系统,多层PCB,Intel Core i7,>8K,>30Gbps,2,个,60,个,5,个,摄影论坛,https://www.photographyforum.com/panorama-capture,,
智能视频监测系统,监测系统,单层PCB,Raspberry Pi 4,4K,>15Gbps,1,个,70,个,3,个,开源社区,https://www.opensourcecommunity.com/intelligent-monitoring,,
超低延迟直播系统,直播系统,多层PCB,Apple M1,>8K,>40Gbps,2,个,110,个,6,个,流媒体平台,https://www.streamingplatform.com/low-latency,,
云端视频处理系统,云计算加速系统,多层PCB,NVIDIA A100,8K,>50Gbps,2,个,120,个,6,个,NVIDIA开发者论坛,https://developer.nvidia.com,,
超高清墙面显控系统,显示控制系统,单层PCB,Intel i9,>16K,>25Gbps,1,个,200,个,4,个,华为开发者网站,https://developer.huawei.com,,
智能视频监控系统,安防监控系统,多层PCB,Raspberry Pi 4,4K,>15Gbps,1,个,60,个,2,个,GitHub开源项目,https://github.com,,
实时视频流处理系统,数据处理系统,多层PCB,AMD Ryzen 9,8K,>40Gbps,2,个,150,个,5,个,技术日报,https://www.techdaily.com,,
分布式视频编码系统,编解码系统,双层PCB,Qualcomm Snapdragon,4K,>10Gbps,1,个,75,个,3,个,IEEE会议论文,https://www.ieee.org,,
高效视频流传输系统,流媒体系统,多层PCB,Apple M1,>8K,>30Gbps,1,个,90,个,4,个,VentureBeat,https://venturebeat.com,,
高性能视频编辑系统,计算机编辑系统,单层PCB,Intel Core i7,>8K,>20Gbps,1,个,130,个,3,个,Adobe官方博客,https://blog.adobe.com,,
高效图像处理系统,图像优化系统,多层PCB,Xilinx Zynq,4K,>12Gbps,2,个,110,个,4,个,创意论坛,https://www.creativeforum.com,,
次世代互动视频系统,交互系统,单层PCB,Google TPU,>4K,>15Gbps,1,个,95,个,2,个,数字趋势网站,https://www.digitaltrends.com,,
智能家庭影院系统,多媒体处理系统,双层PCB,Qualcomm Snapdragon,8K,>50Gbps,2,个,200,个,6,个,家居科技网,https://www.techhome.com/,,
直播转码系统,流媒体系统,多层PCB,AMD Ryzen,>4K,>25Gbps,1,个,120,个,5,个,直播方案网,https://www.live solutions.com/,,
VR视频处理单元,沉浸式显示系统,单层PCB,NVIDIA RTX系列,超宽4K,>30Gbps,1,个,160,个,4,个,虚拟现实研究杂志,https://www.vrjournal.com/,,
商用大屏显示系统,动态广告系统,多层PCB,Intel Core i7,>8K,>35Gbps,3,个,180,个,8,个,商业科技论坛,https://www.businesstechforum.com/,,
远程视频监控系统,安全监控系统,单层PCB,ARM Cortex A系列,4K,>15Gbps,2,个,140,个,7,个,安防行业网,https://www.securityindustry.com/,,
数据中心视频矩阵系统,信号分配系统,多层PCB,Xeon Scalable,>6K,>40Gbps,4,个,250,个,9,个,数据中心报,https://www.datacenternews.com/,,
移动多媒体播放系统,便携式设备,单层PCB,MediaTek Helio,1080p,>10Gbps,1,个,90,个,2,个,消费电子网,https://www.consumerelectronics.com/,,
企业级视频会议系统,通信协作系统,多层PCB,Apple M1,4K,>20Gbps,2,个,110,个,5,个,企业IT论坛,https://www.enterpriseitforum.com/,,
云端视频流平台,云计算系统,单层PCB,Google TPUs,>8K,>45Gbps,1,个,130,个,6,个,云计算专刊,https://www.cloudcomputingmag.com/,,
高清视频监控系统,监控系统,双层PCB,Qualcomm Snapdragon,4K,>50Gbps,1,个,120,个,6,个,Security Today,https://www.securitytoday.com/,,
流媒体直播系统,流媒体传输系统,多层PCB,AMD Ryzen,6K,>30Gbps,2,个,75,个,5,个,Streaming Media Magazine,https://www.streamingmedia.com/,,
虚拟现实解码系统,虚拟现实系统,单层PCB,NVIDIA RTX系列,8K,>25Gbps,1,个,90,个,4,个,VR Focus,https://www.vrfocus.com/,,
高效视频编码系统,编解码系统,多层PCB,Intel Core i9,>8K,>40Gbps,2,个,110,个,3,个,TechRadar,https://www.techradar.com/,,
移动高端显示系统,移动显示系统,单层PCB,Apple M1,5K,>10Gbps,1,个,65,个,2,个,MacRumors,https://www.macrumors.com/,,
互动式投影系统,投影显示系统,多层PCB,Raspberry Pi 4,4K,>15Gbps,1,个,50,个,3,个,IEEE Spectrum,https://spectrum.ieee.org/,,
高保真音频视频整合系统,音视频整合系统,多层PCB,Google Tensor,8K,>40Gbps,2,个,150,个,6,个,TechCrunch,https://techcrunch.com/,,
实时3D渲染系统,渲染系统,单层PCB,AMD Threadripper,6K,>35Gbps,1,个,80,个,5,个,AnandTech,https://www.anandtech.com/,,
边缘计算视频系统,边缘计算系统,多层PCB,Intel NUC,4K,>20Gbps,1,个,70,个,4,个,Edge Computing World,https://www.edgecomputingworld.com/,,
云端视频处理系统,云计算系统,双层PCB,AMD Ryzen系列,8K,>50Gbps,2,个,120,个,6,个,云科技论坛,https://www.cloudtechforum.com,,
4K实时监控系统,监控系统,多层PCB,NVIDIA Jetson,4K,>30Gbps,1,个,90,个,4,个,安防行业资讯,https://www.securitynews.com,,
超高清视频图像处理系统,图像处理系统,多层PCB,Intel Core i9,>8K,>35Gbps,1,个,160,个,5,个,科技日报,https://www.stdaily.com,,
智能家居视频系统,智能家居系统,单层PCB,Qualcomm Snapdragon,4K,>15Gbps,1,个,70,个,2,个,智能家居网,https://www.smarthome.com,,
移动多媒体展示系统,便携展示系统,多层PCB,Apple M1芯片,4K,>25Gbps,2,个,110,个,3,个,IT之家,https://www.ithome.com,,
超高清直播系统,直播系统,双层PCB,基于RISC-V架构的处理器,>8K,>45Gbps,1,个,140,个,4,个,直播技术论坛,https://www.livetechforum.com,,
校园高清演示系统,教育系统,单层PCB,Raspberry Pi系列,2K,>10Gbps,1,个,50,个,2,个,教育部科技发展中心,https://www.moe.gov.cn,,
智能工业视频监控系统,工业监控系统,多层PCB,Texas Instruments Sitara,>4K,>20Gbps,2,个,130,个,3,个,工业自动化报道,https://www.iareport.com,,
游戏视频输出系统,娱乐游戏系统,双层PCB,Intel i7系列,8K,>40Gbps,2,个,200,个,5,个,游戏开发者社区,https://www.gamedev.net,,
超高清显示控制器,硬件加速系统,多层PCB,NVIDIA Jetson Xavier,8K,>50Gbps,2,个,120,个,6,个,电子技术应用,https://www.elecfans.com,,
智能电视图像处理系统,集成系统,单层PCB,Qualcomm Snapdragon,4K,>25Gbps,1,个,90,个,2,个,TechCrunch,https://techcrunch.com,,
云视频会议系统,网络传输系统,多层PCB,Intel Core i9,8K,>30Gbps,2,个,110,个,4,个,Zoom Video Communications,https://zoom.us,,
虚拟现实视频渲染系统,图像处理系统,多层PCB,AMD Ryzen 9,>8K,>40Gbps,2,个,130,个,5,个,虚拟现实协会,https://www.vrassociation.org,,
多格式视频服务器,网络服务系统,单层PCB,IBM POWER9,4K,>15Gbps,1,个,75,个,3,个,视频技术论坛,https://www.videotechnologyforum.com,,
8K内容播放系统,输出系统,多层PCB,Apple M1,8K,>50Gbps,1,个,85,个,2,个,苹果开发者社区,https://developer.apple.com,,
直播视频传输系统,网络传输系统,多层PCB,Teradek Cube,4K,>35Gbps,2,个,100,个,3,个,直播中国,https://www.zhibo.cn,,
无线视频接收机,接收系统,单层PCB,Xilinx Zynq,8K,>45Gbps,1,个,95,个,2,个,维基百科,https://zh.wikipedia.org,,
AI视频监控系统,智能处理系统,多层PCB,Google TPU,4K,>20Gbps,2,个,110,个,4,个,安防行业协会,https://securityassociation.org,,
家庭4K媒体中心,多媒体系统,单层PCB,Raspberry Pi 4,4K,>10Gbps,1,个,70,个,2,个,开源社区,https://www.raspberrypi.org,,
超高频显示处理系统,图像处理系统,多层PCB,NVIDIA Jetson AGX Xavier,16K,>50Gbps,2,个,200,个,6,个,IEEE Spectrum,https://spectrum.ieee.org/,,
智能视频监控系统,监控系统,双层PCB,Qualcomm Snapdragon,4K,>15Gbps,1,个,120,个,4,个,智能安防网,https://www.securitron.com/,,
超高清直播系统,直播传输系统,多层PCB,AMD Ryzen 7,>8K,>25Gbps,2,个,160,个,5,个,直播科技网,https://www.livestream.com/,,
智慧城市显示控制系统,信息展示系统,单层PCB,Intel Core i9,8K,>32Gbps,2,个,135,个,2,个,城市科技论坛,https://www.smartcityforum.com/,,
车载视频增强系统,车载系统,多层PCB,Tesla FSD Chip,6K,>18Gbps,1,个,90,个,3,个,汽车电子技术网,https://www.autoelectronics.com/,,
超高清家庭影院系统,家庭娱乐系统,双层PCB,Apple M1,8K,>22Gbps,2,个,110,个,4,个,家电在线,https://www.homeappliances.com/,,
医疗影像处理系统,医用影像系统,多层PCB,ARM Cortex-A78,4K,>10Gbps,1,个,75,个,3,个,医疗信息网,https://www.healthcareitnews.com/,,
虚拟现实图像处理系统,VR系统,多层PCB,NVIDIA RTX 3080,6K,>30Gbps,1,个,130,个,5,个,虚拟现实杂志,https://www.virtualrealitymagazine.com/,,
云计算视频处理系统,云服务系统,单层PCB,Google TPU,8K,>40Gbps,1,个,140,个,3,个,云计算行业观察,https://www.cloudcomputingobserver.com/,,
4K直播系统,视频捕捉系统,多层PCB,NVIDIA Jetson,4K,>25Gbps,1,个,90,个,6,个,TechCrunch,https://techcrunch.com,,
高性能图形处理系统,图像处理系统,高密度PCB,AMD Ryzen,>8K,>60Gbps,2,个,120,个,8,个,电子工程师网,https://www.elecfans.com,,
云计算视频处理系统,云平台系统,单层PCB,Apple M1,6K,>15Gbps,1,个,75,个,4,个,Gartner报告,https://www.gartner.com,,
智能监控系统,安全监控系统,多层PCB,Qualcomm Snapdragon,4K,>20Gbps,1,个,110,个,5,个,行业观察,https://www.industryobservations.com,,
次世代媒体播放系统,多媒体播放系统,高密度PCB,Intel Core i9,>8K,>50Gbps,1,个,100,个,7,个,CNET,https://www.cnet.com,,
超高清晰度电视接收系统,信号接收系统,双面PCB,HISILICON,4K,>10Gbps,2,个,95,个,4,个,国际电子公司,https://www.ieee.org,,
集成视频传播系统,媒体整合系统,单层PCB,Raspberry Pi,1080P,>5Gbps,1,个,60,个,2,个,Maker Technology,https://www.maketechnology.com,,
超低延迟渲染系统,实时渲染系统,多层PCB,FPGA,>4K,>35Gbps,2,个,85,个,6,个,技术论坛,https://www.technologystack.com,,
植物工厂视频监控系统,环境监控系统,复合PCB,Texas Instruments,4K,>12Gbps,1,个,70,个,3,个,农业科技,https://www.agriculturaltech.com,,
虚拟现实视频引擎系统,虚拟现实系统,多层PCB,Intel i7,>8K,>45Gbps,1,个,100,个,5,个,VR技术论坛,https://www.vrtechforum.com,,
超高清显示处理系统,硬件解码系统,多层PCB,NVIDIA Tegra,8K,>50Gbps,2,个,200,个,6,个,电子技术应用,https://www.elecfans.com/,,
网络游戏管理系统,云计算系统,单层PCB,AMD Ryzen 9,>4K,>10Gbps,1,个,75,个,2,个,技术周刊,https://www.techweekly.com/,,
超高清视频采集系统,采集与处理系统,多层PCB,Qualcomm Snapdragon 8,8K,>25Gbps,2,个,120,个,7,个,IEEE 会议记录,https://www.ieee.org/,,
自适应编码视频流系统,算法优化系统,多层PCB,Xilinx Zynq UltraScale+,>6K,>35Gbps,2,个,90,个,5,个,TechCrunch,https://techcrunch.com/,,
多功能高清视频解码系统,实时处理系统,双层PCB,Broadcom BCM chips,4K,>15Gbps,1,个,110,个,3,个,公司白皮书,https://www.company.com/whitepapers,,
超高分辨率流媒体系统,流媒体处理系统,单层PCB,Apple M1,>8K,>40Gbps,1,个,140,个,4,个,NDTV,https://www.ndtv.com/,,
视觉增强处理系统,图像处理系统,多层PCB,Texas Instruments TMS320,>4K,>20Gbps,2,个,65,个,2,个,电子产品设计,https://www.electronicdesign.com/,,
实时视频分析系统,智能监控系统,单层PCB,Google Coral TPU,>4K,>15Gbps,1,个,50,个,2,个,智能城市研究,https://www.smartcitiesresearch.com/,,
4K游戏体验增强系统,游戏处理系统,双层PCB,Intel i7,>4K,>30Gbps,2,个,135,个,3,个,GameSpot,https://www.gamespot.com/,,
AI 视频分析系统,智能分析系统,多层PCB,NVIDIA Jetson Xavier,8K,>50Gbps,2,个,200,个,6,个,IEEE Xplore,https://ieeexplore.ieee.org/,,
云渲染系统,分布式渲染系统,双面PCB,AMD EPYC,>8K,>35Gbps,3,个,180,个,4,个,TechCrunch,https://techcrunch.com/,,
超高分辨率视频解码器系统,编解码系统,多层PCB,Qualcomm Snapdragon,8K,>45Gbps,1,个,90,个,5,个,AI Research,https://www.aitrends.com/,,
虚拟现实视频处理器,实时处理系统,单层PCB,Apple M1,6K,>25Gbps,1,个,75,个,2,个,VR Focus,https://www.vrfocus.com/,,
游戏流媒体分发系统,流媒体系统,多层PCB,Intel Core i9,8K,>60Gbps,2,个,120,个,7,个,Gamasutra,https://www.gamasutra.com/,,
增强现实视频显示系统,显示系统,双面PCB,Samsung Exynos,4K,>15Gbps,2,个,160,个,3,个,CNET,https://www.cnet.com/,,
高动态范围 (HDR) 视频处理器,图像处理系统,多层PCB,Raspberry Pi,4K,>10Gbps,1,个,65,个,4,个,Engadget,https://www.engadget.com/,,
网络视频交换机,网络系统,多层PCB,Texas Instruments DSP,>8K,>40Gbps,2,个,110,个,6,个,Digital Trends,https://www.digitaltrends.com/,,
云计算视频处理系统,计算系统,双面PCB,Alibaba Cloud Computing,>4K,>30Gbps,3,个,140,个,5,个,Cloud Computing Journal,https://www.cloudcomputingjournal.com/,,
高性能云计算系统,虚拟化系统,多层PCB,AMD EPYC,>8K,>50Gbps,3,个,200,个,6,个,TechCrunch,https://techcrunch.com,,
移动视频监控系统,移动设备系统,单层PCB,Qualcomm Snapdragon,>4K,>10Gbps,2,个,120,个,4,个,IEEE Spectrum,https://spectrum.ieee.org,,
专业投影系统,图像显示系统,双层PCB,NVIDIA Pascal,4K,>20Gbps,1,个,90,个,3,个,DisplayDaily,https://www.displaydaily.com,,
自适应流媒体系统,在线流媒体系统,多层PCB,Arm Cortex-A78,>8K,>30Gbps,2,个,160,个,5,个,Streaming Media,https://www.streamingmedia.com,,
虚拟现实显示系统,沉浸式系统,双层PCB,Intel Core i9,>4K,>15Gbps,1,个,110,个,2,个,VRFocus,https://www.vrfocus.com,,
4K游戏主机系统,游戏加速系统,单层PCB,AMD Ryzen 7,>4K,>25Gbps,2,个,130,个,4,个,IGN,https://www.ign.com,,
沉浸式视频会议系统,视频通信系统,多层PCB,Apple M1,>8K,>40Gbps,2,个,140,个,5,个,Forbes,https://www.forbes.com,,
边缘计算图像处理系统,边缘计算系统,单层PCB,NVIDIA Jetson,>4K,>20Gbps,2,个,80,个,3,个,Edge AI News,https://www.edge-ai-news.com,,
多格式视频转换系统,视频处理系统,多层PCB,Intel i7系列,>4K,>15Gbps,1,个,70,个,2,个,VideoMaker,https://www.videomaker.com,,
智能视频监控系统,安全监控系统,多层PCB,NVIDIA Jetson系列,8K,>50Gbps,3,个,120,个,6,个,电子产品世界,https://www.eepw.com.cn/,,
高性能视频服务器,存储传输系统,多层PCB,AMD EPYC,>12K,>25Gbps,2,个,200,个,8,个,专利数据库,https://www.freepatentsonline.com/,,
交互式显示系统,显示集成系统,双层PCB,Qualcomm Snapdragon系列,4K,>10Gbps,1,个,70,个,2,个,TechCrunch,https://techcrunch.com/,,
虚拟现实播放系统,多媒体播放系统,单层PCB,Intel i9,8K,>40Gbps,2,个,150,个,5,个,VR技术论坛,https://forum.vrtechnologies.com/,,
超高分辨率黑科技显示系统,新型显示技术,三层PCB,Raspberry Pi 4,10K,>30Gbps,1,个,110,个,4,个,IEEE会议论文,https://ieeexplore.ieee.org/,,
直播视频流媒体系统,实时媒体系统,多层PCB,Apple M1,>8K,>15Gbps,1,个,95,个,3,个,数字音频视觉杂志,https://www.digimedia.com/,,
云视频会议系统,网络协作系统,单层PCB,Intel Xeon W系列,>6K,>20Gbps,1,个,50,个,2,个,IT之家,https://www.ithome.com/,,
移动高清播放系统,便携式设备,双层PCB,MediaTek Dimensity系列,4K,>5Gbps,1,个,60,个,3,个,硬件开发者论坛,https://www.hwdevforum.com/,,
下一代网络流媒体系统,内容分发网络,多层PCB,Huawei Kunpeng,8K,>60Gbps,2,个,180,个,7,个,云计算技术日报,https://www.cloudtechdaily.com/,,
云端视频渲染系统,云计算系统,多层PCB,AMD EPYC,8K,>50Gbps,2,个,120,个,6,个,行业论坛,https://www.hardwaretimes.com,,
超高清视频监控系统,监控系统,单层PCB,NVIDIA Jetson,>4K,>15Gbps,1,个,75,个,2,个,安防科技展,https://www.securityinfowatch.com,,
实时视频流媒体系统,流媒体系统,多层PCB,Apple M1,>8K,>35Gbps,2,个,110,个,4,个,科技博客,https://www.techradar.com,,
3D图形渲染系统,图形处理系统,多层PCB,Intel Core i9,4K,>22Gbps,1,个,90,个,3,个,科学研究,https://www.sciencedirect.com,,
游戏流媒体传输系统,网络传输系统,单层PCB,Qualcomm Snapdragon,4K,>30Gbps,1,个,85,个,5,个,行业新闻,https://www.gamasutra.com,,
多媒体播放器系统,播放系统,单层PCB,Raspberry Pi,>1080p,>10Gbps,1,个,60,个,2,个,开源社区,https://www.raspberrypi.org,,
虚拟现实渲染系统,虚拟现实系统,多层PCB,NVIDIA RTX 3080,>8K,>40Gbps,2,个,135,个,6,个,科技杂志,https://www.tomshardware.com,,
高清视频会议系统,通信系统,多层PCB,Intel i7,>4K,>25Gbps,1,个,150,个,3,个,远程办公平台,https://www.zoom.us,,
人工智能视频分析系统,分析系统,多层PCB,Google TPU,>8K,>60Gbps,2,个,120,个,5,个,技术研究群,https://www.ai.google/research/,,
4K视频解码器系统,编解码系统,多层PCB,AMD Ryzen系列,>4K,>25Gbps,2,个,120,个,6,个,技术博客,https://www.techblog.com,,
全景视频处理系统,图像处理系统,多层PCB,NVIDIA Jetson系列,>6K,>35Gbps,1,个,200,个,5,个,高清视频论坛,https://www.videoforum.com,,
实时视频分析系统,数据分析系统,单层PCB,Intel i9系列,>8K,>40Gbps,2,个,250,个,8,个,学术期刊,https://www.journaloftech.com,,
视频信号增强系统,信号处理系统,多层PCB,Qualcomm Snapdragon,>4K,>15Gbps,1,个,75,个,4,个,业内评价,https://www.industryreview.com,,
虚拟现实视频系统,沉浸式系统,多层PCB,ARM Cortex A系列,>8K,>50Gbps,3,个,300,个,10,个,技术前沿,https://www.techfrontiers.com,,
增强现实直播系统,直播系统,单层PCB,Apple M1,>4K,>30Gbps,2,个,90,个,3,个,开发者社区,https://www.developercommunity.com,,
高清视频监控系统,监控系统,多层PCB,Intel Core i7,>8K,>25Gbps,2,个,180,个,6,个,行业研究,https://www.researchindustry.com,,
云处理视频系统,云计算系统,单层PCB,Google TPU,>8K,>45Gbps,1,个,160,个,7,个,科技新闻,https://www.technews.com,,
移动视频处理系统,移动平台系统,多层PCB,MediaTek Dimensity,>4K,>20Gbps,1,个,110,个,4,个,电子工程,https://www.electronicsengineering.com,,
超高清视频渲染系统,渲染系统,单层PCB,Intel i5,>8K,>32Gbps,2,个,140,个,5,个,IT周刊,https://www.itweekly.com,,
专业视频监控系统,安全监控系统,四层PCB,AMD Ryzen系列,4K,>25Gbps,2,个,120,个,6,个,TechRadar,https://www.techradar.com/news,,
增强现实显示系统,互动展示系统,多层PCB,NVIDIA Jetson,>8K,>50Gbps,3,个,200,个,8,个,IEEE Spectrum,https://spectrum.ieee.org,,
云视频会议系统,云服务系统,单层PCB,Apple M1,1080p,>15Gbps,1,个,90,个,4,个,TechCrunch,https://techcrunch.com,,
移动RTSP流媒体系统,实时传输系统,多层PCB,Qualcomm Snapdragon,4K,>30Gbps,2,个,145,个,5,个,Gizmodo,https://www.gizmodo.com,,
智能家居控制系统,家庭自动化系统,双层PCB,Raspberry Pi,1080p,>10Gbps,1,个,60,个,3,个,Android Authority,https://www.androidauthority.com,,
车载多媒体系统,车载娱乐系统,多层PCB,Intel Core i5,4K,>20Gbps,2,个,75,个,4,个,Wired,https://www.wired.com,,
体育赛事直播系统,直播流媒体系统,四层PCB,Xeon Scalable,>8K,>40Gbps,1,个,125,个,5,个,Broadband TV News,https://www.broadbandtvnews.com,,
航空航天通信系统,高精度通信系统,多层PCB,SpaceCube,4K,>35Gbps,3,个,180,个,10,个,Aerospace & Defense Technology,https://www.aerospacetesting.com,,
虚拟现实游戏系统,互动娱乐系统,双层PCB,Intel i9,>8K,>45Gbps,2,个,110,个,6,个,PC Gamer,https://www.pcgamer.com,,
教育远程直播系统,在线学习系统,单层PCB,MediaTek Dimensity,1080p,>12Gbps,1,个,95,个,3,个,EdSurge,https://edsurge.com,,
超高清液晶显示系统,显示解决方案,复合PCB,AMD Ryzen系列,8K,>30Gbps,2,个,200,个,7,个,硬件论坛,https://www.hardwareforum.com,,
智能边缘计算系统,边缘计算系统,多层PCB,Intel Core i9,>4K,>25Gbps,1,个,120,个,6,个,IEEE Xplore,https://ieeexplore.ieee.org,,
专业视频监控系统,监控解决方案,单层PCB,NVIDIA Jetson,>4K,>10Gbps,2,个,75,个,2,个,安防技术杂志,https://www.securitytechnology.com,,
虚拟现实显示系统,沉浸式体验系统,多层PCB,Qualcomm Snapdragon,>6K,>15Gbps,2,个,110,个,4,个,VR开发者博客,https://www.vrdeveloperblog.com,,
多媒体发布系统,内容分发网络,双层PCB,ARM Cortex A系列,8K,>50Gbps,3,个,140,个,5,个,内容分发技术论坛,https://www.cdnforum.com,,
云端视频渲染系统,云计算系统,多层PCB,AMD EPYC,>8K,>60Gbps,2,个,200,个,8,个,云计算研究院,https://www.cloudcomputingresearch.org,,
互动电子游戏显示系统,游戏硬件系统,单层PCB,NVIDIA GTX系列,>4K,>35Gbps,1,个,90,个,3,个,游戏开发者社区,https://gamedevelopercommunity.com,,
高效数据转码系统,数据处理系统,多层PCB,IBM Power系统,>8K,>40Gbps,1,个,130,个,6,个,大数据协会,https://www.bigdataassociation.com,,
高性能实时流媒体系统,流媒体解决方案,复合PCB,Apple M1,>6K,>20Gbps,2,个,95,个,5,个,流媒体技术网站,https://www.streamingtech.com,,
云端视频播放器系统,流媒体传输系统,单层PCB,Raspberry Pi 4,4K,>15Gbps,1,个,60,个,2,个,开发者论坛,https://www.developerforum.com,,
高清直播系统,现场传输系统,多层PCB,NVIDIA Jetson,>8K,>50Gbps,2,个,120,个,6,个,技术博客,https://www.techblog.com,,
全景视频处理系统,图像处理系统,多层PCB,AMD Ryzen 9,8K,>35Gbps,1,个,90,个,3,个,知网,https://www.cnki.net,,
虚拟现实视频系统,沉浸式系统,单层PCB,Qualcomm Snapdragon,>4K,>20Gbps,1,个,70,个,4,个,VR开发社区,https://www.vrdevelopers.com,,
智能监控系统,图像监控系统,多层PCB,Intel i7,>6K,>25Gbps,2,个,110,个,5,个,安全技术论坛,https://www.safetytechforum.com,,
数字广告显示系统,数字标牌系统,单层PCB,Apple M1,8K,>45Gbps,1,个,80,个,3,个,数字广告网络,https://www.digitaladvertising.com,,
多通道音视频系统,音视频混合系统,多层PCB,XilinxZynq,>4K,>28Gbps,2,个,130,个,4,个,技术报告,https://www.techreport.com,,
增强现实互动系统,AR体验系统,单层PCB,NVIDIA RTX 3080,>4K,>30Gbps,1,个,75,个,3,个,AR开发者社区,https://www.aRdevcommunity.com,,
高性能流媒体处理系统,高并发传输系统,多层PCB,Xeon Scalable,>10K,>60Gbps,3,个,150,个,8,个,专业技术频道,https://www.techchannel.com,,
高动态视频系统,图像处理系统,多层PCB,NVIDIA Jetson Xavier,8K,>50Gbps,2,个,120,个,6,个,IEEE Xplore,https://ieeexplore.ieee.org,,
超高清游戏处理器,图形处理系统,单层PCB,AMD Ryzen 7,>4K,>25Gbps,1,个,75,个,4,个,游戏开发者网,https://www.gamasutra.com,,
云视频编码系统,云计算系统,多层PCB,Intel Core i9,>8K,>30Gbps,3,个,110,个,5,个,TechCrunch,https://techcrunch.com,,
视频监控系统,安全系统,混合PCB,Qualcomm Snapdragon,4K,>15Gbps,2,个,90,个,3,个,中国安防网,https://www.securitychina.com,,
移动媒体播放系统,移动设备系统,单层PCB,Apple M1,>6K,>18Gbps,1,个,65,个,2,个,苹果开发者网站,https://developer.apple.com,,
增强现实投影系统,增强现实系统,多层PCB,NVIDIA Turing,>8K,>35Gbps,4,个,140,个,7,个,科技前沿,https://www.frontiersin.org,,
无缝视频编辑系统,编辑处理系统,多层PCB,AMD Epyc,>4K,>20Gbps,1,个,85,个,4,个,视频制作网,https://videomaker.com,,
个人影院系统,家庭娱乐系统,单层PCB,Raspberry Pi 4,>4K,>10Gbps,1,个,50,个,3,个,DIY论坛,https://forum.diy.com,,
智能展示系统,互动展示系统,混合PCB,MediaTek Dimensity,>8K,>40Gbps,2,个,130,个,5,个,展览设备网,https://www.exhibitrade.com,,
高性能视频处理系统,硬件加速系统,多层PCB,NVIDIA Jetson Xavier,8K,>50Gbps,3,个,200,个,6,个,TechCrunch,https://techcrunch.com,,
4K视频流服务器,网络传输系统,单层PCB,AMD EPYC,>4K,>25Gbps,2,个,120,个,4,个,数字视频网,https://www.dv.com,,
多通道视频播放器,播放系统,多层PCB,Apple M1,4K,>15Gbps,1,个,90,个,3,个,知乎,https://www.zhihu.com,,
高带宽视频采集系统,信号采集系统,混合电路板,Intel Core i9,>8K,>35Gbps,2,个,160,个,5,个,电子工程专辑,https://www.eejournal.com,,
云端视频处理平台,云计算系统,单层PCB,Google TPU,>8K,>45Gbps,1,个,75,个,4,个,AI开发者论坛,https://forum.ai.dev,,
IP视频监控系统,监控系统,多层PCB,Qualcomm Snapdragon,>4K,>10Gbps,2,个,130,个,6,个,安全与监控杂志,https://www.securitymagazine.com,,
增强现实视频处理单元,硬件加速系统,多层PCB,NVIDIA RTX 3080,>8K,>60Gbps,2,个,110,个,5,个,VR技术网,https://www.vrtechnologies.com,,
移动视频直播设备,直播系统,单层PCB,ARM Cortex A系列,>4K,>20Gbps,1,个,70,个,2,个,直播圈,https://www.livestreaming.com,,
数据驱动视频分析系统,分析系统,多层PCB,IBM Power9,>6K,>30Gbps,1,个,140,个,4,个,大数据时代,https://www.bigdatatimes.com,,
4K游戏处理系统,图形增强系统,多层PCB,AMD Ryzen 9,4K,>50Gbps,2,个,200,个,6,个,游戏硬件评测网,https://www.gamehardware.com,,
AI视频监控系统,智能分析系统,双层PCB,NVIDIA Jetson AGX Xavier,8K,>40Gbps,1,个,120,个,5,个,安防技术网,https://www.securitytechnology.com,,
全景视频系统,录影与回放系统,多层PCB,Intel Core i7,>6K,>25Gbps,2,个,150,个,4,个,视频制作平台,https://www.videoproduction.com,,
超高清实时转播系统,直播系统,多层PCB,Qualcomm Snapdragon,4K,>30Gbps,1,个,90,个,8,个,直播设备评测网,https://www.livetechreviews.com,,
沉浸式虚拟现实系统,交互系统,多层PCB,Apple M1 Pro,8K,>35Gbps,1,个,160,个,7,个,虚拟现实科技论坛,https://www.vrtechforum.com,,
高性能云视频系统,云计算平台,单层PCB,AMD EPYC,>8K,>45Gbps,2,个,140,个,5,个,云计算技术网,https://www.cloudcomputingtech.com,,
色彩调整系统,视频后期处理系统,多层PCB,Intel i9 11900K,>6K,>25Gbps,1,个,75,个,3,个,视频后期制作中心,https://www.postproductionhub.com,,
智能广告播放系统,广告管理系统,单层PCB,Raspberry Pi 4,4K,>15Gbps,1,个,60,个,4,个,数字广告网络,https://www.digitaladvertising.com,,
移动多媒体系统,移动应用系统,双层PCB,MediaTek Dimensity,>4K,>20Gbps,1,个,110,个,5,个,移动技术研究院,https://www.mobiletechresearch.com,,
高性能视频解码系统,编解码系统,多层PCB,NVIDIA Jetson,8K,>50Gbps,2,个,200,个,6,个,NVIDIA Developer Blog,https://developer.nvidia.com/blog,,
4K数字视频处理系统,硬件加速系统,双层PCB,AMD Ryzen 5000系列,4K,>10Gbps,1,个,75,个,2,个,TechRadar,https://www.techradar.com,,
AI视频分析系统,智能处理系统,多层PCB,Google TPU,>12K,>25Gbps,2,个,120,个,4,个,Google AI Blog,https://ai.googleblog.com,,
超高分辨率视频流系统,网络传输系统,单层PCB,Intel Core i9,8K,>15Gbps,1,个,60,个,3,个,AnandTech,https://www.anandtech.com,,
云端视频存储系统,数据存储系统,多层PCB,ARM Neoverse,>8K,>30Gbps,2,个,90,个,5,个,TechCrunch,https://techcrunch.com,,
移动视频播放系统,便携设备系统,单层PCB,Qualcomm Snapdragon,4K,>12Gbps,1,个,50,个,2,个,GSM Arena,https://www.gsmarena.com,,
城市监控视频系统,安防监控系统,多层PCB,NVIDIA Turing,>8K,>20Gbps,2,个,140,个,4,个,Security Info Watch,https://www.securityinfowatch.com,,
虚拟现实视频处理系统,沉浸式体验系统,多层PCB,AMD Radeon,>6K,>40Gbps,2,个,110,个,3,个,VRScout,https://vrscout.com,,
智能家居视频系统,家庭自动化系统,单层PCB,Raspberry Pi,1080p,>5Gbps,1,个,30,个,2,个,Home Assistant Community,https://www.home-assistant.io,,
动态内容服务器,内容传输系统,双层PCB,AMD Ryzen 9,8K,>50Gbps,2,个,120,个,6,个,TechCrunch,https://www.techcrunch.com,,
高清监控系统,安防监控系统,四层PCB,Qualcomm Snapdragon,>4K,>25Gbps,1,个,90,个,4,个,清华大学发表的研究,https://www.tsinghua.edu.cn,,
游戏平台专用服务器,游戏服务器,多层PCB,Intel i9,>8K,>60Gbps,3,个,200,个,8,个,游戏开发者论坛,https://www.gamedev.net,,
虚拟现实显示系统,VR系统,单层PCB,NVIDIA RTX 3080,8K,>40Gbps,2,个,150,个,5,个,Virtual Reality Society,https://www.vrs.org.uk,,
多功能图像处理系统,图像处理系统,多层PCB,Apple M1,4K,>20Gbps,1,个,110,个,3,个,CNet,https://www.cnet.com,,
高端流媒体平台,流媒体系统,双层PCB,AMD EPYC,>8K,>70Gbps,3,个,180,个,7,个,Streamline Media,https://www.streamline.media,,
数据中心视频处理系统,数据中心,多层PCB,Xeon Scalable,>8K,>50Gbps,2,个,250,个,10,个,Data Center Knowledge,https://www.datacenterknowledge.com,,
超高清视频监视系统,监视系统,四层PCB,ARM Cortex-A系列,>4K,>30Gbps,1,个,70,个,2,个,Security Magazine,https://www.securitymagazine.com,,
集成广播系统,广播系统,多层PCB,NVIDIA Tegra,>8K,>40Gbps,2,个,160,个,5,个,Broadcasting & Cable,https://www.broadcastingcable.com,,
超高清监控系统,视频监控系统,四层PCB,NVIDIA Jetson Xavier,8K,>50Gbps,2,个,120,个,6,个,智能科技论坛,https://www.smarttechforum.com,,
实时流媒体系统,数据传输系统,双层PCB,AMD EPYC,>10K,>25Gbps,2,个,90,个,4,个,流媒体技术协会,https://www.streamingtech.org,,
高性能数据处理系统,计算加速系统,六层PCB,IBM POWER10,8K,>40Gbps,3,个,200,个,8,个,数据科学研究所,https://www.datascienceinstitute.com,,
云端渲染系统,公有云系统,多层PCB,Tensor Processing Unit (TPU),8K,>60Gbps,1,个,70,个,5,个,谷歌开发者平台,https://cloud.google.com/developer,,
智能家居管理系统,物联网系统,单层PCB,Qualcomm Snapdragon,4K,>15Gbps,1,个,50,个,2,个,家居科技展,https://www.hometechshow.com,,
社交视频分享系统,社交媒体系统,多层PCB,Apple M1,8K,>30Gbps,1,个,120,个,3,个,社交媒体技术论坛,https://www.socialtechforum.com,,
虚拟现实渲染系统,图形处理系统,多层PCB,NVIDIA RTX 3080,4K,>10Gbps,2,个,85,个,6,个,虚拟现实行业协会,https://www.vrindustry.org,,
数字信号处理系统,信号处理系统,双层PCB,Texas Instruments DSP,4K,>20Gbps,2,个,45,个,3,个,电子工程师网,https://www.electronicengineer.com,,
边缘计算视频系统,边缘计算系统,四层PCB,Cypress PSoC,6K,>35Gbps,1,个,100,个,4,个,边缘计算论坛,https://www.edgecomputingforum.com,,
智能监控系统,视频分析系统,多层PCB,NVIDIA Jetson系列,4K,>50Gbps,2,个,120,个,6,个,科技前沿,https://www.techradar.com,,
虚拟现实显示系统,交互式显示系统,多层PCB,AMD Ryzen,6K,>30Gbps,1,个,110,个,4,个,虚拟现实资讯,https://www.vrfocus.com,,
移动媒体播放器系统,便携式播放系统,单层PCB,Qualcomm Snapdragon,1080p,>15Gbps,1,个,90,个,2,个,IT时代周刊,https://www.ittime.com,,
超高分辨率投影系统,影像投影系统,多层PCB,Intel Core i9,8K,>45Gbps,2,个,140,个,5,个,专业音视频网,https://www.proav.com,,
互动教育系统,学习管理系统,单层PCB,ARM Cortex-A系列,4K,>25Gbps,1,个,75,个,3,个,教育信息网,https://www.educationinfo.com,,
高清家庭影院系统,娱乐播放系统,多层PCB,Apple M1,8K,>60Gbps,2,个,130,个,4,个,家庭影音指南,https://www.hometheater.com,,
智能广播系统,音频传输系统,单层PCB,Raspberry Pi,1080p,>10Gbps,1,个,60,个,2,个,科技博客,https://www.techblog.com,,
云渲染系统,在线渲染系统,多层PCB,Xeon Scalable,>8K,>35Gbps,3,个,200,个,8,个,云计算评论,https://www.cloudcomputing.com,,
卫星视频传输系统,高可靠性传输系统,多层PCB,Texas Instruments DSP,>4K,>40Gbps,2,个,150,个,5,个,空间技术网,https://www.spacetech.com,,
高清电视播出系统,广播系统,单层PCB,MediaTek,4K,>20Gbps,1,个,95,个,3,个,电视行业资讯,https://www.tvindustrynews.com,,
实时流媒体平台,网络传输系统,单层PCB,AMD Ryzen 9,8K,>25Gbps,2,个,120,个,6,个,TechCrunch,https://techcrunch.com/,,
远程监控系统,监控系统,多层PCB,NVIDIA Jetson,4K,>10Gbps,1,个,60,个,2,个,IoT World News,https://www.iotworldnews.com/,,
超高分辨率量测仪,测量系统,双层PCB,Intel Core i7,8K,>30Gbps,3,个,250,个,8,个,EETimes,https://www.eetimes.com/,,
虚拟现实显示系统,显示系统,多层PCB,Qualcomm Snapdragon,8K,>15Gbps,1,个,90,个,4,个,VRFocus,https://www.vrfocus.com/,,
多屏幕展示系统,展示系统,多层PCB,Raspberry Pi 4,1080p,>5Gbps,1,个,75,个,3,个,DisplayDaily,https://www.displaydaily.com/,,
企业级视频会议系统,通信系统,单层PCB,Apple M1,>4K,>20Gbps,2,个,180,个,5,个,The Verge,https://www.theverge.com/,,
智能家居媒体中心,集成系统,双层PCB,MediaTek MT9617,4K,>10Gbps,1,个,65,个,2,个,Android Authority,https://www.androidauthority.com/,,
云端视频处理系统,云计算系统,多层PCB,Google TPUs,8K,>50Gbps,2,个,200,个,7,个,Gartner,https://www.gartner.com/,,
移动视频播放器,便携系统,单层PCB,Qualcomm Snapdragon 865,4K,>8Gbps,1,个,40,个,2,个,MobileSyrup,https://mobilesyrup.com/,,
4K渲染系统,图像处理系统,单层PCB,AMD Ryzen 9,4K,>30Gbps,2,个,200,个,6,个,TechCrunch,https://techcrunch.com,,
云视频监控系统,网络监控系统,多层PCB,NVIDIA Jetson,>8K,>50Gbps,1,个,160,个,4,个,时间财经,https://www.timeweekly.com,,
实时视频处理系统,高性能计算系统,多层PCB,Intel Core i9,>6K,>35Gbps,3,个,120,个,3,个,硬件之家,http://www.hardwarehome.com,,
高动态范围（HDR）处理系统,图像增强系统,单层PCB,Apple M1,8K,>25Gbps,2,个,90,个,5,个,科学技术日报,http://www.stdaily.com,,
视频流媒体系统,内容分发系统,多层PCB,Qualcomm Snapdragon,>4K,>45Gbps,1,个,75,个,2,个,电子技术应用,https://www.elecfans.com,,
虚拟现实视频系统,沉浸式媒体系统,多层PCB,Intel i7-11700K,>120Hz,>40Gbps,2,个,110,个,3,个,OVR Technology,https://www.ovrtechnology.com,,
移动高清播放系统,移动设备系统,单层PCB,ARM Cortex-A78,>4K,>20Gbps,1,个,55,个,4,个,Mobile World Congress,https://www.mwc.com,,
超高清视频录制系统,专业录制系统,多层PCB,NVIDIA A100,8K,>60Gbps,2,个,130,个,5,个,Videography Magazine,https://www.videomaker.com,,
低延迟高清视频传输系统,实时传输系统,单层PCB,Ryzen Threadripper,>4K,>50Gbps,1,个,85,个,2,个,光电信息,https://www.oe-info.com,,
超高清视频流处理系统,流媒体系统,高频PCB,NVIDIA Jetson Xavier,8K,>50Gbps,3,个,200,个,6,个,TechCrunch,https://techcrunch.com,,
智能输出系统,嵌入式系统,单层PCB,AMD Ryzen 5000系列,>4K,>25Gbps,2,个,120,个,2,个,电子工程师,https://www.eeboard.com,,
超高清监控系统,监控系统,多层PCB,Qualcomm Snapdragon系列,4K,>15Gbps,1,个,90,个,4,个,安防技术网,https://www.security1000.com,,
高清视频采集系统,采集系统,多层PCB,Texas Instruments TDA系列,8K,>35Gbps,2,个,140,个,5,个,IEEE时代,https://ieee.org,,
虚拟现实显示系统,虚拟现实系统,复合PCB,Apple M1,>4K,>28Gbps,1,个,110,个,3,个,VR技术论坛,https://www.vrtechforum.com,,
可扩展视频后处理系统,后处理系统,高密度PCB,Intel Core i9,>8K,>45Gbps,2,个,160,个,4,个,Nvidia开发者网站,https://developer.nvidia.com,,
深度学习视频分析系统,分析系统,多层PCB,Google TPUs,>6K,>40Gbps,3,个,130,个,5,个,AI前沿,https://www.aifrontier.com,,
高效视频编码系统,编码器系统,多层PCB,ARM Cortex-A系列,>4K,>20Gbps,1,个,100,个,2,个,Codec新观察,https://www.codecnews.com,,
全景视频处理系统,区域处理系统,单层PCB,Intel i7,>8K,>30Gbps,2,个,90,个,3,个,媒体科技周刊,https://www.mediaweekly.com,,
高性能视频服务器,云计算系统,多层PCB,AMD EPYC,8K,>50Gbps,3,个,200,个,6,个,TechCrunch,https://techcrunch.com,,
实时视频监控系统,监控系统,单层PCB,NVIDIA A100,>4K,>15Gbps,1,个,120,个,4,个,监控行业观察,https://www.securityindustry.org,,
高通量视频编码系统,编解码系统,多层PCB,Intel Core i9,>6K,>35Gbps,2,个,90,个,5,个,电子产品世界,https://www.eepw.com.cn,,
一体化直播系统,网络直播系统,多层PCB,Qualcomm Snapdragon,4K,>25Gbps,1,个,140,个,3,个,直播技术论坛,https://www.live-streaming.com,,
虚拟现实视频系统,虚拟现实系统,单层PCB,Apple M1,8K,>45Gbps,2,个,160,个,4,个,VR头条,https://www.vrheadline.com,,
8K超高清播放系统,播放系统,多层PCB,Raspberry Pi 4,8K,>20Gbps,2,个,75,个,2,个,开源硬件网站,https://www.oshwa.org,,
移动视频编辑系统,视频处理系统,单层PCB,Microsoft Surface Pro,>6K,>15Gbps,1,个,50,个,3,个,视频创作者社区,https://www.video-creator.com,,
集成视频显示器,显示系统,多层PCB,Samsung Exynos,>8K,>30Gbps,2,个,110,个,5,个,科技新闻网站,https://www.technews.com,,
智能家庭影院系统,家庭娱乐系统,单层PCB,MediaTek Dimensity,>4K,>18Gbps,1,个,85,个,2,个,家庭影院爱好者论坛,https://www.homecinema.com,,
交互式教育视频系统,教育系统,多层PCB,Qualcomm Snapdragon 888,>4K,>20Gbps,1,个,95,个,3,个,教育技术年鉴,https://www.edtechyearbook.com,,
延迟优化系统,实时处理系统,多层PCB,AMD Ryzen系列,4K,>25Gbps,2,个,120,个,6,个,电子产品世界,https://www.eepw.com.cn/,,
高动态范围显示系统,图像处理系统,双面PCB,NVIDIA Jetson系列,8K,>50Gbps,1,个,95,个,4,个,知网,https://www.cnki.net/,,
移动影音系统,便携式系统,单层PCB,Apple M1,4K,>30Gbps,1,个,70,个,2,个,科技日报,http://www.stdaily.com/,,
超高清视频录制系统,存储系统,多层PCB,Intel i9系列,6K,>40Gbps,2,个,150,个,3,个,上海高原科技,http://www.shgpu.com/,,
数字信号处理系统,编码解码系统,双层PCB,Qualcomm Snapdragon,8K,>35Gbps,1,个,110,个,5,个,科技国际,http://www.stechnology.com/,,
虚拟现实渲染系统,渲染系统,多层PCB,NVIDIA A100,8K,>60Gbps,2,个,140,个,7,个,VRZONE,https://www.vrzone.com/,,
智能监控系统,安全监控系统,单层PCB,Huawei Kirin系列,4K,>15Gbps,1,个,85,个,3,个,智慧城市,http://www.smartcity.com/,,
宽带映射系统,传输系统,多层PCB,Broadcom BCM系列,8K,>45Gbps,1,个,190,个,6,个,网络设备,http://www.networkequipment.com/,,
3D图像重建系统,计算图形系统,双层PCB,AMD Radeon系列,6K,>30Gbps,2,个,130,个,5,个,图形技术网,https://www.graphics-tech.com/,,
云端处理系统,云视频处理系统,多层PCB,NVIDIA A100,>8K,>60Gbps,2,个,120,个,6,个,TechCrunch,https://techcrunch.com,,
超高清监视系统,视频监控系统,双层PCB,Qualcomm Snapdragon,>4K,>10Gbps,1,个,200,个,2,个,中国电子报,http://www.cena.com.cn,,
高效视频解码器,编解码系统,多层PCB,AMD Ryzen,>8K,>50Gbps,3,个,90,个,5,个,维基百科,https://www.wikipedia.org,,
AR/VR视频处理系统,沉浸式设备,单层PCB,Apple M1,>4K,>30Gbps,1,个,80,个,4,个,虚拟现实协会,https://www.vrassociation.org,,
全景视频整合系统,视频融合系统,多层PCB,Intel i9,>6K,>25Gbps,2,个,110,个,3,个,新华网,http://www.xinhuanet.com,,
1080P视频直播系统,直播系统,单层PCB,Raspberry Pi 4,>1080P,>5Gbps,1,个,60,个,2,个,Open Source Community,https://www.opensource.org,,
高清游戏流媒体系统,流媒体系统,双层PCB,NVIDIA GeForce RTX 3080,>4K,>30Gbps,2,个,150,个,5,个,Gamers Report,https://www.gamersreport.com,,
移动视频处理系统,移动设备系统,多层PCB,Snapdragon 888,>8K,>25Gbps,1,个,95,个,3,个,移动设备论坛,https://www.mobileforum.com,,
智能城市视频监控系统,城市监控系统,单层PCB,Arm Cortex A78,>4K,>15Gbps,1,个,220,个,3,个,城市发展蓝皮书,https://urbanplanningreport.com,,
多媒体播放系统,硬件加速系统,多层PCB,NVIDIA Tegra系列,10K,>50Gbps,3,个,200,个,6,个,数码视讯社区,https://www.diyvideo.com/,,
超高清视频监视系统,安全监控系统,复杂PCB,Qualcomm Snapdragon,8K,>25Gbps,2,个,120,个,4,个,安防行业研究所,https://www.sectech.com/,,
虚拟现实互动系统,实时处理系统,单层PCB,AMD Ryzen,4K,>15Gbps,1,个,90,个,2,个,游戏开发者论坛,https://www.gamedev.net/,,
虚拟现实视频处理系统,编解码系统,多层PCB,Intel i9系列,8K,>35Gbps,2,个,130,个,5,个,科技前沿杂志,https://www.techreview.com/,,
机器人视觉识别系统,图像处理系统,高密度PCB,Raspberry Pi 4,2K,>10Gbps,1,个,70,个,3,个,机器人技术中心,https://www.roboticsworld.com/,,
动态视频流处理系统,流媒体系统,多层PCB,Broadcom BCM系列,6K,>28Gbps,2,个,110,个,4,个,流媒体技术论坛,https://www.streamingmedia.com/,,
智能家庭媒体系统,家居自动化系统,单层PCB,Apple M1芯片,4K,>18Gbps,1,个,80,个,2,个,家庭技术观察,https://www.homeautomation.com/,,
多显示器协同系统,显示技术系统,复杂PCB,NVIDIA RTX系列,8K,>40Gbps,3,个,140,个,5,个,显示技术协会,https://www.displaytechnology.com/,,
AI视频分析系统,数据处理系统,多层PCB,Huawei Kirin,8K,>33Gbps,2,个,150,个,6,个,人工智能开发网,https://www.ai-dev.net/,,
4K 信息处理平台,数据处理系统,多层PCB,AMD Ryzen 5000系列,4K,>35Gbps,2,个,120,个,6,个,TechRadar,https://www.techradar.com/,,
云视频直播系统,媒体传播系统,双层PCB,Apple M1,>6K,>50Gbps,1,个,70,个,4,个,云计算论坛,https://www.cloudforum.com/,,
智能控制系统,编解码器系统,多层PCB,NVIDIA Jetson,8K,>25Gbps,3,个,95,个,5,个,AI研究报告,https://www.airesearch.com/,,
高效视频解码系统,硬件解码器,单层PCB,Qualcomm Snapdragon 888,>4K,20Gbps,2,个,85,个,3,个,IEEE 会议,https://www.ieee.org/,,
多媒体管理系统,数据存储系统,多层PCB,Intel Core i9,>8K,>45Gbps,2,个,110,个,4,个,行业白皮书,https://www.industryreports.com/,,
实时视频处理平台,实时计算系统,单层PCB,Raspberry Pi 4,>1080p,>10Gbps,1,个,60,个,2,个,开源社区,https://www.opensource.org/,,
新一代背景墙显示系统,显示技术系统,多层PCB,Samsung Exynos,>16K,>60Gbps,3,个,200,个,8,个,显示技术论坛,https://www.displaytechnology.com/,,
AR/VR 视频渲染系统,虚拟现实系统,多层PCB,Intel i7,>4K,30Gbps,2,个,150,个,5,个,虚拟现实行业协会,https://www.varassociation.com/,,
全景视频捕捉系统,影像处理系统,单层PCB,MediaTek Dimensity,>6K,>20Gbps,1,个,90,个,4,个,数码产品评测网,https://www.digitalevaluation.com/,,
云渲染系统,云计算系统,双层PCB,AMD Ryzen 5000系列,8K,>50Gbps,2,个,200,个,6,个,云计算日报,https://www.cloudweekly.cn/,,
多屏同步显示系统,多媒体系统,多层PCB,NVIDIA A100,>4K,>25Gbps,1,个,120,个,4,个,科技前沿,https://www.techfrontier.com,,
AR渲染系统,增强现实系统,单层PCB,Apple M1,>8K,>30Gbps,1,个,90,个,5,个,苹果开发者论坛,https://developer.apple.com/forum/,,
智能监控系统,安全系统,多层PCB,Qualcomm Snapdragon,>1080p,>15Gbps,2,个,150,个,3,个,安防行业观察,https://www.securityindustrywatch.com,,
高清解码系统,编解码系统,单层PCB,Intel Core i9,>4K,>10Gbps,1,个,75,个,2,个,技术论坛,https://www.techforum.com,,
游戏流媒体系统,流媒体系统,多层PCB,IBM Power9,>4K,>35Gbps,2,个,160,个,5,个,网络游戏观察,https://www.gamingobservatory.com,,
虚拟现实运动系统,虚拟现实系统,单层PCB,NVIDIA RTX 3090,>8K,>40Gbps,1,个,110,个,4,个,VR研究中心,https://www.vrcenters.com,,
卫星传输系统,通信系统,多层PCB,Broadcom BCM4875,>6K,>50Gbps,2,个,220,个,7,个,通信科技杂志,https://www.commtechjournal.com,,
企业会议系统,会议显示系统,双层PCB,Intel i7系列,>1080p,>10Gbps,1,个,85,个,3,个,办公科技更新,https://www.officetechnologyupdate.com,,
超高清视频渲染系统,图形处理系统,多层PCB,NVIDIA RTX A6000,8K,>50Gbps,2,个,200,个,6,个,GPU技术论坛,https://forums.nvidia.com/,,
视频实时处理系统,数据流处理系统,单层PCB,AMD Ryzen 9,>4K,>25Gbps,1,个,120,个,4,个,Technology Review,https://www.technologyreview.com/,,
智能家居视频监控系统,安全监控系统,多层PCB,Qualcomm Snapdragon,>1080p,>10Gbps,1,个,75,个,2,个,智能家居协会,https://www.smarthomeassociation.org/,,
虚拟现实视频系统,沉浸式显示系统,多层PCB,Intel Core i9,>4K,>30Gbps,2,个,150,个,5,个,VR技术社区,https://www.vrcommunity.com/,,
视频会议终端系统,通信系统,单层PCB,Apple M1,>1080p,>15Gbps,1,个,90,个,3,个,CNET,https://www.cnet.com/,,
车载视频处理系统,汽车电子系统,多层PCB,NXP i.MX 8M,>4K,>20Gbps,1,个,110,个,4,个,汽车电子协会,https://www.autoelectronics.com/,,
无人机视频传输系统,航空传输系统,多层PCB,Texas Instruments DSP,>1080p,>30Gbps,1,个,100,个,5,个,无人机领域,https://www.droneindustry.com/,,
实时流媒体播放器系统,流媒体系统,单层PCB,Raspberry Pi 4,>4K,>20Gbps,1,个,80,个,3,个,开源项目社区,https://www.opensource.com/,,
高清电视广播系统,信号传输系统,多层PCB,Broadcom BCM7346,>4K,>50Gbps,3,个,140,个,6,个,电视与广播协会,https://www.broadcasters.com/,,
高性能视频处理系统,多功能处理系统,多层PCB,AMD Ryzen,8K,>50Gbps,3,个,200,个,7,个,TechRadar,https://www.techradar.com,,
智能实时流媒体系统,实时传输系统,单层PCB,NVIDIA Jetson,>4K,>25Gbps,2,个,120,个,6,个,IEEE Xplore,https://ieeexplore.ieee.org/Xplore/home.jsp,,
高效视频解码系统,解码系统,双层PCB,Qualcomm Snapdragon,>8K,>35Gbps,1,个,90,个,5,个,CNET,https://www.cnet.com,,
云视频会议系统,网络协作系统,多层PCB,Apple M1,4K,>15Gbps,2,个,60,个,4,个,TechCrunch,https://techcrunch.com,,
超高清视频信号处理系统,专业处理系统,多层PCB,Intel Core i9,>8K,>40Gbps,2,个,175,个,6,个,PCWorld,https://www.pcworld.com,,
增强现实视频处理系统,新兴技术系统,单层PCB,ARM Cortex-X,>4K,>20Gbps,1,个,110,个,3,个,VentureBeat,https://venturebeat.com,,
视频分析系统,处理和监控系统,双层PCB,Raspberry Pi,HD,>10Gbps,1,个,45,个,2,个,Reddit,https://www.reddit.com,,
4K超高清流媒体服务器,网络传输系统,多层PCB,Xeon Scalable,>4K,>30Gbps,1,个,130,个,3,个,AnandTech,https://www.anandtech.com,,
虚拟现实图像处理系统,图形处理系统,单层PCB,AMD Radeon,>4K,>10Gbps,1,个,70,个,2,个,Wired,https://www.wired.com,,
超高清监控系统,视频监控系统,四层PCB,NVIDIA Jetson系列,8K,>50Gbps,2,个,200,个,6,个,行业资讯网,https://www.hangye.com,,
家庭娱乐系统,多媒体处理系统,双面PCB,AMD Ryzen 9,>4K,>15Gbps,1,个,120,个,2,个,技术博客,https://www.techblog.com,,
直播流媒体系统,数据流处理系统,多层PCB,Intel Core i9,>8K,>25Gbps,2,个,150,个,5,个,科技新闻网站,https://www.technews.com,,
超高清视频显示系统,显示技术系统,单层PCB,Qualcomm Snapdragon系列,8K,>35Gbps,1,个,90,个,4,个,电子技术应用,https://www.elecfans.com,,
虚拟现实显示系统,沉浸式显示系统,多层PCB,Apple M1系列,超过6K,>30Gbps,1,个,200,个,3,个,VR技术社区,https://www.vrcommunity.com,,
电影院放映系统,影院放映系统,四层PCB,Texas Instruments DLP,>4K,>20Gbps,2,个,180,个,7,个,影视科技论坛,https://www.filmtechforum.com,,
专业视频配音系统,音频处理系统,多层PCB,Digital Signal Processor (DSP),>4K,>15Gbps,1,个,130,个,3,个,音频工程协会,https://www.auditoriumassociation.com,,
汽车后视监控系统,安全监控系统,单层PCB,MediaTek芯片,>1080p,>10Gbps,1,个,70,个,4,个,汽车行业动态,https://www.autoindustrynews.com,,
教育培训视频系统,远程教育系统,双面PCB,Rockchip处理器,>4K,>12Gbps,1,个,110,个,2,个,教育技术杂志,https://www.edtechjournal.com,,
4K智能显示系统,高动态范围系统,多层PCB,AMD Ryzen 5000系列,4K,>35Gbps,2,个,120,个,6,个,知乎,https://www.zhihu.com/,,
超高清游戏系统,游戏专用硬件,单层PCB,NVIDIA GeForce RTX 3080,8K,>60Gbps,1,个,95,个,2,个,IT之家,https://www.ithome.com/,,
移动视频处理系统,便携式硬件,多层PCB,苹果M1芯片,4K,>25Gbps,1,个,85,个,4,个,V2EX,https://www.v2ex.com/,,
云计算视频系统,云服务硬件,双层PCB,Intel Core i9,>8K,>50Gbps,2,个,150,个,7,个,云锋基金,https://www.yfvc.com/,,
多视角图像处理系统,多摄像头系统,多层PCB,FPGA,6K,>30Gbps,3,个,200,个,5,个,科技日报,http://www.stdaily.com/,,
虚拟现实显示系统,增强现实硬件,单层PCB,Qualcomm Snapdragon系列,4K,>20Gbps,1,个,70,个,3,个,虚拟现实报道,https://www.vrreport.com/,,
直播流媒体系统,流媒体传输系统,多层PCB,MediaTek Dimensity系列,8K,>40Gbps,2,个,110,个,6,个,直播之家,https://www.zhibozhijia.com/,,
无人机视频传输系统,无人机专用硬件,双层PCB,NVIDIA Jetson系列,4K,>15Gbps,1,个,60,个,4,个,无人机行业网,http://www.droneworld.com/,,
超高压视频传输系统,光纤传输系统,多层PCB,Intel Core i7,>8K,>100Gbps,3,个,175,个,8,个,光纤在线,http://www.fiber-online.com/,,
实时视频监控系统,安全监控系统,四层PCB,NVIDIA Jetson Xavier,8K,>50Gbps,2,个,120,个,6,个,安防产业网,https://www.securitychina.com/,,
超高清流媒体系统,网络流媒体系统,多层PCB,AMD Ryzen Threadripper,16K,>25Gbps,1,个,200,个,4,个,技术前沿,https://www.techradar.com/,,
VR视频播放系统,虚拟现实系统,双层PCB,Qualcomm Snapdragon 888,>4K,>15Gbps,2,个,90,个,2,个,虚拟现实日报,https://www.vrdaily.com/,,
高清视频编解码器,编解码解决方案,六层PCB,Apple M1,>8K,>40Gbps,1,个,135,个,5,个,编码技术网,https://www.codetechnology.com/,,
集成多格式转码系统,转码系统,多层PCB,Intel Core i9,>8K,>35Gbps,2,个,160,个,3,个,视频行业在线,https://www.videoinfo.com/,,
立体声音频视频系统,多媒体管理系统,四层PCB,ARM Cortex A76,>4K,>18Gbps,2,个,110,个,3,个,电子设备论坛,https://www.electronicforum.com/,,
高性能视频分享平台,社交媒体系统,多层PCB,NVIDIA A40,>12K,>55Gbps,1,个,250,个,6,个,技术新闻网站,https://www.technologynews.com/,,
AI视频分析系统,机器学习系统,七层PCB,Google TPU,>8K,>45Gbps,2,个,140,个,4,个,AI前哨,https://www.aifrontiers.com/,,
智能多通道视频系统,智能监控系统,四层PCB,Tesla P100,>10K,>70Gbps,2,个,180,个,5,个,智能科技门户,https://www.smarttechportal.com/,,
高性能视频解码系统,编解码系统,双层PCB,AMD Ryzen系列,8K,>50Gbps,2,个,120,个,6,个,视频技术论坛,https://www.videotechnologyforum.com,,
实时流媒体处理系统,网络传输系统,多层PCB,Apple M1芯片,>8K,>45Gbps,1,个,90,个,4,个,TechCrunch,https://techcrunch.com,,
远程视频监控系统,监控系统,单层PCB,NVIDIA Jetson,4K,>25Gbps,2,个,110,个,5,个,监控行业协会,https://www.cctvassociation.org,,
边缘AI视频分析系统,智能分析系统,多层PCB,Intel i9,>8K,>60Gbps,3,个,200,个,7,个,AI技术快讯,https://www.aitrends.com,,
多视角视频播放系统,播放系统,双层PCB,Qualcomm Snapdragon,8K,>30Gbps,2,个,75,个,2,个,数字媒体周刊,https://www.digitalmediaweekly.com,,
云端视频渲染系统,云计算系统,多层PCB,Xeon Scalable,>8K,>70Gbps,4,个,300,个,10,个,云计算在线,https://www.cloudcomputingonline.com,,
高清交互式演示系统,演示系统,单层PCB,Raspberry Pi 4,4K,>15Gbps,1,个,45,个,2,个,开源硬件社区,https://www.oshwa.org,,
超低延迟游戏流系统,游戏传输系统,双层PCB,Ryzen Threadripper,>8K,>40Gbps,3,个,160,个,5,个,游戏先锋网站,https://www.gamingpioneers.com,,
虚拟现实视频播放系统,虚拟现实系统,多层PCB,NVIDIA RTX 3080,8K,>50Gbps,2,个,130,个,8,个,虚拟现实发展研究中心,https://www.vrdevelopment.org,,
实时视频监控系统,安全监控系统,多层PCB,NVIDIA Jetson,4K,>30Gbps,2,个,120,个,6,个,国际安防网,https://www.securityworldhotel.com/,,
虚拟现实展示系统,交互式系统,单层PCB,AMD Ryzen,8K,>50Gbps,1,个,75,个,4,个,虚拟现实技术论坛,https://www.vrtechforum.com/,,
云游戏处理系统,云计算系统,多层PCB,Intel Core i9,8K,>100Gbps,3,个,200,个,5,个,游戏开发网,https://www.gamedevelopment.net/,,
多屏显示控制系统,视觉展示系统,多层PCB,Qualcomm Snapdragon,<=8K,>25Gbps,2,个,60,个,8,个,显示技术杂志,https://www.displaytechmagazine.com/,,
高清投影系统,投影系统,单层PCB,Raspberry Pi,4K,>15Gbps,1,个,50,个,2,个,电子行业研究,https://www.electronicsindustryresearch.com/,,
人工智能视频分析系统,数据处理系统,多层PCB,Google TPU,4K,>40Gbps,2,个,180,个,5,个,AI研究杂志,https://www.aimagjournal.com/,,
多媒体演示系统,演示控制系统,单层PCB,Apple M1,>8K,>35Gbps,1,个,90,个,3,个,科技创新周刊,https://www.techinnovationweekly.com/,,
增强现实通知系统,信息交互系统,单层PCB,NVIDIA Tegra,4K,>20Gbps,2,个,110,个,6,个,增强现实专刊,https://www.augmentedrealityjournal.com/,,
高频数据传输系统,信号处理系统,多层PCB,Maybe AI Chip,>8K,>60Gbps,3,个,140,个,7,个,未来科技前沿,https://www.futuretechfrontier.com/,,
智能投影仪系统,多媒体显示系统,复合PCB,Qualcomm Snapdragon 888,4K,>25Gbps,1,个,120,个,6,个,IT之家,https://www.ithome.com/,,
游戏主机系统,图形处理系统,多层PCB,AMD Ryzen 9 5900X,8K,>50Gbps,2,个,200,个,8,个,极客公园,https://www.geekpark.net/,,
虚拟现实显示系统,增强现实系统,柔性PCB,NVIDIA RTX 3080,4K,>15Gbps,1,个,90,个,4,个,VR圈,https://www.vrquan.com/,,
广播电视系统,信号调度系统,多层PCB,Intel i7-11700K,>4K,>30Gbps,3,个,160,个,7,个,中国广播网,http://www.cnr.cn/,,
高级监控系统,视频监控系统,金属基PCB,ARM Cortex-A76,>8K,>35Gbps,2,个,110,个,5,个,华为技术,https://www.huawei.com/,,
高清会议系统,视频会议系统,多层PCB,Intel i5-10600,>2K,>15Gbps,1,个,75,个,3,个,Office科技,https://www.office365.com/,,
智能家居显示系统,家庭自动化系统,智能PCB,MediaTek Helio G95,>4K,>20Gbps,2,个,130,个,4,个,家电网,http://www.jia46.com/,,
云视频处理系统,云计算系统,复合多层PCB,Intel Xeon Silver 4210,>8K,>40Gbps,2,个,180,个,6,个,云计算技术网,https://www.cloudtechnews.com/,,
沉浸式影院系统,家庭娱乐系统,多重PCB,NVIDIA A100,>8K,>60Gbps,1,个,170,个,5,个,视听前线,https://www.audio-video.com/,,
实时监控系统,视频分析系统,多层PCB,NVIDIA Jetson,8K,>50Gbps,2,个,200,个,6,个,TechRadar,https://www.techradar.com/,,
高性能流媒体系统,内容分发系统,单层PCB,AMD Ryzen 9,>4K,>40Gbps,1,个,120,个,5,个,IEEE Spectrum,https://spectrum.ieee.org/,,
虚拟现实视频系统,沉浸式系统,多层PCB,Qualcomm Snapdragon,4K,>25Gbps,2,个,150,个,7,个,VentureBeat,https://venturebeat.com/,,
云端视频处理系统,偏远监控系统,多层PCB,Google TPU,>8K,>100Gbps,4,个,300,个,10,个,Sohu科技,https://www.sohu.com/,,
移动多媒体系统,便携式播放系统,单层PCB,Raspberry Pi 4,>2K,>12Gbps,1,个,60,个,2,个,Digital Trends,https://www.digitaltrends.com/,,
高清会议系统,通信系统,多层PCB,Intel i7,>4K,>35Gbps,2,个,85,个,4,个,电子工程专辑,https://www.eeworld.com.cn/,,
智能家居显示系统,消费电子系统,单层PCB,Mediatek Helio,>1080P,>15Gbps,1,个,45,个,3,个,家居网,https://www.jiaju.com/,,
超高亮度投影系统,投影显示系统,多层PCB,Texas Instruments,>4K,>20Gbps,3,个,70,个,5,个,Display Weekly,https://www.displayweekly.com/,,
智能监控识别系统,AI分析系统,多层PCB,Apple M1,8K,>60Gbps,2,个,160,个,8,个,Artificial Intelligence Journal,https://www.ijai.org/,,
4K视频解码器系统,编解码系统,双层PCB,NVIDIA Tegra,4K,>25Gbps,2,个,120,个,6,个,技术论坛,https://www.techforum.com,,
云渲染系统,云计算系统,多层PCB,AMD Ryzen,>8K,>50Gbps,4,个,200,个,8,个,科技新闻网站,https://www.technews.com,,
超高清数字信号处理系统,信号处理系统,四层PCB,Qualcomm Snapdragon,8K,>35Gbps,3,个,150,个,5,个,电子产品评测网,https://www.electronicsreview.com,,
专业视频流处理系统,流媒体系统,单层PCB,Intel i7,4K,>15Gbps,2,个,90,个,4,个,视频制作博客,https://www.videoproductionblog.com,,
边缘计算视频传输系统,边缘计算系统,多层PCB,Apple M1,>8K,>60Gbps,2,个,110,个,7,个,技术杂志,https://www.techmagazine.com,,
高性能视频编码系统,编解码系统,四层PCB,Xilinx Versal,>8K,>45Gbps,1,个,130,个,5,个,市政标准,https://www.citystandards.com,,
AI视频分析系统,智能分析系统,双层PCB,Google TPU,>4K,>15Gbps,2,个,100,个,3,个,人工智能研究所,https://www.ai-research.org,,
多通道视频分配系统,分配系统,单层PCB,ARM Cortex M系列,4K,>20Gbps,1,个,75,个,2,个,广播电视技术期刊,https://www.broadcastjournal.com,,
无线高清传输系统,无线传输系统,多层PCB,Broadcom chipset,8K,>30Gbps,2,个,140,个,6,个,无线技术论坛,https://www.wirelessforum.com,,
超高清视频解码器,编解码系统,多层PCB,AMD Ryzen系列,8K,>50Gbps,2,个,120,个,6,个,技术论坛,https://www.techforum.com/articles/20003,,
实时渲染系统,图像处理系统,单层PCB,NVIDIA AGX Xavier,>8K,>25Gbps,1,个,90,个,3,个,NVIDIA开源平台,https://developer.nvidia.com,,
视频直播系统,网络传输系统,多层PCB,Qualcomm Snapdragon,4K,>15Gbps,1,个,70,个,4,个,行业大会,https://www.technologyconference.com,,
增强现实显示系统,图像处理系统,双层PCB,Apple M1 Pro,>8K,>35Gbps,2,个,110,个,5,个,Apple开发者中心,https://developer.apple.com,,
云视频处理系统,云计算系统,多层PCB,Google TPUs,>4K,>60Gbps,3,个,150,个,8,个,Google Cloud Platform,https://cloud.google.com,,
高动态范围系统,视频显示系统,单层PCB,Intel Core i9,8K,>45Gbps,2,个,130,个,6,个,行业杂志,https://www.technologyreview.com,,
多格式编码系统,编解码系统,双层PCB,Xilinx Zynq,>8K,>40Gbps,2,个,85,个,5,个,NVIDIA开发者社区,https://developer.nvidia.com/,,
移动视频处理系统,便携式系统,单层PCB,MediaTek Dimensity,>4K,>20Gbps,1,个,75,个,2,个,移动互联网论坛,https://www.mobileforum.com,,
智能视频监控系统,监控系统,多层PCB,Rockchip RK3288,>4K,>15Gbps,1,个,95,个,4,个,安防行业网,https://www.securityindustry.com,,
AHDR视频传输系统,视频传输系统,双层PCB,Texas Instruments TDA系列,>8K,>50Gbps,1,个,100,个,3,个,电子工程专辑,https://www.electronicdesign.com,,
4K超高清显示系统,显示处理系统,多层PCB,NVIDIA RTX 3080,4K,>30Gbps,1,个,120,个,6,个,科技媒体,https://www.techmedia.com,,
AI图像增强系统,人工智能系统,单层PCB,AMD Ryzen 9,>8K,>50Gbps,2,个,200,个,8,个,AI研究论坛,https://www.airesearchforum.com,,
远程医疗视频系统,视频通讯系统,多层PCB,Intel Core i9,4K,>25Gbps,1,个,90,个,4,个,医疗技术杂志,https://www.medicaltechmag.com,,
游戏直播系统,流媒体系统,双层PCB,AMD Ryzen 5,>4K,>35Gbps,1,个,70,个,3,个,游戏开发社区,https://www.gamedev.com,,
多媒体教育系统,视频教学系统,单层PCB,Qualcomm Snapdragon,1080p,>10Gbps,1,个,50,个,2,个,教育技术论坛,https://www.edutechforum.com,,
智能监控系统,安全监控系统,多层PCB,Texas Instruments DSP,>4K,>15Gbps,1,个,110,个,5,个,安防行业网,https://www.securityindustry.com,,
虚拟现实视频系统,虚拟现实系统,多层PCB,Unity RTX Graphics,>8K,>60Gbps,2,个,130,个,7,个,VR科技网站,https://www.vrtechsite.com,,
多通道广播系统,广播传输系统,单层PCB,Broadcast CPU,4K,>12Gbps,1,个,95,个,4,个,广播行业协会,https://www.broadcastindustry.org,,
智能家居控制系统,家庭自动化系统,双层PCB,Amazon Alexa Chip,1080p,>5Gbps,1,个,60,个,3,个,智能家居科技博客,https://www.smarthomeblog.com,,
云视频监控系统,云端处理系统,多层PCB,NVIDIA Jetson系列,8K,>50Gbps,2,个,120,个,6,个,TechCrunch,https://techcrunch.com,,
AI 视频分析系统,机器学习系统,单层PCB,AMD Ryzen系列,>8K,>25Gbps,1,个,90,个,4,个,IEEE Spectrum,https://spectrum.ieee.org,,
实时视频处理系统,硬件加速系统,多层PCB,Qualcomm Snapdragon系列,8K,>35Gbps,1,个,150,个,5,个,Digital Trends,https://www.digitaltrends.com,,
超高清信号处理器,集成电路系统,多层PCB,Intel Core i9,>8K,>45Gbps,2,个,70,个,3,个,EETimes,https://www.eetimes.com,,
智能直播系统,多媒体传输系统,单层PCB,Apple M1,4K,>10Gbps,1,个,85,个,2,个,Gizmodo,https://www.gizmodo.com,,
高清数字标牌系统,新时代展示系统,多层PCB,NVIDIA Turing,>4K,>15Gbps,1,个,65,个,3,个,Display Daily,https://www.displaydaily.com,,
4K直播保证系统,流媒体传输系统,单层PCB,Texas Instruments TIVA,4K,>12Gbps,2,个,100,个,4,个,Streaming Media,https://www.streamingmedia.com,,
高清图像处理核心,图像处理系统,多层PCB,Xilinx Zynq,8K,>30Gbps,1,个,130,个,5,个,MDPI Electronics,https://www.mdpi.com/journal/electronics,,
多通道视频编码器,编解码系统,单层PCB,ZTE ZX10,>4K,>20Gbps,2,个,75,个,3,个,TechRepublic,https://www.techrepublic.com,,
4K视频播放系统,硬件加速系统,多层PCB,NVIDIA Tegra,4K,>50Gbps,2,个,120,个,6,个,TechCrunch,https://techcrunch.com/,,
智能电视系统,嵌入式系统,双面PCB,Qualcomm Snapdragon,>4K,>25Gbps,1,个,90,个,4,个,小米开发者社区,https://dev.mi.com/,,
虚拟现实视频处理系统,硬件加速系统,多层PCB,AMD Ryzen,8K,>60Gbps,3,个,200,个,8,个,IEEE Spectrum,https://spectrum.ieee.org/,,
实时监控视频系统,网络传输系统,单层PCB,Intel Core i9,>4K,>15Gbps,1,个,75,个,2,个,行业会议,https://www.cctv.com/,,
高清流媒体系统,数据处理系统,多层PCB,Apple M1,>8K,>40Gbps,1,个,110,个,5,个,Apple Developer,https://developer.apple.com/,,
高性能计算视频系统,编解码系统,多层PCB,IBM Power9,>8K,>50Gbps,2,个,160,个,7,个,JDSU,https://www.jdsu.com/,,
边缘计算视频系统,数据处理系统,单层PCB,Rockchip RK3399,>4K,>20Gbps,1,个,85,个,3,个,嵌入式开发社区,https://embedded.com/,,
无人机视频传输系统,网络传输系统,多层PCB,NVIDIA Jetson,>6K,>35Gbps,1,个,130,个,4,个,DroneDJ,https://droneDJ.com/,,
超高清图像处理系统,硬件加速系统,多层PCB,ARM Cortex-X1,>8K,>45Gbps,2,个,140,个,6,个,NVIDIA Blog,https://blogs.nvidia.com/,,
智能显示系统,增强现实系统,多层PCB,NVIDIA Jetson Xavier,8K,>25Gbps,2,个,200,个,6,个,NVIDIA官方网站,https://www.nvidia.com,,
自动摄像头系统,视频监控系统,单层PCB,Raspberry Pi 4,>4K,>10Gbps,1,个,50,个,2,个,开发者社区,https://www.raspberrypi.org,,
多路视频输出系统,信号处理系统,多层PCB,AMD Ryzen 9,>4K,>15Gbps,2,个,120,个,4,个,TechCrunch,https://techcrunch.com,,
实时数据处理系统,数据分析系统,多层PCB,Qualcomm Snapdragon,6K,>35Gbps,1,个,90,个,3,个,IEEE Spectrum,https://spectrum.ieee.org,,
虚拟现实视频系统,虚拟现实系统,特殊定制PCB,Apple M1,>8K,>50Gbps,2,个,160,个,5,个,Apple Developer,https://developer.apple.com,,
4D影院系统,多媒体展示系统,多层PCB,Intel Core i9,>8K,>40Gbps,3,个,250,个,7,个,Cinema Technology,https://www.cinematechnology.com,,
超高清直播系统,广播系统,单层PCB,NVIDIA A100,>12K,>60Gbps,2,个,140,个,4,个,Broadcast Engineering,https://www.broadcastengineering.com,,
移动媒体展示系统,移动显示技术,多层PCB,MediaTek Dimensity,>4K,>25Gbps,1,个,75,个,3,个,TechRadar,https://www.techradar.com,,
智能交通视频监控系统,交通监控系统,单层PCB,Intel i7,>8K,>20Gbps,1,个,120,个,6,个,Smart City Solutions,https://www.smartcitysolutions.com,,
高性能视频解码系统,硬件加速系统,多层PCB,NVIDIA Jetson系列,8K,>50Gbps,2,个,180,个,6,个,NVIDIA官方文档,https://www.nvidia.com/en-us/documentation/,,
实时流媒体服务器,网络传输系统,单层PCB,AMD Ryzen系列,>8K,>25Gbps,1,个,120,个,4,个,云计算论坛,https://www.cloudforum.com/,,
多功能视频监控系统,综合管理系统,多层PCB,Intel Core i9,4K,>10Gbps,2,个,200,个,5,个,视频监控专业网站,https://www.videomonitoring.com/,,
虚拟现实视频处理系统,虚拟现实系统,单层PCB,Qualcomm Snapdragon,8K,>30Gbps,1,个,95,个,3,个,游戏开发者社区,https://www.gamedeveloper.com/,,
高端图像处理系统,图像处理系统,多层PCB,Apple M1,6K,>40Gbps,2,个,110,个,4,个,科技杂志,https://www.techmagazine.com/,,
可编程视频处理器,开发平台,单层PCB,Xilinx Zynq系列,4K,>15Gbps,1,个,70,个,3,个,电路设计论坛,https://www.circuitdesignforum.com/,,
智能视频分享平台,网络分享系统,多层PCB,Google TPUs,8K,>45Gbps,2,个,140,个,5,个,AI技术网站,https://www.aitech.com/,,
云视频级存储系统,数据存储系统,单层PCB,Seagate Exos系列,>4K,>10Gbps,1,个,60,个,2,个,数据存储社区,https://www.datastoragecommunity.com/,,
增强现实视频处理平台,增强现实系统,多层PCB,Sony Cell,6K,>35Gbps,2,个,130,个,3,个,移动开发者网站,https://www.mobiledev.com/,,
实时视频分析系统,智能监控系统,多层PCB,NVIDIA Jetson Xavier,12K,>50Gbps,2,个,200,个,6,个,行业分析报告,https://www.ihuizhen.com,,
4K游戏流媒体系统,游戏传输系统,单层PCB,AMD Ryzen 9,4K,>15Gbps,1,个,90,个,2,个,游戏开发社区,https://www.gamedeveloper.com,,
高动态范围图像系统,曝光控制系统,多层PCB,Intel Core i9,>6K,>25Gbps,1,个,120,个,4,个,技术论坛,https://www.techforum.com,,
3D视频渲染系统,图形处理系统,单层PCB,NVIDIA RTX 3090,8K,>35Gbps,2,个,110,个,3,个,CAD开发者网络,https://www.caddeveloper.com,,
虚拟现实显示系统,增强现实运行系统,多层PCB,Qualcomm Snapdragon 888,4K,>22Gbps,1,个,75,个,2,个,VR技术博客,https://www.vrblo.com,,
超高清监控编辑系统,视频监控系统,单层PCB,Intel Core i7,8K,>15Gbps,1,个,85,个,3,个,安防技术交流会,https://www.securitytech.com,,
人工智能视频处理系统,基于云计算的视频处理系统,多层PCB,Google TPU,12K,>60Gbps,2,个,140,个,5,个,AI技术论坛,https://www.aitechforum.com,,
多通道视频切换系统,视频分配系统,多层PCB,Xilinx Zynq UltraScale,>4K,>20Gbps,1,个,95,个,4,个,视频工程技术交流,https://www.videoengineering.com,,
智慧教育视频系统,互动学习系统,单层PCB,Raspberry Pi 4,1080p,>10Gbps,1,个,60,个,2,个,教育科技网站,https://www.edutech.com,,
实时视频监控系统,硬件加速系统,多层PCB,NVIDIA Jetson系列,4K,>50Gbps,2,个,120,个,6,个,技术资讯网,https://www.technews.com,,
蓝光播放器系统,消费电子,单层PCB,AMD Ryzen,>8K,>16Gbps,1,个,75,个,2,个,小米社区,https://www.mi.com/community,,
智能家庭影院系统,集成系统,多层PCB,Qualcomm Snapdragon,8K,>30Gbps,3,个,95,个,4,个,家庭影音评测网,https://www.homecinema.com,,
虚拟现实渲染系统,图形处理系统,双层PCB,Intel i9系列,4K,>40Gbps,2,个,110,个,5,个,VR技术论坛,https://www.vrforum.com,,
超高清直播系统,网络传输系统,多层PCB,Amazon Graviton,>8K,>50Gbps,2,个,85,个,3,个,直播行业动态,https://www.liveindustry.com,,
卫星视频接收系统,接收系统,单层PCB,Broadcom BCM系列,4K,>15Gbps,1,个,90,个,4,个,卫星通信网,https://www.satellitecom.com,,
便携式视频编辑系统,后期制作系统,多层PCB,Apple M1 Chip,>6K,>35Gbps,1,个,70,个,3,个,创意设计平台,https://www.creativedesign.com,,
运动摄像机系统,消费电子,单层PCB,Ambarella系列,4K,>25Gbps,1,个,65,个,2,个,消费电子评论,https://www.consumerelectronicsreview.com,,
电竞视频传输系统,网络传输系统,多层PCB,Ryzen 7系列,4K,>70Gbps,2,个,120,个,7,个,电竞论坛,https://www.gamingforum.com,,
4K直播编码系统,实时编码系统,多层PCB,AMD Ryzen 9,4K,>25Gbps,2,个,120,个,6,个,直播技术论坛,https://www.livetechforum.com,,
多屏显示系统,视频分配系统,单层PCB,NVIDIA Jetson,8K,>50Gbps,4,个,200,个,8,个,硬件评测网,https://www.hardwarereview.com,,
AI视频分析系统,智能监控系统,多层PCB,Intel Core i7,>4K,>15Gbps,1,个,90,个,5,个,行业刊物,https://www.technologyreview.com,,
新一代视频压缩系统,编解码模块,双层PCB,Qualcomm Snapdragon,>8K,>35Gbps,3,个,110,个,4,个,科技前沿,https://www.techfrontier.com,,
高清多路监控系统,信号切换系统,多层PCB,Arm Cortex-A78,4K,>18Gbps,2,个,95,个,7,个,安全监控网,https://www.safety-monitoring.com,,
虚拟现实视频处理系统,增强现实系统,多层PCB,Apple M1,6K,>40Gbps,2,个,150,个,3,个,VR技术研究所,https://www.vrtechinstitute.com,,
高效图像处理系统,数码图像加速系统,单层PCB,Raspberry Pi 4,>2K,>10Gbps,1,个,65,个,2,个,数码摄影网,https://www.digitalphotography.com,,
集成多媒体系统,综合传输系统,双层PCB,MediaTek Dimensity,>8K,>45Gbps,3,个,130,个,9,个,行业动态,https://www.industrynews.com,,
联网实时流媒体系统,内容分发网络,单层PCB,Huawei Kunpeng,>6K,>50Gbps,2,个,140,个,5,个,科技探索,https://www.techexploration.com,,
云视频解码器,解码系统,多层PCB,NVIDIA Tegra,>8K,>25Gbps,2,个,120,个,6,个,技术论坛,https://www.techforum.com,,
超高清视频播放机,播放系统,单层PCB,AMD Ryzen,>4K,>15Gbps,1,个,90,个,2,个,电子产品杂志,https://www.electronicproducts.com,,
实时视频流处理系统,流媒体系统,多层PCB,Qualcomm Snapdragon,>8K,>50Gbps,3,个,200,个,8,个,IEEE Transactions,https://ieeexplore.ieee.org,,
网络视频监控系统,监控系统,单层PCB,Intel Core i7,>4K,>10Gbps,1,个,75,个,4,个,监控技术研究院,https://www.cctvtech.org,,
虚拟现实视频系统,虚拟现实系统,多层PCB,NVIDIA RTX 3080,>8K,>60Gbps,2,个,180,个,5,个,VR市场分析,https://www.vrmarketanalysis.com,,
高清流媒体编码器,编码系统,多层PCB,Apple M1,>4K,>35Gbps,1,个,70,个,6,个,数字媒体时代,https://www.digitalmediatimes.com,,
多媒体分发系统,分发系统,单层PCB,Broadcom BCM7445,>8K,>12Gbps,1,个,150,个,3,个,网络技术博客,https://www.networktechblog.com,,
智能视频加速系统,处理系统,多层PCB,Google TPU,>8K,>40Gbps,2,个,160,个,7,个,云计算研究,https://www.cloudcomputingresearch.com,,
家庭影院视频系统,家庭娱乐系统,单层PCB,MediaTek MTK HiFi,>4K,>18Gbps,1,个,80,个,3,个,家庭影音指南,https://www.homeaudio.com,,
多通道视频采集系统,采集系统,多层PCB,Texas Instruments TDA2x,>8K,>30Gbps,2,个,140,个,5,个,摄像头技术网站,https://www.cameratech.com,,
超高清视频传输系统,视频网络系统,多层PCB,NVIDIA Tegra X1,8K,>50Gbps,2,个,120,个,6,个,TechCrunch,https://techcrunch.com/,,
4K直播编码系统,媒体编码系统,FPC板,Apple M1,4K,>15Gbps,1,个,90,个,2,个,直播之家,https://www.zhibozhijia.com/,,
高性能视频处理系统,图像处理系统,多层PCB,AMD Ryzen 9,>8K,>25Gbps,3,个,200,个,5,个,电子设计网,http://www.elecfans.com/,,
云端视频流系统,软件与硬件集成系统,单层PCB,Qualcomm Snapdragon 888,4K,>30Gbps,1,个,75,个,4,个,云计算时代,https://www.cloudtimes.org/,,
便携式视频解码器,便携式设备,多层PCB,Raspberry Pi 4,Full HD,>10Gbps,1,个,50,个,3,个,树莓派博客,https://www.raspberrypi.org/blog/,,
高效能视频传输系统,高清视频传输系统,多层PCB,Intel i9-11900K,>8K,>60Gbps,2,个,160,个,7,个,芯片技术网,http://www.icchip.com/,,
多通道视频采集系统,数据采集系统,刚性PCB,Texas Instruments TMS320,4K,>12Gbps,2,个,110,个,4,个,电子产品世界,http://www.eepw.com.cn/,,
高动态范围显示系统,影视后期处理系统,多层PCB,NVIDIA RTX 3080,>8K,>45Gbps,2,个,175,个,6,个,数字电视技术,http://www.dgtvtech.com/,,
远程视频监控系统,安全监控系统,单层PCB,Mediatek Dimensity 1200,4K,>20Gbps,1,个,65,个,2,个,安防行业网,https://www.security-china.com/,,
智能监控系统,视频解析系统,多层PCB,NVIDIA Jetson Xavier,4K,>30Gbps,2,个,120,个,7,个,未来智能科技,https://www.techfuture.org,,
超高清播放系统,媒体播放系统,单层PCB,AMD Ryzen 9,8K,>50Gbps,2,个,90,个,5,个,业界调查报告,https://www.industryreport.com,,
虚拟现实核心系统,沉浸式显示系统,多层PCB,Intel Core i9,>4K,>25Gbps,2,个,130,个,6,个,科技前沿,https://www.techfrontier.com,,
智能家居中心系统,家庭娱乐系统,单层PCB,Qualcomm Snapdragon,4K,>15Gbps,1,个,75,个,2,个,家居科技展,https://www.hometechshow.com,,
高效直播系统,直播流媒体系统,多层PCB,Apple M1,>4K,>20Gbps,2,个,110,个,4,个,直播行业分析,https://www.streaminginfo.com,,
高清会议系统,视频会议系统,多层PCB,Intel i7,4K,>10Gbps,1,个,85,个,3,个,商业技术顾问,https://www.businessconsulting.com,,
增强现实游戏系统,游戏展示系统,多层PCB,NVIDIA RTX 3080,8K,>40Gbps,2,个,140,个,5,个,游戏技术论坛,https://www.gamingtechforum.com,,
超高清广播系统,广播传输系统,单层PCB,ARM Cortex-A76,>8K,>35Gbps,1,个,95,个,3,个,媒体技术观察,https://www.mediatechobservation.com,,
云端视频管理系统,云计算服务,多层PCB,Google Tensor,>8K,>45Gbps,2,个,130,个,4,个,云计算技术报告,https://www.cloudcomputingreport.com,,
下一代录音系统,音频视频融合系统,单层PCB,Raspberry Pi 4,4K,>12Gbps,1,个,65,个,2,个,创意设计网络,https://www.creativedesignnetwork.com,,
AI图像增强系统,图像处理系统,多层PCB,NVIDIA Jetson Xavier,8K,>50Gbps,1,个,120,个,6,个,电子工程师论坛,https://www.elecfans.com,,
高效视频分析系统,数据分析系统,双层PCB,AMD Ryzen 9,>4K,>15Gbps,2,个,90,个,4,个,技术前沿,https://www.techfrontier.com,,
沉浸式虚拟现实系统,多媒体处理系统,多层PCB,Qualcomm Snapdragon,>8K,>60Gbps,1,个,200,个,8,个,虚拟现实开发者社区,https://www.vrdevs.com,,
智能监控设备,安防系统,单层PCB,Intel Core i7,>4K,>10Gbps,1,个,75,个,2,个,安防行业新闻,https://www.securitynews.com,,
超高清直播系统,直播解决方案,多层PCB,Apple M1,8K,>25Gbps,1,个,85,个,5,个,直播技术论坛,https://www.livetechforum.com,,
高动态范围视频处理系统,影像处理系统,双层PCB,Texas Instruments DSP,>8K,>35Gbps,1,个,150,个,3,个,专业媒体报道,https://www.techmedia.com,,
云端视频处理系统,云计算系统,多层PCB,AWS Graviton,>4K,>20Gbps,2,个,110,个,6,个,云计算论坛,https://www.cloudforum.com,,
移动视频终端系统,移动播放系统,单层PCB,Qualcomm Snapdragon 888,>2K,>8Gbps,1,个,70,个,2,个,移动设备开发,https://www.mobiledevices.com,,
机器人视觉系统,智能设备,多层PCB,Raspberry Pi 4,>1080p,>1Gbps,1,个,60,个,1,个,机器人技术网,https://www.roboticsnetwork.com,,
实时渲染系统,虚拟现实系统,多层PCB,NVIDIA RTX系列,8K,>50Gbps,2,个,200,个,6,个,TechCrunch,https://techcrunch.com,,
超高清电视系统,显示输出系统,单层PCB,Samsung Exynos,4K,>25Gbps,2,个,120,个,7,个,显示技术媒体,https://www.displaytech.com,,
AI 视频分析系统,智能监控系统,多层PCB,Google TPU,>8K,>30Gbps,1,个,90,个,5,个,AI 研究社,https://www.airesearch.com,,
多媒体应用服务器,数据处理系统,单层PCB,AMD EPYC,>8K,>40Gbps,2,个,150,个,4,个,数字媒体周刊,https://www.digitalmediaweekly.com,,
3D 动画渲染系统,图形处理系统,多层PCB,Intel i9,8K,>35Gbps,1,个,110,个,6,个,动画制作论坛,https://www.animationsforum.com,,
虚拟会议系统,实时交流系统,单层PCB,Raspberry Pi 4,4K,>15Gbps,1,个,70,个,3,个,会议技术在线,https://www.conferencetech.com,,
超高桢率捕捉系统,动作分析系统,多层PCB,NVIDIA Jetson,6K,>45Gbps,2,个,130,个,4,个,高端视频技术论坛,https://www.highendvideotech.com,,
超清液晶显示模块,显示技术系统,多层PCB,Qualcomm Snapdragon,>8K,>40Gbps,2,个,160,个,5,个,液晶显示研究中心,https://www.lcdresearch.com,,
高性能绘图系统,科学计算系统,多层PCB,AMD Radeon,>4K,>20Gbps,1,个,85,个,3,个,科学计算论坛,https://www.scientificcomputingforum.com,,
智能会议系统,多媒体会议系统,双层PCB,AMD Ryzen 9,4K,>25Gbps,2,个,120,个,6,个,科技日报,https://www.stdaily.com/,,
高性能显控系统,视频监控系统,多层PCB,NVIDIA Jetson,>8K,>50Gbps,3,个,200,个,8,个,官网技术资料,https://www.nvidia.com/en-us/embedded/jetson/,,
互动体验系统,虚拟现实系统,单层PCB,Qualcomm Snapdragon,6K,>15Gbps,1,个,90,个,4,个,VR行业论坛,https://www.vrfocus.com/,,
超高清视频播放器,内容播放系统,多层PCB,Apple M1,8K,>30Gbps,2,个,110,个,5,个,苹果开发者,https://developer.apple.com/,,
实时流媒体系统,网络流媒体系统,单层PCB,Intel Core i9,>4K,>35Gbps,2,个,135,个,7,个,流媒体先锋,https://www.streamingmedia.com/,,
多源视频聚合系统,数据聚合系统,双层PCB,TSMC 7nm SoC,8K,>60Gbps,2,个,160,个,9,个,行业会议报告,https://www.techinformer.com/,,
4K游戏盒子,家庭娱乐系统,多层PCB,AMD Ryzen 7,4K,>25Gbps,1,个,75,个,3,个,游戏开发社区,https://www.gamasutra.com/,,
云渲染控制系统,云计算系统,单层PCB,AMD EPYC,>8K,>40Gbps,2,个,140,个,6,个,云计算论坛,https://www.cloudcomputingnews.com/,,
家庭影院系统,家庭娱乐系统,多层PCB,MediaTek Dimensity,8K,>20Gbps,1,个,130,个,4,个,消费电子市场调查,https://www.cnbc.com/consumer-tech/,,
8K超高清视频播放系统,硬件解码系统,多层PCB,NVIDIA Tegra X1,8K,>50Gbps,2,个,200,个,6,个,新技术观察,https://www.techwatch.com,,
高清直播处理系统,网络传输系统,双层PCB,AMD Ryzen 9,>4K,>25Gbps,3,个,150,个,4,个,直播技术论坛,https://www.livetechtalk.com,,
智能影像处理系统,AI加速系统,多层PCB,Google TPU,>4K,>15Gbps,1,个,90,个,5,个,AI行业观察,https://www.aiindustrywatch.com,,
虚拟现实视频系统,交互系统,多层PCB,Qualcomm Snapdragon 888,>6K,>30Gbps,1,个,120,个,7,个,VR技术论坛,https://www.vrtechforum.com,,
移动视频监控系统,移动设备系统,单层PCB,ARM Cortex-A78,>2K,>10Gbps,2,个,75,个,2,个,安防技术杂志,https://www.sectechnology.com,,
多路复用视频传输系统,信号处理系统,双层PCB,Intel Core i7,>4K,>16Gbps,1,个,110,个,3,个,技术论文,https://www.techpapers.com,,
超高分辨率视频监控系统,监控系统,多层PCB,Xilinx Zynq Ultrascale+,>12K,>35Gbps,2,个,140,个,5,个,监控设备行业,https://www.monitorindustry.com,,
超高清视频录制系统,录制设备系统,单层PCB,Snapdragon 865,>8K,>20Gbps,1,个,95,个,3,个,专业设备评测,https://www.gearreview.com,,
云端高清视频处理系统,云服务系统,多层PCB,IBM Power9,>16K,>60Gbps,2,个,170,个,8,个,云计算技术门户,https://www.cloudportal.com,,
实时流媒体系统,网络直播系统,多层PCB,AMD EPYC,8K,>50Gbps,3,个,200,个,6,个,高效视频会议论坛,https://gonglue.com,,
游戏转换器系统,视频处理系统,单层PCB,NVIDIA Tegra,4K,>15Gbps,2,个,120,个,4,个,游戏开发社区,https://www.gamedev.com,,
数字标牌系统,显示系统,多层PCB,Raspberry Pi 4,1080p,>10Gbps,1,个,90,个,2,个,电子消费品网,https://www.electronics.com,,
虚拟现实处理系统,高速处理系统,单层PCB,Intel i9,8K,>30Gbps,2,个,160,个,4,个,VR技术论坛,https://www.vrtech.com,,
监控视频分析系统,智能监控系统,多层PCB,Qualcomm Snapdragon,4K,>25Gbps,1,个,110,个,3,个,安防科技网,https://www.securitytech.com,,
高清玩具应用系统,交互系统,单层PCB,ARM Cortex-A77,2K,>5Gbps,1,个,70,个,2,个,玩具行业分析,https://www.toystats.com,,
时尚显示系统,广告媒体系统,多层PCB,Apple M1,8K,>40Gbps,3,个,130,个,5,个,广告技术论坛,https://www.adtech.com,,
移动视频展览系统,展示系统,单层PCB,Intel Core i7,4K,>15Gbps,2,个,100,个,3,个,展览技术协会,https://www.exhibitiontech.com,,
高清远程控制系统,远程管理系统,多层PCB,RISC-V处理器,8K,>35Gbps,1,个,150,个,4,个,云计算市场,https://www.cloudmarket.com,,
高效视频解码系统,硬件加速系统,双层PCB,NVIDIA A100,8K,>50Gbps,1,个,120,个,6,个,NVIDIA开发者博客,https://developer.nvidia.com/blog/,,
智能监控系统,综合传输系统,多层PCB,Qualcomm Snapdragon,>4K,>25Gbps,2,个,95,个,4,个,智能家居技术论坛,https://www.smarthomeforum.com/,,
超高清直播系统,实时传输系统,单层PCB,AMD Ryzen,>8K,>10Gbps,3,个,110,个,5,个,直播技术专栏,https://www.streamingtech.com/,,
边缘计算系统,分布式处理系统,多层PCB,Intel Core i9,4K,>15Gbps,2,个,130,个,6,个,Edge Computing Database,https://www.edgecomputing.com/,,
虚拟现实影像系统,交互媒体系统,半导体PCB,Apple M1,>8K,>35Gbps,1,个,90,个,5,个,Ventures in VR,https://www.venturesinvr.com/,,
动态模拟系统,实时模拟系统,单层PCB,Raspberry Pi 4,1080P,>5Gbps,1,个,75,个,2,个,开源设备社区,https://www.openhardware.org/,,
4K高清显示系统,图像显示系统,多层PCB,Broadcom BCM2711,>4K,>10Gbps,2,个,100,个,7,个,显示技术评论,https://www.displaytechnologyreview.com/,,
实时游戏渲染系统,游戏加速系统,双层PCB,NVIDIA RTX 3080,>4K,>25Gbps,1,个,115,个,4,个,游戏开发者平台,https://www.gamingdevplatform.com/,,
高性能流媒体系统,流媒体传输系统,多层PCB,Intel i7,>8K,>40Gbps,2,个,105,个,6,个,流媒体技术公司,https://www.streamingtechcompany.com/,,
智能家庭影院系统,家庭娱乐系统,多层PCB,Qualcomm Snapdragon,4K,>25Gbps,2,个,120,个,4,个,科技资讯网,https://www.technews.com,,
云视频会议系统,云计算系统,单层PCB,AMD Ryzen,>8K,>15Gbps,1,个,65,个,2,个,云计算前沿,https://www.cloudfront.com,,
移动直播系统,流媒体系统,多层PCB,Apple M1,4K,>30Gbps,1,个,90,个,5,个,直播行业观察,https://www.liveindustry.com,,
超高分辨率投影系统,视觉显示系统,单层PCB,NVIDIA RTX 3090,8K,>40Gbps,2,个,140,个,6,个,AV专业网,https://www.avpro.com,,
虚拟现实视频处理系统,VR系统,多层PCB,Intel Core i9,>4K,>35Gbps,2,个,110,个,3,个,虚拟现实厂家,https://www.vrmanufacturing.com,,
高效视频解码系统,编解码系统,多层PCB,FPGA,>8K,>50Gbps,1,个,75,个,4,个,电子技术论坛,https://www.electronicforum.com,,
超高清直播编码系统,流媒体编码系统,单层PCB,Rockchip RK3568,>4K,>25Gbps,1,个,85,个,2,个,直播工程师网,https://www.streamingengineer.com,,
超高速视频捕捉系统,捕捉系统,多层PCB,Cypress PSoC,8K,>45Gbps,3,个,130,个,5,个,硬件设计先锋,https://www.hardwarescience.com,,
全景视频处理系统,视频拼接系统,单层PCB,Texas Instruments DSP,>4K,>32Gbps,1,个,95,个,3,个,视频监控网,https://www.videosecurity.com,,
智能监控系统,视频监控系统,多层PCB,Raspberry Pi 4,4K,>25Gbps,1,个,200,个,6,个,TechCrunch,https://techcrunch.com,,
AR/VR视频渲染系统,图形处理系统,双层PCB,AMD Ryzen 9,>8K,>50Gbps,2,个,120,个,4,个,IEEE Spectrum,https://spectrum.ieee.org,,
移动5G视频传输系统,无线传输系统,多层PCB,Qualcomm Snapdragon,8K,>30Gbps,1,个,170,个,5,个,5G Weekly,https://5gweekly.com,,
云视频处理系统,云服务系统,单层PCB,NVIDIA T4,>4K,>20Gbps,1,个,90,个,3,个,Amazon Web Services,https://aws.amazon.com,,
智能家居视频控制系统,家庭自动化系统,多层PCB,Espressif ESP32,1080p,>10Gbps,1,个,85,个,2,个,Instructables,https://www.instructables.com,,
广播电视频道系统,媒体广播系统,多层PCB,Intel Core i9,>4K,>15Gbps,2,个,160,个,7,个,Broadcast Engineering,https://www.broadcastengineering.com,,
增强现实显示系统,显示技术系统,单层PCB,NVIDIA RTX 3080,>4K,>35Gbps,1,个,110,个,3,个,VR Focus,https://www.vrfocus.com,,
高性能图像处理系统,图像处理系统,多层PCB,Apple M1,>8K,>45Gbps,2,个,140,个,5,个,AnandTech,https://www.anandtech.com,,
虚拟现实设备接口系统,接口适配系统,双层PCB,Texas Instruments DSP,>8K,>60Gbps,1,个,75,个,4,个,Virtual Reality Society,https://www.vrsociety.com,,
场景视频处理系统,实时传输系统,四层PCB,NVIDIA Jetson Xavier,8K,>50Gbps,2,个,200,个,6,个,IEEE Transactions,https://ieeexplore.ieee.org/Xplore/home.jsp,,
云视频存储系统,云计算系统,单层PCB,AMD EPYC,>4K,>15Gbps,1,个,120,个,2,个,Cloud Computing Conference,https://www.cloudcomputingexpo.com,,
室外智能监控系统,安全监控系统,六层PCB,Qualcomm Snapdragon,4K,>25Gbps,2,个,75,个,4,个,场景监控专业期刊,https://www.securitymanagement.com,,
高性能视频传输系统,光纤传输系统,四层PCB,Intel Core i9,8K,>100Gbps,1,个,90,个,5,个,光通信行业研究报告,https://www.lightreading.com,,
便携式媒体播放系统,消费类电子,双层PCB,Apple M1,>4K,>10Gbps,1,个,60,个,3,个,消费电子展会,https://www.ceatec.com,,
高端虚拟现实视频系统,虚拟现实系统,多层PCB,NVIDIA RTX 3090,8K,>30Gbps,2,个,150,个,4,个,游戏开发论坛,https://www.gamasutra.com,,
移动直播编码系统,直播系统,双层PCB,Raspberry Pi 4,4K,>12Gbps,1,个,45,个,2,个,技术博客,https://www.techradar.com,,
高效视频压缩系统,数据处理系统,四层PCB,ARM Cortex A78,8K,>40Gbps,1,个,110,个,3,个,压缩技术论坛,https://compression.ru,,
高效视频解码系统,编解码系统,六层PCB,Google TPUs,>8K,>45Gbps,2,个,130,个,5,个,AI技术会议,https://www.aitechnologyevents.com,,
超高清显示处理系统,硬件加速系统,多层PCB,NVIDIA RTX 3090,8K,>50Gbps,3,个,200,个,6,个,TechCrunch,https://techcrunch.com,,
智能视频监控系统,网络传输系统,单层PCB,Qualcomm Snapdragon,>4K,>25Gbps,2,个,120,个,8,个,安防网,https://www.securitynews.com,,
虚拟现实渲染系统,图形处理系统,多层PCB,AMD Ryzen 9,8K,>60Gbps,2,个,95,个,4,个,VR技术论坛,https://www.vrforum.com,,
流媒体播放系统,内容分发网络系统,单层PCB,Intel i7,>8K,>15Gbps,1,个,60,个,2,个,流媒体联盟,https://www.streamingalliance.org,,
电视广播传输系统,广播系统,单层PCB,Broadcom chipset,>8K,>35Gbps,2,个,150,个,5,个,广播与电视技术,https://www.broadcastingworld.com,,
实时视频拼接系统,视频处理系统,多层PCB,Intel Core i9,8K,>32Gbps,4,个,180,个,7,个,科技日报,https://www.sciencedaily.com,,
公共安全监控系统,综合监控系统,单层PCB,Texas Instruments DSP,>4K,>22Gbps,2,个,110,个,4,个,监控行业网,https://www.securityindustry.com,,
超高清视频流媒体系统,云计算平台,多层PCB,Apple M1,>8K,>40Gbps,2,个,140,个,6,个,云计算观察,https://www.cloudcomputingwatch.com,,
移动终端视频处理系统,便携系统,单层PCB,Snapdragon 888,>6K,>18Gbps,1,个,75,个,3,个,移动网络观察,https://www.mobilewatch.com,,
