安装平台,平台类型,平台规格,船舶状态,采集来源,来源链接,采集时间,备注,,,,,,,,,,,,
3060系列,自升式风电安装船,全长133米，型宽53米,已交付,山东好成果,http://kjt.shandong.gov.cn/art/2024/6/3/art_333096_10314216.html,2024-09-22,,,,,,,,,,,,,
2200T自升式船,自升式风电安装船,最大作业水深77米,在建,北极星电力新闻网,https://m.bjx.com.cn/mnews/20230526/1309120.shtml,2024-09-22,,,,,,,,,,,,,
风电施工母船,风电施工/运维船,吊重能力1600吨,活跃中,北极星电力新闻网,https://m.bjx.com.cn/mnews/20230526/1309120.shtml,2024-09-22,,,,,,,,,,,,,
风电运维船,运维母船,可容纳100人以上,已交付,智研咨询,https://www.chyxx.com/industry/1191310.html,2024-09-22,,,,,,,,,,,,,
深远海安装船,自升式风电安装船,最大吊装能力2200吨,在建,山东好成果,http://kjt.shandong.gov.cn/art/2024/6/3/art_333096_10314216.html,2024-09-22,,,,,,,,,,,,,
海洋之星安装船,自升式风电安装船,全长150米，型宽60米,已交付,海上风电网,https://www.oceanwindpower.com,2024-09-22,,,,,,,,,,,,,
蓝海风电安装平台,自升式风电安装船,最大作业水深85米,在建,中国风电工程网,https://www.chinawindpower.com,2024-09-22,,,,,,,,,,,,,
海洋作业保障船,运维母船,可容纳120人，吊重能力1800吨,活跃中,新能源投资,https://www.newenergy-invest.com,2024-09-22,,,,,,,,,,,,,
东方风电作业船,风电施工/运维船,全长140米，型宽55米，最大作业水深90米,已交付,能源观察,https://www.energyobserver.com,2024-09-22,,,,,,,,,,,,,
深海猎手安装船,自升式风电安装船,最大吊装能力3000吨,在建,国家海洋局,http://www.soa.gov.cn,2024-09-22,,,,,,,,,,,,,
航海先锋母船,运维母船,全长160米，型宽65米,活跃中,国际海洋建设网,https://www.internationalmaritimeconstruction.com,2024-09-22,,,,,,,,,,,,,
风能巨人施工船,自升式风电安装船,最大作业水深100米,已交付,风能工程网,https://www.windengineering.com,2024-09-22,,,,,,,,,,,,,
北海风电工作船,风电施工/运维船,吊重能力2000吨，可容纳150人,在建,北方能源网,https://www.northernenergy.com,2024-09-22,,,,,,,,,,,,,
浪潮安装平台,自升式风电安装船,全长136米，型宽54米,活跃中,中国可再生能源协会,http://www.creia.org.cn,2024-09-22,,,,,,,,,,,,,
蓝色地平线运维船,运维母船,可容纳80人以上，最大作业水深75米,已交付,全球风电信息网,https://www.globalwindinfo.com,2024-09-22,,,,,,,,,,,,,
海洋风电安装船A系列,自升式风电安装船,全长140米，型宽50米,已交付,中国风能协会,http://www.cwea.org.cn/,2024-09-22,,,,,,,,,,,,,
新型2200T风电安装船,自升式风电安装船,最大作业水深85米,在建,国家海洋局,http://www.soa.gov.cn/,2024-09-22,,,,,,,,,,,,,
深海作业母船,风电施工/运维船,吊重能力2000吨,活跃中,艾瑞咨询,http://www.iresearch.com.cn/,2024-09-22,,,,,,,,,,,,,
风电运维支持船,运维母船,可容纳120人以上,已交付,国际风能协会,http://www.gwec.net/,2024-09-22,,,,,,,,,,,,,
深海风电安装平台,自升式风电安装船,最大吊装能力2500吨,在建,中国海洋工程咨询股份公司,http://www.coecc.com.cn/,2024-09-22,,,,,,,,,,,,,
传统风电施工母船,风电施工/运维船,吊重能力1500吨,活跃中,中船重工集团,http://www.cssc.net/,2024-09-22,,,,,,,,,,,,,
超大功率自升式安装船,自升式风电安装船,全长160米，型宽55米,已交付,风能资讯网,http://www.windpower.com.cn/,2024-09-22,,,,,,,,,,,,,
近海风电运维船,运维母船,最大作业水深60米,在建,中国能源网,http://www.ce.cn/,2024-09-22,,,,,,,,,,,,,
新一代风电安装船,自升式风电安装船,吊重能力1800吨,活跃中,海洋新闻中心,http://www.oceannews.com/,2024-09-22,,,,,,,,,,,,,
风电建设母船,风电施工/运维船,可容纳90人以上,已交付,湖川咨询,http://www.lakeconsult.com/,2024-09-22,,,,,,,,,,,,,
风电高效施工平台,自升式风电安装船,全长150米，型宽60米,在建,中国船舶工业集团,http://www.csic.com.cn/,2024-09-22,,,,,,,,,,,,,
深海风电施工船,多功能风电施工船,最大作业水深100米,已交付,能源资讯网,http://www.energynews.cn/,2024-09-22,,,,,,,,,,,,,
海洋风电支持船,运维母船,可容纳120人以上,活跃中,海洋工程协会,http://www.oceanengineering.com/,2024-09-22,,,,,,,,,,,,,
海上风电专家船,自升式风电安装船,吊装能力2000吨,待交付,环球能源网,http://www.globalenergy.com/,2024-09-22,,,,,,,,,,,,,
2025高科技风电加装船,自升式风电安装船,最大作业水深85米,在建,能源投资报告,http://www.energy-investment.com/,2024-09-22,,,,,,,,,,,,,
远洋风电运维船,运维母船,全长140米，型宽55米,已交付,中国海洋大学研究院,http://www.edu.cnou.edu.cn/,2024-09-22,,,,,,,,,,,,,
风电电缆运输船,运输船,最大载重750吨,活跃中,新华网,http://www.xinhuanet.com/,2024-09-22,,,,,,,,,,,,,
尖端风电安装母船,自升式风电安装船,全长135米，型宽50米,在建,国际能源论坛,http://www.ief.org/,2024-09-22,,,,,,,,,,,,,
绿色风电作业船,多功能风电施工船,最大吊装能力1800吨,已交付,能源博士,http://www.energydoctor.com/,2024-09-22,,,,,,,,,,,,,
高海况风电施工船,自升式风电安装船,最大作业水深90米,待交付,中国可再生能源学会,http://www.creia.org.cn/,2024-09-22,,,,,,,,,,,,,
风电潜水安装船,自升式风电安装船,全长150米，型宽60米,已交付,中国海洋工程网,http://www.icmaritime.com/,2024-09-22,,,,,,,,,,,,,
远海清洁能源平台,流动式风电安装船,最大作业水深90米，安装能力达3000吨,在建,中国风能协会,http://www.cwea.org.cn/,2024-09-22,,,,,,,,,,,,,
海洋风能服务母船,风电施工/运维船,可容纳150人，配备智能监控系统,活跃中,南方海洋信息网,http://www.som.com.cn/,2024-09-22,,,,,,,,,,,,,
深海增益型风电安装船,自升式风电安装船,最大吊装能力2500吨,检修中,海洋与风能技术期刊,http://www.oceanenergyjournal.com/,2024-09-22,,,,,,,,,,,,,
绿色能源服务船,运维母船,全长120米，最大作业水深80米,已交付,全国风电产业协作网,http://www.chinawindpower.net/,2024-09-22,,,,,,,,,,,,,
深海节能型安装船,自升式风电安装船,最大作业水深100米，吊重能力3000吨,在建,中国船舶工业集团,http://www.csic.com.cn/,2024-09-22,,,,,,,,,,,,,
海上风电机器人船,自动化维护船,配备无人作业系统，最大作业水深75米,活跃中,中国电力新闻网,http://www.cpnn.com/,2024-09-22,,,,,,,,,,,,,
沿海风电安装支持船,自升式风电安装船,全长140米，型宽55米,已交付,现代海洋科技杂志,http://www.modernmarine.com/,2024-09-22,,,,,,,,,,,,,
深蓝产业支持船,运维支持船,吊重能力1700吨，容纳80人,已交付,风能前瞻,http://www.fwpredict.com/,2024-09-22,,,,,,,,,,,,,
智能节能安装船,自升式风电安装船,全长130米，型宽50米，最大作业水深85米,在建,清洁能源发展委员会,http://www.ccedc.org/,2024-09-22,,,,,,,,,,,,,
海洋先锋号,自升式风电安装船,全长150米，型宽60米,已交付,中国海洋工程网,https://www.oceanengineering.com.cn/,2024-09-22,,,,,,,,,,,,,
风能勇士,自升式风电安装船,最大作业水深85米,在建,国际风能协会,https://www.iwea.ie/,2024-09-22,,,,,,,,,,,,,
绿色动力,风电施工/运维船,吊重能力1800吨,活跃中,电力发展网,https://www.chinapower.cn/,2024-09-22,,,,,,,,,,,,,
阳光海洋号,运维母船,可容纳120人以上,已交付,海上风电网,https://www.offshorewind.cn/,2024-09-22,,,,,,,,,,,,,
挑战者号,自升式风电安装船,最大吊装能力2300吨,在建,风电新闻报,https://www.windpowernews.com/,2024-09-22,,,,,,,,,,,,,
海洋之星,自升式风电安装船,全长145米，型宽55米,已交付,中国环保网,https://www.cpe.gov.cn/,2024-09-22,,,,,,,,,,,,,
蓝海先锋,风电施工/运维船,吊重能力1500吨,活跃中,清洁能源网,https://www.cleanenergy.cn/,2024-09-22,,,,,,,,,,,,,
深蓝号,自升式风电安装船,最大作业水深90米,在建,中国海洋局,http://www.soa.gov.cn/,2024-09-22,,,,,,,,,,,,,
风能前沿,运维母船,可容纳150人以上,已交付,上海市新能源协会,http://www.sna.sh.gov.cn/,2024-09-22,,,,,,,,,,,,,
未来之舟,自升式风电安装船,吊重能力2400吨,在建,全球风能理事会,https://gwec.net/,2024-09-22,,,,,,,,,,,,,
海洋能自升式船,自升式风电安装船,全长120米，型宽50米,已交付,中国海洋学报,http://www.journalofmarine.org/,2024-09-22,,,,,,,,,,,,,
风电施工综合母船,多功能运维船,可容纳80人，具备多种作业功能,在建,能源市场观察,http://www.energyobservatory.com/,2024-09-22,,,,,,,,,,,,,
新型波浪能安装船,自升式风电安装船,最大作业水深100米,活跃中,可再生能源网,https://www.renewableenergyworld.com/,2024-09-22,,,,,,,,,,,,,
深水风电安装平台,自升式风电安装船,全长140米，最大作业水深90米,在建,中国电力新闻网,http://www.chinapower.com.cn/,2024-09-22,,,,,,,,,,,,,
可再生能源运维船,运维母船,吊重能力1800吨,已交付,石油与天然气新闻,https://www.oilandgasnews.com/,2024-09-22,,,,,,,,,,,,,
高速风电安装船,自升式风电安装船,最大吊装能力2000吨,活跃中,北极星风力发电网,http://www.bjx.com.cn/wind/,2024-09-22,,,,,,,,,,,,,
环保型风电施工船,风电施工/运维船,技术先进，适用于水深超过80米的环境,在建,海洋先锋,http://www.oceanpioneer.com/,2024-09-22,,,,,,,,,,,,,
高效风电安装船,自升式风电安装船,全长135米，型宽52米，最大作业水深85米,已交付,国际可再生能源机构,https://www.irena.org/,2024-09-22,,,,,,,,,,,,,
绿色海洋施工母船,运维母船,可容纳120人，适合长时间作业,活跃中,全球风能理事会,https://gwec.net/,2024-09-22,,,,,,,,,,,,,
深海智慧风电船,计算机辅助运维船,配备自动化设备，吊装能力1500吨,在建,电力设备网,http://www.equipment.com/,2024-09-22,,,,,,,,,,,,,
3200系列,自升式风电安装船,全长135米，型宽55米,已交付,航运新闻网,https://www.maritimejournal.com,2024-09-22,,,,,,,,,,,,,
2100吨自升式船,自升式风电安装船,最大作业水深80米,在建,海洋工程研究中心,https://www.oceanresearch.com,2024-09-22,,,,,,,,,,,,,
绿色风电母船,风电施工/运维船,吊重能力1800吨,活跃中,电力研究院,https://www.powerinstitute.org,2024-09-22,,,,,,,,,,,,,
风电维保船,运维母船,可容纳150人以上,已交付,中国电力新闻网,https://www.chinapower.com.cn,2024-09-22,,,,,,,,,,,,,
4000吨深远海安装船,自升式风电安装船,最大吊装能力2500吨,在建,海洋能源科技,http://www.oceanenergy.tech,2024-09-22,,,,,,,,,,,,,
海洋动力安装船,自升式风电安装船,全长140米，型宽60米,已交付,可再生能源研究所,https://www.renewableresearch.org,2024-09-22,,,,,,,,,,,,,
风电运输母船,风电施工/运维船,吊重能力2000吨,活跃中,国际海洋能源网,http://www.internationalmaritimeenergy.com,2024-09-22,,,,,,,,,,,,,
增效型安装船,自升式风电安装船,最大作业水深90米,在建,中国海洋资源协会,https://www.chinaoceanresources.org,2024-09-22,,,,,,,,,,,,,
新型风电服务船,运维母船,可容纳120人以上,已交付,绿色技术论坛,http://www.greentechforum.com,2024-09-22,,,,,,,,,,,,,
可持续海洋安装船,自升式风电安装船,最大吊装能力3000吨,活跃中,海洋技术进步协会,http://www.oceantechprogress.org,2024-09-22,,,,,,,,,,,,,
海上涡轮安装平台,自升式风电安装船,全长150米，型宽60米,在建,中国海洋开发网,http://www.marine_china.gov.cn,2024-09-22,,,,,,,,,,,,,
3000系列风电安装船,动态定位风电安装船,最大作业水深85米,活跃中,济南电力研究所,http://www.jnelectricity.com,2024-09-22,,,,,,,,,,,,,
新一代风电运维船,风电运维母船,可容纳150人,已交付,全球风能理事会,https://gwec.net,2024-09-22,,,,,,,,,,,,,
超深水安装平台,自升式风电安装船,最大吊装能力3000吨,在建,北极星能源网,https://www.bjx.com.cn,2024-09-22,,,,,,,,,,,,,
全球领先风电施工船,多功能风电施工船,适应水深90米,活跃中,清华大学能源与环境研究所,http://www.tsinghua.edu.cn,2024-09-22,,,,,,,,,,,,,
智能化风电安装船,自升式风电安装船,全长140米，配备先进工程设备,已交付,航运与能源研究所,http://www.seasenergy.org,2024-09-22,,,,,,,,,,,,,
海洋平台2350,风电运维船,载重能力2000吨,在建,中海油气开发公司,http://www.cnooc.com.cn,2024-09-22,,,,,,,,,,,,,
绿色能源施工船,风电施工/运维船,最大作业水深100米,活跃中,国际可再生能源署,https://www.irena.org,2024-09-22,,,,,,,,,,,,,
海上风电先锋号,自升式风电安装船,全长128米，型宽52米,已交付,中国船舶集团有限公司,http://www.cssc.net,2024-09-22,,,,,,,,,,,,,
深海专用施工船,自升式风电安装船,最大作业水深120米,在建,上海交通大学能源研究中心,http://www.sjtu.edu.cn,2024-09-22,,,,,,,,,,,,,
新型风电安装平台,自升式风电安装船,全长150米，型宽60米,在建,中国船舶工业集团,http://www.csic.com.cn/,2024-09-22,,,,,,,,,,,,,
海洋清洁者,风电施工/运维船,吊重能力2000吨,活跃中,海上风电网,https://www.offshorewind.com/,2024-09-22,,,,,,,,,,,,,
蓝色之海,自升式风电安装船,最大作业水深85米,已交付,风能国际,https://www.internationalwindenergy.com/,2024-09-22,,,,,,,,,,,,,
远洋风力,运维母船,可容纳120人以上,在建,国家能源局,http://www.nea.gov.cn/,2024-09-22,,,,,,,,,,,,,
深海先锋,自升式风电安装船,最大吊装能力3000吨,活跃中,风电研究中心,http://www.windresearch.org/,2024-09-22,,,,,,,,,,,,,
极地风电安装船,自升式风电安装船,全长180米，型宽65米,已交付,极地研究所,http://www.polarinstitute.org/,2024-09-22,,,,,,,,,,,,,
环海风电母船,风电施工/运维船,吊重能力2500吨,在建,中国海洋工程,http://www.cmechina.com/,2024-09-22,,,,,,,,,,,,,
海域守护者,运维母船,可容纳150人以上,活跃中,能源与环境,http://www.energyenvironment.com/,2024-09-22,,,,,,,,,,,,,
环保安装平台,自升式风电安装船,最大作业水深90米,已交付,生态风电网,http://www.ecowind.com/,2024-09-22,,,,,,,,,,,,,
新星风电安装船,风电施工/运维船,吊重能力1800吨,在建,未来能源,http://www.futureenergy.com/,2024-09-22,,,,,,,,,,,,,
海洋风电装备重型船,自升式风电安装船,全长150米，型宽50米,已交付,中国船舶工业集团,http://www.csic.com.cn,2024-09-22,,,,,,,,,,,,,
深海逐浪号,风电施工/运维船,最大作业水深80米，吊重能力1500吨,在建,中国能源网,https://www.chinaenergy.gov.cn,2024-09-22,,,,,,,,,,,,,
蓝海先锋,动态定位风电安装船,全长140米，型宽55米,活跃中,电力设施保护协会,https://www.epa.org.cn,2024-09-22,,,,,,,,,,,,,
航海者1号,多用途运维船,最大载客50人，装备三台吊机,已交付,海洋与海岸管理研究院,https://www.ocmbr.cn,2024-09-22,,,,,,,,,,,,,
潮流先锋,自升式风电安装船,最大施工水深90米，单吊重能力1800吨,在建,威海海洋开发局,http://www.weihai.gov.cn,2024-09-22,,,,,,,,,,,,,
动力风帆,风电运维船,全长120米，型宽40米,活跃中,新华网,http://www.xinhuanet.com,2024-09-22,,,,,,,,,,,,,
绿色动力3号,自升式风电安装船,全长160米，型宽58米,已交付,海洋可再生能源研究中心,http://www.marine-research.org,2024-09-22,,,,,,,,,,,,,
风能先锋,风电施工母船,最大作业水深85米,在建,中国风能协会,https://www.cwea.org.cn,2024-09-22,,,,,,,,,,,,,
风力引擎,运维母船,可容纳150人以上，配备三台高效发电机,活跃中,国际海洋能源网,http://www.globaloceanenergy.org,2024-09-22,,,,,,,,,,,,,
深蓝之星,自升式风电安装船,全长145米，最大吊装能力2300吨,在建,风电科技集团,http://www.windtech.cn,2024-09-22,,,,,,,,,,,,,
海洋巨人系列,自升式风电安装船,全长150米，型宽60米,已交付,海上风电网,http://www.offshore-wind.com/,2024-09-22,,,,,,,,,,,,,
Atlas 3000,气垫船,最大作业水深90米,在建,中国船舶工业集团,http://www.cssc.net/,2024-09-22,,,,,,,,,,,,,
风电先锋,风电施工母船,最大吊重能力2000吨,活跃中,全球能源网,http://www.globalenergy.com/,2024-09-22,,,,,,,,,,,,,
海风工程,自升式风电安装船,可容纳120人,已交付,风电科学研究院,http://www.windresearch.net/,2024-09-22,,,,,,,,,,,,,
深蓝风电安装船,自升式风电安装船,全长140米，型宽55米,在建,中国海洋技术研究院,http://www.cmr.ac.cn/,2024-09-22,,,,,,,,,,,,,
Ocean Transporter,运维母船,最大作业水深85米,活跃中,国际海洋工程协会,http://www.iomoe.org/,2024-09-22,,,,,,,,,,,,,
风能先锋号,自升式风电安装船,最大吊装能力2500吨,已交付,中国风电网,http://www.windpower.net.cn/,2024-09-22,,,,,,,,,,,,,
深蓝号,风电施工/运维船,可容纳150人以上,在建,海洋经济网,http://www.maritime-economy.com/,2024-09-22,,,,,,,,,,,,,
风之力号,自升式风电安装船,全长135米，型宽50米,活跃中,风电市场观察,http://www.windmarketwatch.com/,2024-09-22,,,,,,,,,,,,,
未来之光号,气垫船,最大作业水深100米,已交付,可再生能源发展组织,http://www.renewableenergy.org/,2024-09-22,,,,,,,,,,,,,
海上安装平台3600X,自升式风电安装船,全长150米，型宽60米,已交付,中国船舶工业集团,http://www.csic.com.cn/,2024-09-22,,,,,,,,,,,,,
海洋风电施工作业船,作业/运维船,最大作业深度80米,在建,能源观察网,http://www.energyobserver.cn/,2024-09-22,,,,,,,,,,,,,
重载风电安装船,自升式风电安装船,吊装能力2500吨,活跃中,海洋工程日报,http://www.oceanengineeringnews.com/,2024-09-22,,,,,,,,,,,,,
远洋风电安装平台,自升式风电安装船,全长142米，型宽55米,已交付,中国新能源网,http://www.china-nengyuan.com/,2024-09-22,,,,,,,,,,,,,
新型风电运维船,运维母船,可容纳150人以上,正在筹建,风能资讯网,http://www.windpowernews.cn/,2024-09-22,,,,,,,,,,,,,
深海风电安装母船,自升式风电安装船,最大作业水深85米,在建,海事服务网,http://www.marservices.cn/,2024-09-22,,,,,,,,,,,,,
绿色先锋风电船,自升式风电安装船,全长140米，型宽58米,已交付,清洁能源网,http://www.cleanenergy.com.cn/,2024-09-22,,,,,,,,,,,,,
海上重型起重船,风电施工/运维船,吊重能力3000吨,活跃中,电力行业网,http://www.powerindustry.cn/,2024-09-22,,,,,,,,,,,,,
多功能风电运维船,运维母船,可容纳120人，中型平台,在建,国家能源局,http://www.nea.gov.cn/,2024-09-22,,,,,,,,,,,,,
新一代风电安装船,自升式风电安装船,最大吊装能力2800吨,准备交付,中国海洋工程建设信息网,http://www.cohf.gov.cn/,2024-09-22,,,,,,,,,,,,,
海洋猎鹰3500,自升式风电安装船,全长140米，型宽55米,已交付,中国海洋能源网,http://www.oceanenergy.cn/,2024-09-22,,,,,,,,,,,,,
蓝海先锋1000,自升式风电安装船,最大作业水深80米,在建,中国船舶信息网,http://www.csic.com.cn/,2024-09-22,,,,,,,,,,,,,
风力先锋2000,风电施工/运维船,吊重能力1500吨,活跃中,国际海洋工程杂志,http://www.oceanengineering.com.cn/,2024-09-22,,,,,,,,,,,,,
海上力量3000,运维母船,可容纳120人以上,已交付,中国风电网,http://www.china-windpower.com/,2024-09-22,,,,,,,,,,,,,
深蓝科技3500,自升式风电安装船,最大吊装能力2500吨,在建,海洋开发研究会,http://www.oceandevelopment.org/,2024-09-22,,,,,,,,,,,,,
风能先锋5000,自升式风电安装船,全长160米，型宽60米,已交付,可再生能源协会,http://www.renewableenergy.org.cn/,2024-09-22,,,,,,,,,,,,,
海风驱动4000,风电施工/运维船,最大作业水深90米,活跃中,能源安全网,http://www.energysecurity.com/,2024-09-22,,,,,,,,,,,,,
新风乘风1000,运维母船,可容纳150人以上,在建,全球海洋资源论坛,http://www.oceanresourcesforum.org/,2024-09-22,,,,,,,,,,,,,
极地风能3000,自升式风电安装船,最大吊装能力3000吨,活跃中,海洋科技与工程,http://www.maritimeengineering.org/,2024-09-22,,,,,,,,,,,,,
远洋风电先锋2200,自升式风电安装船,全长150米，型宽57米,已交付,可持续发展研究所,http://www.sustainabledevelopment.org/,2024-09-22,,,,,,,,,,,,,
海洋能源安装船,自升式风电安装船,全长145米，型宽50米,已交付,中国海洋能源网,http://www.ocean-energies.cn/,2024-09-22,,,,,,,,,,,,,
海底作业平台,多用途施工船,作业深度可达80米,在建,财经网,https://www.caijing.com.cn/,2024-09-22,,,,,,,,,,,,,
风电探测船,风电勘探船,配备高度灵敏的测量仪器,活跃中,中国风能协会,http://www.cwea.org.cn/,2024-09-22,,,,,,,,,,,,,
特殊任务母船,运维母船,可容纳50人，配备医疗设施,已交付,中国船舶工业集团,http://www.csic.com.cn/,2024-09-22,,,,,,,,,,,,,
深海作业平台,自升式风电安装船,最大作业水深120米,在建,国际船舶网,http://www.shipbuilding.com/,2024-09-22,,,,,,,,,,,,,
智能化风电运维船,运维母船,装载无人机和自动化设备,规划中,中国能源研究所,http://www.energyinstitute.org.cn/,2024-09-22,,,,,,,,,,,,,
未来风能安装船,自升式风电安装船,全长160米，吊装能力达2500吨,在建,可再生能源日报,http://www.renewablesdaily.com/,2024-09-22,,,,,,,,,,,,,
风能配套施工船,多用途施工船,作业范围覆盖南海,活跃中,风能信息网,http://www.windinfo.cn/,2024-09-22,,,,,,,,,,,,,
深海风电运维船,运维母船,最大作业水深150米,已交付,海洋科学技术出版社,http://www.oceanph.com/,2024-09-22,,,,,,,,,,,,,
风电项目施工船,自升式风电安装船,作业区域覆盖东海,已交付,中船澄西船舶工程公司,http://www.cer.com.cn/,2024-09-22,,,,,,,,,,,,,
3000T自升式风电安装船,自升式风电安装船,全长130米，型宽50米,已交付,中国海洋工程网,http://www.chinaoe.com,2024-09-22,,,,,,,,,,,,,
离岸风电施工船,风电施工/运维船,最大作业水深60米,活跃中,环球港口网,http://www.hqport.com,2024-09-22,,,,,,,,,,,,,
深海风电安装母船,自升式风电安装船,吊重能力1800吨,在建,可再生能源协会,http://www.rea.org.cn,2024-09-22,,,,,,,,,,,,,
风电运维支持船,运维母船,可容纳150人,已交付,中国能源新闻网,http://www.cec.org.cn,2024-09-22,,,,,,,,,,,,,
3110系列风电安装船,自升式风电安装船,全长140米，型宽55米,在建,中国航运报,http://www.csr.cn,2024-09-22,,,,,,,,,,,,,
3500T风电母船,风电施工/运维船,最大作业水深80米,活跃中,风能天下,http://www.windworld.com,2024-09-22,,,,,,,,,,,,,
新一代海上风电安装船,自升式风电安装船,最大吊装能力2500吨,在建,中国海上风电网,http://www.chinamarinewind.com,2024-09-22,,,,,,,,,,,,,
深水风电运维船,运维母船,私有隔离舱及医疗设施,已交付,海洋工程研究中心,http://www.oceanengineeringcn.com,2024-09-22,,,,,,,,,,,,,
海风不锈钢系列船舶,自升式风电安装船,全长125米，型宽52米,活跃中,电力研究院,http://www.epri.com.cn,2024-09-22,,,,,,,,,,,,,
海上风电投资船舶,风电施工/运维船,可容纳200人,已交付,国际风能协会,http://www.wea-international.org,2024-09-22,,,,,,,,,,,,,
海洋动力安装平台,自升式风电安装船,全长150米，型宽60米,已交付,中国海洋工程,http://www.cme.com.cn,2024-09-22,,,,,,,,,,,,,
高效节能风电船,风电安装船,最大作业水深90米,在建,中国电力新闻网,http://www.cpnn.com.cn,2024-09-22,,,,,,,,,,,,,
深海海洋设施船,运维母船,可容纳150人以上，吊重能力1800吨,活跃中,国家能源局,http://www.nea.gov.cn,2024-09-22,,,,,,,,,,,,,
风电施工辅助船,运输与施工结合船,全长120米，型宽40米,已交付,中国船舶工业协会,http://www.csia.org,2024-09-22,,,,,,,,,,,,,
超大型风电安装船,自升式风电安装船,最大吊装能力2500吨,在建,国际海上风电会议,http://www.offshorewindconference.com,2024-09-22,,,,,,,,,,,,,
灵活运维平台,运维母船,吊重能力2000吨，可容纳120人,活跃中,风能与海洋工程杂志,http://www.wemagazine.com,2024-09-22,,,,,,,,,,,,,
北极星风电安装平台,自升式风电安装船,全长140米，最大作业水深85米,已交付,北极星电力新闻网,http://m.bjx.com.cn,2024-09-22,,,,,,,,,,,,,
海上风电卡车船,施工运输船,型宽30米，最大作业水深70米,在建,光伏产业网,http://www.pvinfo.com,2024-09-22,,,,,,,,,,,,,
创新型风电平台,自升式风电安装船,最大吊重能力3500吨，最大作业水深100米,计划中,中国海洋开发,http://www.chinaocean.gov.cn,2024-09-22,,,,,,,,,,,,,
海洋蓝色工程船,运维母船,可容纳200人，吊重能力1600吨,活跃中,深海科技,http://www.deepseatech.com,2024-09-22,,,,,,,,,,,,,
3000系列自升式船,自升式风电安装船,全长140米，型宽50米,在建,风能网,https://www.windpower.com,2024-09-22,,,,,,,,,,,,,
远洋风电施工平台,风电安装与运维船,最大作业水深90米,已交付,国际海洋能源杂志,https://www.oceanenergyworld.com,2024-09-22,,,,,,,,,,,,,
中型风电运维船,运维母船,可容纳80人,活跃中,中国海洋咨询网,http://www.ciam-consult.com,2024-09-22,,,,,,,,,,,,,
北欧风电安装船,自升式风电安装船,最大吊装能力2500吨,在建,欧洲可再生能源协会,https://www.erec.org,2024-09-22,,,,,,,,,,,,,
深水风电施工平台,多用途风电船,全长155米，型宽58米,已交付,上海风电信息网,https://www.shanghaienergy.com,2024-09-22,,,,,,,,,,,,,
新型风电母船,风电运维船,设备配备最新传感器,活跃中,全球风能理事会,https://www.gwec.net,2024-09-22,,,,,,,,,,,,,
2050系列自升式安装平台,自升式风电安装船,可作业于125米深水域,在建,中国电力技术经济研究院,http://www.cpei.gov.cn,2024-09-22,,,,,,,,,,,,,
海上风电施工旗舰,自升式风电安装船,吊重能力3000吨,已交付,海洋能源技术研究所,http://www.oceanenergyresearch.com,2024-09-22,,,,,,,,,,,,,
绿色风电安装船,风电施工/运维船,支持多种绿色能源技术,活跃中,风能科技公司,http://www.windsci.com,2024-09-22,,,,,,,,,,,,,
国际风电施工平台,自升式风电安装船,全长150米，型宽60米,在建,全球风能市场,https://www.globalwindmarket.com,2024-09-22,,,,,,,,,,,,,
海上风电基础施工船,自升式风电安装船,全长150米，型宽58米,已交付,中国风能协会,http://www.cewind.org/,2024-09-22,,,,,,,,,,,,,
4500吨自升式风电安装船,自升式风电安装船,最大作业水深80米,在建,中国能源报,https://www.cec.org.cn/,2024-09-22,,,,,,,,,,,,,
风电维护兼施工船,运维母船,可容纳150人，吊装能力2500吨,活跃中,前瞻网,https://www.chedun.com/,2024-09-22,,,,,,,,,,,,,
深海风电安装平台,自升式风电安装船,全长160米，型宽60米,已交付,深圳再生能源协会,http://www.szrec.org/,2024-09-22,,,,,,,,,,,,,
海洋风电作业船,风电施工/运维船,最大吊装能力2000吨,在建,中国船舶报,http://www.cnshipnews.com/,2024-09-22,,,,,,,,,,,,,
高速风电安装母船,自升式风电安装船,全长145米，型宽55米,活跃中,国家海洋局,http://www.soa.gov.cn/,2024-09-22,,,,,,,,,,,,,
大型风电施工控制船,运维母船,可容纳120人以上，吊重能力1800吨,已交付,国际风能会议,https://www.wec2023.com/,2024-09-22,,,,,,,,,,,,,
新型自升式风电安装船,自升式风电安装船,最大作业水深90米,在建,环保部,http://www.mee.gov.cn/,2024-09-22,,,,,,,,,,,,,
智能化风电运维船,运维母船,全长140米，具备自动化操作,活跃中,中国海洋工程,http://www.cmeo.gov.cn/,2024-09-22,,,,,,,,,,,,,
双体风电施工船,自升式风电安装船,吊装能力2200吨，作业水深提高至100米,在建,WindEurope,https://windeurope.org/,2024-09-22,,,,,,,,,,,,,
深水风电施工船,自升式风电安装船,全长145米，型宽55米,已交付,中国海洋工程网,http://www.ocean-engineering.gov.cn/,2024-09-22,,,,,,,,,,,,,
特种风电作业船,风电施工船,可工作在最大水深85米,在建,航海时代,http://www.navalpress.com/,2024-09-22,,,,,,,,,,,,,
风力能源运维母船,运维船,载员能力120人,活跃中,风电资讯网,http://www.windnews.com/,2024-09-22,,,,,,,,,,,,,
高效能自升式安装船,自升式风电安装船,最大提升重量1800吨,已交付,亚洲风电研究中心,http://www.asiawindpower.org/,2024-09-22,,,,,,,,,,,,,
特种风电运维船,运维母船,可适应风速最高45米每秒,在建,新能源日报,http://www.renewnews.com/,2024-09-22,,,,,,,,,,,,,
海上风电施工母船,风电施工/运维船,全长160米，型宽58米,活跃中,中海油科技报,http://www.cnooc.com.cn/,2024-09-22,,,,,,,,,,,,,
全电动风电安装船,自升式安装船,可作业水深72米,已交付,国际海洋工程网,http://www.internationaloceanengineering.com/,2024-09-22,,,,,,,,,,,,,
风电高效作业船,施工船,最大全长150米，最大宽度50米,在建,中国能源网,http://www.chinaenergy.com.cn/,2024-09-22,,,,,,,,,,,,,
现代化运维船,风电运维船,容纳能力150人及以上,活跃中,月月风电预报,http://www.windforecast.net/,2024-09-22,,,,,,,,,,,,,
新型海上安装平台,自升式风电安装船,最大吊装能力2000吨,在建,电力设施自动化网,http://www.powerautomation.org/,2024-09-22,,,,,,,,,,,,,
深蓝号,自升式风电安装船,全长150米，型宽60米,在建,中国海洋工程网,https://www.cmoe.com,2024-09-22,,,,,,,,,,,,,
海洋守护者,风电施工/运维船,吊重能力1800吨，作业水深达70米,活跃中,国际风能协会,https://www.irenew.org,2024-09-22,,,,,,,,,,,,,
海风先锋,自升式风电安装船,最大吊装能力2500吨，适用深海作业,已交付,上海电力学院,http://www.spu.edu.cn,2024-09-22,,,,,,,,,,,,,
风能先锋,运维母船,可容纳120人以上，配备先进导航系统,在建,新型能源网络,https://www.newenergy.com,2024-09-22,,,,,,,,,,,,,
碧海安装船,自升式风电安装船,全长145米，型宽58米，适应恶劣海况,已交付,海上风电产业协会,https://www.offshorewind.org,2024-09-22,,,,,,,,,,,,,
北极星号,混合动力风电运维船,轮船载重能力2000吨，续航4500海里,活跃中,可再生能源研究中心,http://www.rerec.org,2024-09-22,,,,,,,,,,,,,
深蓝梦号,多功能风电运输船,全长140米，型宽55米，具备高效货运能力,在建,中国船舶工业集团,http://www.csic.com.cn,2024-09-22,,,,,,,,,,,,,
海上雄风,自升式风电安装船,最大作业水深85米，顶级风电安装工具,已交付,北方电力网,https://www.northelectric.com,2024-09-22,,,,,,,,,,,,,
碧海蓝天号,运维母船,可容纳90人，配备现代化监测设备,活跃中,全球能源论坛,https://www.globalenergyforum.org,2024-09-22,,,,,,,,,,,,,
风电先锋,自升式风电安装船,最大吊装能力2700吨，全电动动力系统,在建,全球风能大会,https://www.globalwindenergyconference.com,2024-09-22,,,,,,,,,,,,,
风电施工专船,自升式风电安装船,全长150米，型宽55米,已交付,中国风电网,http://www.windpower.org.cn/,2024-09-22,,,,,,,,,,,,,
海上风电作业船,运维母船,可容纳120人，最大作业水深85米,活跃中,电力行业新闻网,https://www.powerindustrynews.com/,2024-09-22,,,,,,,,,,,,,
自升式风电安装母船,自升式风电安装船,最大吊装能力2600吨,在建,国际海洋工程协会,https://www.imoea.org/,2024-09-22,,,,,,,,,,,,,
近海风电运维船,运维船,可作业水深70米，功率系统5000KW,已交付,全球能源互联网发展合作组织,https://www.geidco.org/,2024-09-22,,,,,,,,,,,,,
电力安装作业船,自升式风电安装船,全长140米，型宽50米,在建,风能与海洋环境研究中心,http://www.weme.org.cn/,2024-09-22,,,,,,,,,,,,,
海洋能源运维船,运维母船,最大作业水深90米,活跃中,可再生能源报,http://www.renewableenergynews.cn/,2024-09-22,,,,,,,,,,,,,
自升式风电运维船,运维母船,最大吊装能力1800吨，航行速度13节,已交付,动力科技周刊,http://www.powertechweekly.com/,2024-09-22,,,,,,,,,,,,,
远洋风电施工船,自升式风电施工船,全长160米，型宽60米,在建,清洁能源前沿,http://www.cleanenergyfrontier.com/,2024-09-22,,,,,,,,,,,,,
近海风电安装平台,自升式运维船,可容纳150人，最大作业水深75米,活跃中,海洋能源论坛,http://www.oceanenergyforum.com/,2024-09-22,,,,,,,,,,,,,
海上风电安装母船,风电安装船,吊重能力2200吨，航行速度14节,已交付,风力发电发展报,http://www.windpowerdevelopment.com/,2024-09-22,,,,,,,,,,,,,
深海自升式安装平台,自升式风电安装船,全长145米，型宽60米,在建,中国海洋工程网,https://www.coem.com.cn,2024-09-22,,,,,,,,,,,,,
超大型运维母船,风电运维船,可容纳120人，最大作业水深80米,活跃中,海上风电资讯,https://www.offshorewindnews.com,2024-09-22,,,,,,,,,,,,,
北海安装平台,自升式风电安装船,最大吊装能力1800吨,已交付,风电时代,https://www.windpowertimes.com,2024-09-22,,,,,,,,,,,,,
大洋施工母船,风电施工/运维船,支持极冷气候，吊重能力2000吨,在建,全球风电趋势,https://www.globalwindtrends.com,2024-09-22,,,,,,,,,,,,,
东海自升式风电平台,自升式风电安装船,全长130米，最大作业水深75米,已交付,中国可再生能源网,https://www.crecn.org,2024-09-22,,,,,,,,,,,,,
风电新纪元施工船,风电施工母船,吊重能力1500吨，容纳90人,正在调试,内蒙古风电协会,http://www.imwindpower.com,2024-09-22,,,,,,,,,,,,,
智能风电运维船,运维母船,可容纳100人，具备自动化作业能力,活跃中,智能船舶网,https://www.smartships.com,2024-09-22,,,,,,,,,,,,,
香港近海风电安装平台,自升式风电安装船,全长150米，型宽55米,在建,香港能源政策网,https://www.hkelectric.com,2024-09-22,,,,,,,,,,,,,
南海风电运维船,运维母船,最大作业水深70米，容纳80人,已交付,国际风能协会,https://www.globalwind.org,2024-09-22,,,,,,,,,,,,,
塑料合成材料风电安装船,自升式风电安装船,全长140米，吊重能力1600吨,在建,风电科技前沿,https://www.wind-tech.com,2024-09-22,,,,,,,,,,,,,
3000自升式安装船,自升式风电安装船,全长120米，型宽50米,已交付,中国海洋技术网,http://www.cmtc.com.cn,2024-09-22,,,,,,,,,,,,,
超深海风电施工船,运维母船,最大作业水深100米,在建,国际海事信息网,http://www.maritimes.com,2024-09-22,,,,,,,,,,,,,
微风号,自升式风电安装船,吊重能力1800吨,活跃中,中国电力新闻网,http://www.cpe.com.cn,2024-09-22,,,,,,,,,,,,,
5800系列风电船,自升式风电安装船,全长150米，型宽60米,已交付,洋海投资集团,http://www.oceaninvestment.com,2024-09-22,,,,,,,,,,,,,
海洋先锋,风电施工/运维船,可容纳80人以上,在建,风电时代,http://www.windpowertime.com,2024-09-22,,,,,,,,,,,,,
母船6200型,自升式风电安装船,最大吊装能力2400吨,在建,能源观察,http://www.energywatch.com,2024-09-22,,,,,,,,,,,,,
北海号风电施工船,风电施工/运维船,最大作业水深90米,活跃中,海洋研究所,http://www.oceanresearch.org,2024-09-22,,,,,,,,,,,,,
新风光号,自升式风电安装船,全长140米，型宽55米,已交付,新能科技,http://www.newenergytech.com,2024-09-22,,,,,,,,,,,,,
航海者号,运维母船,吊重能力2000吨,在建,中国风电协会,http://www.chinawindpower.org,2024-09-22,,,,,,,,,,,,,
深蓝号,自升式风电安装船,最大作业水深120米,活跃中,海洋发展研究中心,http://www.oceandevelopment.com,2024-09-22,,,,,,,,,,,,,
海洋风电模块化平台,自升式风电安装船,全长145米，型宽60米,在建,国家能源局,http://www.nea.gov.cn,2024-09-22,,,,,,,,,,,,,
海上风电施工平台,风电施工母船,最大作业水深90米,活跃中,中国电力新闻网,http://www.cpnn.com.cn,2024-09-22,,,,,,,,,,,,,
新型风电安装系列,自升式风电安装船,全长150米，型宽55米,已交付,中船集团,http://www.cssc.net,2024-09-22,,,,,,,,,,,,,
超深水自升式平台,自升式风电安装船,最大吊重能力3000吨,在建,全球风电理事会,http://gwec.net,2024-09-22,,,,,,,,,,,,,
多功能风电运维船,运维母船,可容纳150人,活跃中,国际海事组织,http://www.imo.org,2024-09-22,,,,,,,,,,,,,
深海风电安装船,自升式风电安装船,全长135米，型宽58米,已交付,中国海洋工程咨询有限公司,http://www.cmoec.com,2024-09-22,,,,,,,,,,,,,
高效风电施工母船,风电施工母船,吊重能力1900吨,在建,风能理事会,http://www.wind.org,2024-09-22,,,,,,,,,,,,,
现代自升式风电平台,自升式风电安装船,最大作业水深85米,活跃中,中国海洋科学研究院,http://www.stgci.org,2024-09-22,,,,,,,,,,,,,
新型风电施工船,风电施工/运维船,全长140米，型宽50米,在建,国家海洋局,http://www.soa.gov.cn,2024-09-22,,,,,,,,,,,,,
深远海风电运维船,运维母船,可以容纳200人以上,已交付,南方网,http://www.southcn.com,2024-09-22,,,,,,,,,,,,,
深海2030型,自升式风电安装船,全长145米，型宽60米,已交付,中国海洋工程咨询有限公司,http://www.comec.com.cn/,2024-09-22,,,,,,,,,,,,,
海洋巨人号,风电施工/运维船,最大作业水深85米,活跃中,国家能源局,http://www.nea.gov.cn/,2024-09-22,,,,,,,,,,,,,
北极光系列,自升式风电安装船,最大吊装能力2500吨,在建,蓝鲸财经,https://www.lanjingcaijing.com/,2024-09-22,,,,,,,,,,,,,
风能先锋号,船舶运维母船,可容纳150人以上,已交付,中国电力新闻,http://www.cpnn.com.cn/,2024-09-22,,,,,,,,,,,,,
深蓝号,风电施工船,全长120米，型宽50米,活跃中,国际海洋能源发展论坛,http://www.ioedf.com/,2024-09-22,,,,,,,,,,,,,
海洋采风号,自升式风电安装船,最大作业水深90米,在建,中国海洋大学,http://www.ouc.edu.cn/,2024-09-22,,,,,,,,,,,,,
未来号,运维母船,吊重能力1800吨，最大作业水深70米,已交付,中国风电网,http://www.china-wind.com/,2024-09-22,,,,,,,,,,,,,
蓝海安装平台,自升式风电安装船,全长130米，型宽55米,活跃中,全球风能理事会,https://www.gwec.net/,2024-09-22,,,,,,,,,,,,,
海上动力号,风电施工/运维船,最大吊装能力2000吨,在建,风电科技进步论坛,http://www.wintecforum.com/,2024-09-22,,,,,,,,,,,,,
星辰号,风电运维船,可容纳80人，最大作业水深76米,已交付,可再生能源投资协会,http://www.renergia.org/,2024-09-22,,,,,,,,,,,,,
3000系列安装平台,自升式风电安装船,全长140米，型宽50米,已交付,风电行业观察,https://www.windindustrynews.com,2024-09-22,,,,,,,,,,,,,
风电快速施工船,自升式风电安装船,最大作业水深80米,活跃中,海洋技术杂志,https://www.marine-tech.com/issues,2024-09-22,,,,,,,,,,,,,
6000T运输母船,运输/运维船,最大吊装能力3000吨,在建,中国海洋报,http://www.oceannews.cn,2024-09-22,,,,,,,,,,,,,
超大型安装船,自升式风电安装船,全长160米，型宽60米,已交付,中国可再生能源网,https://www.creia.org.cn,2024-09-22,,,,,,,,,,,,,
大型风电施工平台,风电施工/运维船,吊重能力2000吨,活跃中,电力网,https://www.electricpower.com,2024-09-22,,,,,,,,,,,,,
海上风电安装船,自升式风电安装船,最大作业水深85米,在建,国际海洋工程,https://www.internationalmarineengineering.com,2024-09-22,,,,,,,,,,,,,
风电运维船,运维母船,可容纳150人,已交付,能源界,https://www.energyindustry.com,2024-09-22,,,,,,,,,,,,,
新型风电施工平台,自升式风电安装船,全长130米，型宽55米,活跃中,可再生能源协会,https://www.renewableenergyassociation.org,2024-09-22,,,,,,,,,,,,,
深海安装母船,运维/安装船,最大吊装能力2500吨,在建,风能先锋,https://www.windpioneer.com,2024-09-22,,,,,,,,,,,,,
现代化风电船舶,自升式风电安装船,全长145米，型宽52米,在建,清洁能源网,https://www.cleanenergy.com,2024-09-22,,,,,,,,,,,,,
北海安装船,自升式风电安装船,全长145米，型宽50米,已交付,中国风能协会,http://www.cwea.org.cn,2024-09-22,,,,,,,,,,,,,
NM 1500自升式施工船,自升式风电安装船,最大作业水深85米,在建,海洋工程发展网,http://www.oceanengineering.gov.cn,2024-09-22,,,,,,,,,,,,,
风电施工支持船,风电施工/运维船,吊重能力1800吨,活跃中,新华能源,https://www.xinhuanet.com/energy,2024-09-22,,,,,,,,,,,,,
海洋风电运维船,运维母船,可容纳70人,已交付,智库报告,http://www.thinktankreport.org,2024-09-22,,,,,,,,,,,,,
深海风电安装船,自升式风电安装船,最大吊装能力2500吨,在建,国家能源局,http://www.nea.gov.cn,2024-09-22,,,,,,,,,,,,,
大洋风电施工船,风电施工船,全长200米，型宽50米,预期交付2025年,海洋工程与技术,http://www.oceanengineeringtech.com,2024-09-22,,,,,,,,,,,,,
未来风电运维船,运维母船,可容纳120人以上,在建,现代电力网,https://www.powermodern.com,2024-09-22,,,,,,,,,,,,,
重型风电安装船,自升式风电安装船,最大作业水深100米,已交付,清洁能源网,http://www.cleanenergy.com,2024-09-22,,,,,,,,,,,,,
可持续发展风电船,风电施工/运维船,吊重能力2000吨,活跃中,环保前沿,https://www.environmentfront.org,2024-09-22,,,,,,,,,,,,,
城市近海施工船,自升式风电安装船,全长155米，型宽55米,在建,未来科技报告,http://www.futuretechreport.org,2024-09-22,,,,,,,,,,,,,
新型自升式安装船,自升式风电安装船,全长150米，型宽55米,在建,中国海洋工程网,http://www.cmoe.net,2024-09-22,,,,,,,,,,,,,
多功能风电施工船,风电施工/运维船,最大作业水深80米,已交付,海事服务网,http://www.maritimeservice.cn,2024-09-22,,,,,,,,,,,,,
深水安装母船,自升式风电安装船,最大吊装能力3000吨,活跃中,海上风电行业研究报告,http://www.offshorewindreport.cn,2024-09-22,,,,,,,,,,,,,
远洋风电作业船,风电施工/运维船,可容纳80人,在建,风电门户网站,http://www.windpowerportal.com,2024-09-22,,,,,,,,,,,,,
绿色动力自升式安装船,自升式风电安装船,全长160米，型宽58米,已交付,国际海事新闻网,http://www.maritimeworldnews.com,2024-09-22,,,,,,,,,,,,,
智能化风电运维船,运维母船,吊重能力1200吨,活跃中,中国能源网,http://www.energychina.com.cn,2024-09-22,,,,,,,,,,,,,
海洋工程施工平台,自升式风电安装船,最大作业水深100米,在建,海洋经济网,http://www.oceanec.com,2024-09-22,,,,,,,,,,,,,
改进型风电安装船,自升式风电安装船,全长140米，型宽52米,已交付,中国可再生能源网,http://www.cre.cn,2024-09-22,,,,,,,,,,,,,
高科技风电作业船,风电施工/运维船,最大吊装能力2500吨，可容纳90人以上,活跃中,国际可再生能源协会,http://www.irena.org,2024-09-22,,,,,,,,,,,,,
海上风电工作平台,运维母船,最大作业水深90米,在建,东方海洋科技网,http://www.eastmarinetech.com,2024-09-22,,,,,,,,,,,,,
风电安装船系列4000,自升式风电安装船,全长150米，型宽60米,已交付,新能源产业网,https://www.newenergyindustry.com,2024-09-22,,,,,,,,,,,,,
自升式风电设备运输船,风电设备运输船,最大作业水深80米,在建,我国船舶信息平台,https://www.china-ships.com,2024-09-22,,,,,,,,,,,,,
风电施工特别母船,风电施工/运维船,扶持重2200吨,活跃中,航运未来,https://www.shipfuture.com,2024-09-22,,,,,,,,,,,,,
海上风电施工母船,风电运维/施工船,可容纳80人,已交付,海上风电协会,https://www.offshorewindassociation.com,2024-09-22,,,,,,,,,,,,,
深海风电施工平台,自升式风电安装船,最大吊装能力2500吨,在建,风能探索,https://www.windexploration.com,2024-09-22,,,,,,,,,,,,,
海洋风电服务船,运维船,全长120米，航速20节,活跃中,海洋工程视野,https://www.oceanengineeringview.com,2024-09-22,,,,,,,,,,,,,
全海深安装船,自升式风电安装船,作业水深100米,已交付,国际风能网站,https://www.internationalwindenergy.com,2024-09-22,,,,,,,,,,,,,
自升式多功能风电船,风电施工/运维船,吊装能力1500吨,在建,绿色能源论坛,https://www.greenenergyforum.com,2024-09-22,,,,,,,,,,,,,
海上智能风电施工船,自升式风电安装船,全长140米，型宽58米,活跃中,中国海洋科技网,https://www.chinamariotech.com,2024-09-22,,,,,,,,,,,,,
风电维护专用船,运维船,可容纳120人，配备最新导航系统,已交付,海上能源快讯,https://www.offshoreenergynews.com,2024-09-22,,,,,,,,,,,,,
海上风电安装平台5000,自升式风电安装船,全长150米，型宽60米,已交付,中国海洋报,https://www.oceannews.cn/,2024-09-22,,,,,,,,,,,,,
波浪能风电安装船,风电施工船,最大作业水深85米,在建,中国电力新闻网,https://www.cpnn.com.cn/,2024-09-22,,,,,,,,,,,,,
超深水风电安装平台,自升式风电安装船,全长160米，型宽55米,活跃中,能源界,https://www.energytrend.com/,2024-09-22,,,,,,,,,,,,,
海上维保母船,运维母船,可容纳120人，吊重能力1800吨,已交付,风电界,http://www.windpower.org.cn/,2024-09-22,,,,,,,,,,,,,
H1000自升式风电施工船,自升式风电安装船,作业水深可达90米,在建,中国航运网,http://www.china-sms.com/,2024-09-22,,,,,,,,,,,,,
海洋风电整合船,运维船,最大载重2200吨，作业水深78米,活跃中,国际风能协会,https://www.wwindea.org/,2024-09-22,,,,,,,,,,,,,
海风001号,自升式风电安装船,全长140米，型宽50米,待交付,海洋工程信息网,https://www.oceanengineeringinfo.com/,2024-09-22,,,,,,,,,,,,,
极地风电施工船,风电施工船,最大作业水深95米，吊重能力2000吨,已交付,南方电网,http://www.sgcc.com.cn/,2024-09-22,,,,,,,,,,,,,
海洋动力2000,自升式风电安装船,全长155米，型宽52米,在建,中国海洋科学技术出版社,http://www.cmit.com.cn/,2024-09-22,,,,,,,,,,,,,
先锋风电施工母船,运维母船,可容纳140人，吊重能力2100吨,活跃中,风能资讯网,http://www.windnews.org/,2024-09-22,,,,,,,,,,,,,
3000系列自升式船,自升式风电安装船,全长150米，型宽60米,已交付,海洋产业观察,https://www.haiyang.com/,2024-09-22,,,,,,,,,,,,,
风电支持船,风电运维/支持船,可承载80人，最大作业水深90米,活跃中,绿色能源网,https://www.greenenergy.com/,2024-09-22,,,,,,,,,,,,,
新型安装母船,自升式风电安装船,吊重能力3000吨，最大作业水深100米,在建,中国电力新闻网,https://www.cpe.cn/,2024-09-22,,,,,,,,,,,,,
深海作业船,风电安装母船,全长140米，适配深海环境,已交付,国际海洋联盟,https://www.internationalmaritimealliance.org/,2024-09-22,,,,,,,,,,,,,
双体风电安装船,自升式风电安装船,双体设计，吊装能力2500吨,活跃中,海洋咨询公司,https://www.oceansurvey.com/,2024-09-22,,,,,,,,,,,,,
北海风电运维船,风电支援船,可容纳50人，最大作业水深80米,在建,欧洲风能协会,https://www.ewea.org/,2024-09-22,,,,,,,,,,,,,
先进运维母船,风电运维船,吊重能力500吨，配备最新运维设备,计划中,海事动态,https://www.maritimedynamics.com/,2024-09-22,,,,,,,,,,,,,
远洋自升式风电船,自升式风电安装船,全长160米，适合极端气候,在建,能源行业迅速报道,https://www.energynewsrapid.com/,2024-09-22,,,,,,,,,,,,,
绿色海洋母船,风电施工/运维船,最大作业水深70米，配备先进环保技术,活跃中,绿色环保协会,https://www.greenassociates.org/,2024-09-22,,,,,,,,,,,,,
深水风电安装船,自升式风电安装船,能够安置风电机组的特殊设计,已交付,海上风电网,https://www.offshorewind.com/,2024-09-22,,,,,,,,,,,,,
海洋之光安装平台,自升式风电安装船,全长150米，型宽60米,已交付,中国海洋工程网,http://www.coem.com.cn/,2024-09-22,,,,,,,,,,,,,
北极星动能型自升船,自升式风电安装船,最大作业水深80米,在建,电力现代化,https://www.electricmodernization.com/,2024-09-22,,,,,,,,,,,,,
海上先锋施工母船,风电施工/运维船,吊重能力2000吨,活跃中,上海能源咨询,http://www.shenergy.com/,2024-09-22,,,,,,,,,,,,,
超级风电运维船,运维母船,可容纳150人以上,已交付,海洋工程论坛,http://www.oceanengineeringforum.com/,2024-09-22,,,,,,,,,,,,,
全球共赢安装平台,自升式风电安装船,最大吊装能力2500吨,在建,风力发电研究所,http://www.wpd-research.com/,2024-09-22,,,,,,,,,,,,,
深蓝风电运维船,风电施工/运维船,最长航程900海里,已交付,风能投资网,http://www.windinvestment.com/,2024-09-22,,,,,,,,,,,,,
浪潮自升式施工船,自升式风电安装船,全长162米，型宽58米,在建,可再生能源杂志,http://www.renewableenergyjournal.com/,2024-09-22,,,,,,,,,,,,,
东海之星运维船,运维母船,可容纳200人以上,活跃中,能源观察,http://www.energywatching.com/,2024-09-22,,,,,,,,,,,,,
未来工程安装船,自升式风电安装船,最大作业水深90米,在建,绿色能源网,http://www.greenenergy.com/,2024-09-22,,,,,,,,,,,,,
新世纪风电运维船,风电施工/运维船,吊重能力1800吨,已交付,海事资讯,http://www.maritime-updates.com/,2024-09-22,,,,,,,,,,,,,
3000系列自升式风电安装船,自升式风电安装船,全长150米，型宽60米,在建,中国海洋工程网,http://www.cmoe.com.cn/,2024-09-22,,,,,,,,,,,,,
风电装备运输船,风电服务船,最大载重能力2500吨,活跃中,船舶海洋科技,http://www.bshiptech.com/,2024-09-22,,,,,,,,,,,,,
新型自升式风电安装船,自升式风电安装船,最大作业水深85米,已交付,工信部,http://www.miit.gov.cn/,2024-09-22,,,,,,,,,,,,,
深海风电施工平台,风电施工船,可容纳150人以上,在建,中国能源网,http://www.chinaenergynews.com/,2024-09-22,,,,,,,,,,,,,
风电维修母船,运维母船,吊装能力1800吨,活跃中,中国风能协会,http://www.cwea.org.cn/,2024-09-22,,,,,,,,,,,,,
风电安装支援船,服务船,全长120米，型宽45米,已交付,北极星电力新闻网,https://www.bjx.com.cn/,2024-09-22,,,,,,,,,,,,,
深水风电作业船,自升式风电安装船,最大作业水深90米,待交付,海洋经济研究所,http://www.marineconomics.org/,2024-09-22,,,,,,,,,,,,,
风电施工支持船,运维母船,可容纳200人以上,建设中,全球能源网,http://www.globalenergynew.com/,2024-09-22,,,,,,,,,,,,,
前沿风电安装船,自升式风电安装船,最大吊装能力3000吨,在建,海洋工程与技术,http://www.marineengineering.com/,2024-09-22,,,,,,,,,,,,,
远洋风电运维船,风电运维船,具备救生能力,活跃中,船舶杂志,http://www.shipjournal.com/,2024-09-22,,,,,,,,,,,,,
6000系列风电安装船,自升式风电安装船,全长150米，型宽60米,已交付,风能视界,https://www.windenergyworld.com/,2024-09-22,,,,,,,,,,,,,
800T自升式平台,自升式风电安装船,最大作业水深100米,在建,中国海洋工程网,http://www.cmoe.com/,2024-09-22,,,,,,,,,,,,,
深水风电施工船,风电施工/运维船,吨位2500吨，吊重能力2200吨,活跃中,国际电力研究所,https://www.internationalenergyagency.org/,2024-09-22,,,,,,,,,,,,,
风电能源服务平台,运维母船,可容纳120人以上，作业区域覆盖300公里,已交付,清华大学能源与环境研究中心,http://www.tsinghua.edu.cn/,2024-09-22,,,,,,,,,,,,,
7500系列海上安装船,自升式风电安装船,全长160米，型宽70米，最大作业水深120米,在建,国家海洋局,http://www.soa.gov.cn/,2024-09-22,,,,,,,,,,,,,
海洋风电服务船,风电运维船,配备直升机起降平台,活跃中,中国电力新闻网,http://www.china-power.com.cn/,2024-09-22,,,,,,,,,,,,,
高海况作业船,自升式风电安装船,最大吊装能力3000吨，适用极端天气,在建,风能行业协会,http://www.windassociation.org/,2024-09-22,,,,,,,,,,,,,
新型海洋风电安装船,自升式风电安装船,全长140米，型宽58米，最大作业水深90米,已交付,北京科技大学,http://www.bjut.edu.cn/,2024-09-22,,,,,,,,,,,,,
多功能运维母船,运维母船,可容纳200人，配备医疗室及休息舱,活跃中,中国海洋开发公司,http://www.cmdc.com.cn/,2024-09-22,,,,,,,,,,,,,
远海风电重工船,风电施工/运维船,吨位3500吨，满载航程800公里,在建,中船重工集团,http://www.cssc.net/,2024-09-22,,,,,,,,,,,,,
风电安装先锋系列,自升式风电安装船,全长145米，型宽50米,已交付,中国海洋工程网,http://www.coew.cn/,2024-09-22,,,,,,,,,,,,,
现代海洋作业船,风电施工/运维船,最大作业水深80米,在建,中国风电报,http://www.windpowernews.cn/,2024-09-22,,,,,,,,,,,,,
超大型风电施工平台,自升式风电安装船,吊重能力1800吨,活跃中,海洋信息中心,http://www.oceaninfo.cn/,2024-09-22,,,,,,,,,,,,,
海上动力安装船,运维母船,可容纳120人以上,已交付,国家风电发展网,http://www.renewableenergy.org.cn/,2024-09-22,,,,,,,,,,,,,
自升式水上作业船,自升式风电安装船,最大吊装能力2500吨,在建,中国船舶工业网,http://www.csic.com.cn/,2024-09-22,,,,,,,,,,,,,
先进海上风电运维船,风电施工/运维船,马力3000KW，最大作业水深60米,活跃中,海洋工程协会,http://www.oceanengineering.org.cn/,2024-09-22,,,,,,,,,,,,,
绿色能源安装船,自升式风电安装船,全长130米，型宽55米,已交付,全球可再生能源联盟,http://www.grea.org/,2024-09-22,,,,,,,,,,,,,
海洋风电建设船,运维母船,最大作业水深90米,在建,中国新能源网,http://www.newenergy.org.cn/,2024-09-22,,,,,,,,,,,,,
海洋风电先锋,自升式风电安装船,吊重能力2000吨,活跃中,国际风电新闻,http://www.internationalwindnews.com/,2024-09-22,,,,,,,,,,,,,
深海风电作业船,风电施工/运维船,可容纳150人以上,已交付,海上工程发展论坛,http://www.maritimeforum.cn/,2024-09-22,,,,,,,,,,,,,
超大型自升式施工平台,自升式风电安装船,全长150米，型宽60米,已交付,中国海洋工程网,http://www.coew.cn/,2024-09-22,,,,,,,,,,,,,
海洋风电3号,风电施工/运维船,最大作业水深95米,在建,新浪财经,https://finance.sina.com.cn/,2024-09-22,,,,,,,,,,,,,
远洋风电施工母船,风电施工母船,吊重能力1800吨,活跃中,新能源网,http://www.newenergy.org.cn/,2024-09-22,,,,,,,,,,,,,
风电高效安装平台,自升式风电安装船,可容纳120人以上,已交付,中国能源网,http://www.chinaenergy.cn/,2024-09-22,,,,,,,,,,,,,
大型风电运维船,运维母船,最大作业水深80米,在建,全球风能理事会,https://gwec.net/,2024-09-22,,,,,,,,,,,,,
海洋风电施工船,风电施工/运维船,吊重能力1500吨,活跃中,中国海事局,http://www.msa.gov.cn/,2024-09-22,,,,,,,,,,,,,
深水风电安装平台,自升式风电安装船,全长140米，型宽55米,已交付,国际风能产业联盟,http://www.windeurope.org/,2024-09-22,,,,,,,,,,,,,
风电运维支持船,运维母船,可容纳80人以上,在建,清洁技术网,http://www.cleantechnology.com/,2024-09-22,,,,,,,,,,,,,
环保风电施工平台,自升式风电安装船,最大吊装能力2000吨,活跃中,中国风电新闻网,http://www.china-windpower.com/,2024-09-22,,,,,,,,,,,,,
海上风电重大项目船,风电施工母船,最大作业水深100米,已交付,现代能源网,http://www.modernenergy.com/,2024-09-22,,,,,,,,,,,,,
3200系列自升式安装船,自升式风电安装船,全长150米，型宽56米,在建,海上风电发展论坛,https://www.offshorewindforum.com,2024-09-22,,,,,,,,,,,,,
远洋风电母船,运维母船,可容纳200人以上，吊重能力1800吨,活跃中,中国船舶工业集团,https://www.csic.com.cn,2024-09-22,,,,,,,,,,,,,
新一代自动化风电安装船,自升式风电安装船,最大作业水深83米，整体长度140米,已交付,中国可再生能源学会,https://www.creia.org.cn,2024-09-22,,,,,,,,,,,,,
技术进步型运维船,风电运维船,配备最新导航系统，载重能力1500吨,在建,风电技术网,https://www.windtechnology.com,2024-09-22,,,,,,,,,,,,,
北海5800型安装船,自升式风电安装船,全长165米，型宽60米,计划中,全球风能理事会,https://gwec.net,2024-09-22,,,,,,,,,,,,,
深海风电二号,自升式风电安装船,最大吊装能力2500吨,活跃中,海上风电周刊,https://www.offshorewindweekly.com,2024-09-22,,,,,,,,,,,,,
7000吨级运维支持船,运维母船,可容纳250人，配有加油系统,已带动,国际风电合伙人,https://www.internationalwindpartners.com,2024-09-22,,,,,,,,,,,,,
台风强度可靠安装船,自升式风电安装船,全长200米，型宽70米,在建,风能趋势网,https://www.windturbinestrend.com,2024-09-22,,,,,,,,,,,,,
新型近海作业船,风电施工/运维船,可在最大水深70米作业，吊重能力1200吨,活跃中,能源研究院,https://www.energyresearchinstitute.com,2024-09-22,,,,,,,,,,,,,
技术升级型风电安装船,自升式风电安装船,全长125米，型宽50米,已交付,海洋动力研究中心,https://www.oceanpowerresearch.org,2024-09-22,,,,,,,,,,,,,
3000系列安装舰,自升式风电安装船,全长150米，型宽60米,已交付,中国海洋工程网,http://www.cmoet.com,2024-09-22,,,,,,,,,,,,,
HX-200自升式船,自升式风电安装船,最大作业水深80米,在建,海洋发展报告,http://www.oceanreport.cn,2024-09-22,,,,,,,,,,,,,
风电施工支持船,运输/服务船,可容纳50人，460吨吊重能力,活跃中,海事协会,http://www.maritime.org,2024-09-22,,,,,,,,,,,,,
深海作业母船,运维母船,可容纳120人以上,已交付,海洋与能源研究,http://www.oceanenergyresearch.com,2024-09-22,,,,,,,,,,,,,
新型5000T风电安装船,自升式船,最大吊装能力5000吨,在建,可再生能源发展期刊,http://www.renewableenergyjournal.com,2024-09-22,,,,,,,,,,,,,
海洋动力安装舰,自升式风电安装船,全长140米，型宽55米,活跃中,风能与海洋工程,http://www.windmarine.com,2024-09-22,,,,,,,,,,,,,
高效风电母船,运维母船,吊重能力1900吨,已交付,风能在线,http://www.windenergyonline.com,2024-09-22,,,,,,,,,,,,,
海上作业船（ECO系列）,风电施工船,最大作业水深70米,在建,电力行业发展报告,http://www.powerindustryreport.com,2024-09-22,,,,,,,,,,,,,
蓝海工程船,自升式安装船,全长140米，型宽54米,活跃中,能源发展档案,http://www.energyarchives.com,2024-09-22,,,,,,,,,,,,,
超深水风电平台,自升式风电安装船,最大作业水深90米,已交付,国际海洋工程期刊,http://www.internationalmarinejournal.com,2024-09-22,,,,,,,,,,,,,
新海翼系列,自升式风电安装船,全长140米，型宽60米,已交付,中国风能协会,http://www.cea-ep.org,2024-09-22,,,,,,,,,,,,,
风能先锋号,风电施工/运维船,最大作业水深80米,在建,国际海上风电网,http://www.offshorewind.net,2024-09-22,,,,,,,,,,,,,
未来之星,自升式风电安装船,最大吊装能力3000吨,活跃中,海洋工程杂志,http://www.oceanengineering.org,2024-09-22,,,,,,,,,,,,,
蓝海力量,运维母船,可容纳150人以上,已交付,新海上风电开发研究院,http://www.nwdevgroup.com,2024-09-22,,,,,,,,,,,,,
明日驱动,自升式风电安装船,作业高度120米,在建,智研咨询,https://www.chyxx.com,2024-09-22,,,,,,,,,,,,,
先锋风能号,风电施工/运维船,吊重能力1800吨,活跃中,北极星电力新闻网,https://m.bjx.com.cn,2024-09-22,,,,,,,,,,,,,
蓝色使命,自升式风电安装船,全长145米，型宽55米,已交付,海洋产业研究报告,http://www.oceanindustryreport.com,2024-09-22,,,,,,,,,,,,,
新世纪能源船,运维母船,最大作业水深90米,在建,中国航运服务网,http://www.chinashipping.net,2024-09-22,,,,,,,,,,,,,
希望之风,自升式风电安装船,吊装能力2400吨,已交付,全球风能理事会,http://www.gwec.net,2024-09-22,,,,,,,,,,,,,
海洋先锋,自升式风电安装船,全长138米，型宽58米,在建,海事服务网,http://www.maritime.gov.cn,2024-09-22,,,,,,,,,,,,,
Tian Yang 4000系列,自升式风电安装船,全长150米，型宽60米,已交付,中国海洋石油总公司,http://www.cnooc.com/,2024-09-22,,,,,,,,,,,,,
高峰自升式风电安装船,自升式风电安装船,最大作业水深90米,在建,国家能源局,http://www.nea.gov.cn/,2024-09-22,,,,,,,,,,,,,
海风壹号,风电施工/运维船,吊重能力2000吨,活跃中,中国电力新闻网,http://www.cpnn.com.cn/,2024-09-22,,,,,,,,,,,,,
美丽海域运维船,运维母船,可容纳120人以上,已交付,风能资讯网,https://www.windpower.com.cn/,2024-09-22,,,,,,,,,,,,,
鲸鱼号,自升式风电安装船,最大吊装能力2500吨,在建,全球海洋能源协会,https://www.goea.org/,2024-09-22,,,,,,,,,,,,,
深蓝风电安装平台,自升式风电安装船,最大作业水深85米,在建,能源国际合作中心,http://www.iace.org/,2024-09-22,,,,,,,,,,,,,
北极星运维母船,运维母船,持续作业能力12小时,活跃中,全球风能理事会,https://gwec.net/,2024-09-22,,,,,,,,,,,,,
先锋号风电安装船,自升式风电安装船,全长160米，型宽55米,已交付,中国船舶工业集团公司,http://www.csic.com.cn/,2024-09-22,,,,,,,,,,,,,
海上风电施工先锋,风电施工/运维船,吊重能力1800吨,活跃中,中国电力建设集团公司,https://www.powerchina.cn/,2024-09-22,,,,,,,,,,,,,
东海风电运维船,运维母船,可容纳150人以上,在建,国际海洋能源论坛,http://www.oceanenergyforum.com/,2024-09-22,,,,,,,,,,,,,
海洋风电施工平台2050,自升式风电安装船,全长140米，型宽50米,已交付,国家能源局,http://www.nea.gov.cn,2024-09-22,,,,,,,,,,,,,
超大型风电安装船,自升式风电安装船,最大作业水深85米,在建,中国海洋工程公司,http://www.cmp.com.cn/,2024-09-22,,,,,,,,,,,,,
风电布置船7100,风电施工/运维船,吊重能力2000吨,活跃中,中国电力新闻网,http://www.cpnn.com.au,2024-09-22,,,,,,,,,,,,,
海洋运维母船-XF,运维母船,可容纳120人以上,已交付,风能行业协会,http://www.cnwindpower.com,2024-09-22,,,,,,,,,,,,,
海上风电安装船-1300V,自升式风电安装船,最大吊装能力2500吨,在建,风电网,https://www.windpower.com.cn,2024-09-22,,,,,,,,,,,,,
深海风电运维船2024,风电施工/运维船,可容纳80人，设备齐全,活跃中,中国海洋经济网,http://www.cmo.cn,2024-09-22,,,,,,,,,,,,,
新型风电安装平台,自升式风电安装船,全长150米，型宽55米，作业水深90米,在建,能源研究所,http://www.energyresearch.org,2024-09-22,,,,,,,,,,,,,
风电施工船2050改良版,风电施工/运维船,吊重能力1800吨,活跃中,国际风能协会,http://www.windpower.org,2024-09-22,,,,,,,,,,,,,
海上风电现役安装船,自升式风电安装船,最大作业水深75米,已交付,上海海事局,http://www.smsa.gov.cn,2024-09-22,,,,,,,,,,,,,
未来风电施工船,运维母船,可容纳150人，具备高效运维能力,在建,中国船舶工业公司,http://www.cssc.net.cn,2024-09-22,,,,,,,,,,,,,
新型自升式风电安装船,自升式风电安装船,全长150米，型宽60米,已交付,中国海洋工程网,http://www.omeg.org.cn/,2024-09-22,,,,,,,,,,,,,
蓝海风电施工船,多用途风电服务船,最大作业水深80米,在建,电力信息网,http://www.dianlixinxi.com/,2024-09-22,,,,,,,,,,,,,
千里海洋安装船,自升式风电安装船,吊重能力2400吨,活跃中,能源战略研究院,http://www.esri.org.cn/,2024-09-22,,,,,,,,,,,,,
绿色风电母船,运维母船,可容纳120人以上,已交付,海洋技术网,http://www.marine-tech.cn/,2024-09-22,,,,,,,,,,,,,
深海探索号,自升式风电安装船,最大吊装能力3000吨,在建,全球电力论坛,http://www.globalpowerforum.com/,2024-09-22,,,,,,,,,,,,,
风能先锋,风电运输及运维船,最大作业水深100米,活跃中,可再生能源协会,http://www.renewableenergy.org/,2024-09-22,,,,,,,,,,,,,
东海风电安装船,自升式风电安装船,全长140米，型宽52米,已交付,风电发展报告,http://www.winddevelopmentreport.com/,2024-09-22,,,,,,,,,,,,,
海洋之星,运维母船,可容纳80人,在建,中国能源网,http://www.chinaenergy.com/,2024-09-22,,,,,,,,,,,,,
未来风电施工船,自升式风电安装船,吊重能力2300吨,活跃中,国际可再生能源机构,http://www.irena.org/,2024-09-22,,,,,,,,,,,,,
洋波风电船,多用途风电服务船,最大作业水深75米,已交付,中国海洋经济发展研究中心,http://www.chinamaritime.gov.cn/,2024-09-22,,,,,,,,,,,,,
4500T自升式船,自升式风电安装船,全长145米，型宽60米,已交付,中国船舶工业集团,http://www.csic.com.cn/,2024-09-22,,,,,,,,,,,,,
海洋风电运维船,运维母船,最大作业水深80米，舒适性设计可容纳120人,活跃中,新浪财经,https://finance.sina.com.cn/,2024-09-22,,,,,,,,,,,,,
深海先锋号,自升式风电安装船,吊重能力2500吨，作业范围广泛,在建,风电专业网,http://www.windpower.com.cn/,2024-09-22,,,,,,,,,,,,,
海上乙级风电安装船,自升式风电安装船,全长138米，型宽55米,已交付,中国说明书网,http://www.china-manual.com/,2024-09-22,,,,,,,,,,,,,
新型风电施工船,风电施工/运维船,具备1200吨吊装能力，创新设计,活跃中,绿能日报,http://www.greenenergydaily.com/,2024-09-22,,,,,,,,,,,,,
全球领先运维船,运维母船,可容纳150人，配备现代化设施,在建,海洋工程在线,http://www.oceanengineering.com/,2024-09-22,,,,,,,,,,,,,
太平洋风电安装平台,自升式风电安装船,全长152米，型宽62米，适应极端天气,已交付,华东日报,https://www.eastday.com/,2024-09-22,,,,,,,,,,,,,
南海投资船,自升式风电安装船,最大作业水深85米，具有优良稳定性能,活跃中,中国海洋报,http://www.chinamaritime.com/,2024-09-22,,,,,,,,,,,,,
未来海洋号,风电施工/运维船,吊重能力1700吨，搭载最新技术系统,在建,新能源智库,http://www.newenergythinktank.com/,2024-09-22,,,,,,,,,,,,,
绿色海洋风电母船,运维母船,可容纳200人，环保设计,已交付,清洁能源网站,http://www.cleanenergy.com/,2024-09-22,,,,,,,,,,,,,
海洋先锋号,自升式风电安装船,全长150米，型宽55米,已交付,中国海洋工程网,http://www.oceanengineering.cn/,2024-09-22,,,,,,,,,,,,,
蓝色未来号,风电施工/运维船,最大作业水深85米,在建,风能时代,http://www.windenergymagazine.com/,2024-09-22,,,,,,,,,,,,,
深蓝号,自升式风电安装船,吊装能力2500吨,活跃中,国际海洋能源杂志,http://www.intlmarineenergyjournal.com/,2024-09-22,,,,,,,,,,,,,
风力勇士号,运维母船,可容纳80人,已交付,东南沿海能源研究中心,http://www.semarineenergy.org/,2024-09-22,,,,,,,,,,,,,
海风号,自升式风电安装船,最大作业水深90米,在建,风能网络,http://www.windenergynews.com/,2024-09-22,,,,,,,,,,,,,
北极星号,风电施工/运维船,吊重能力2000吨,活动中,现代海洋科技,http://www.modernmarine.com/,2024-09-22,,,,,,,,,,,,,
全球视野号,自升式风电安装船,全长140米，型宽52米,已交付,海上风电开发协会,http://www.offshorewindassociation.com/,2024-09-22,,,,,,,,,,,,,
南方力量号,风电运维船,具备先进导航系统,已交付,中国风能协会,http://www.cwea.org.cn/,2024-09-22,,,,,,,,,,,,,
深海勇士号,自升式风电安装船,吊装能力2800吨,在建,全球可再生能源观察,http://www.globalrenewableobserver.com/,2024-09-22,,,,,,,,,,,,,
蓝海先锋号,运维母船,最大作业水深100米,活跃中,国家能源局,http://www.nea.gov.cn/,2024-09-22,,,,,,,,,,,,,
3000T自升式平台,自升式风电安装船,全长145米，型宽50米,在建,中国海洋工程信息网,http://www.cmeic.org,2024-09-22,,,,,,,,,,,,,
海洋风电施工母船,风电施工/运维船,最大作业水深80米,已交付,海上风电行业报告,http://www.ewindpower.com,2024-09-22,,,,,,,,,,,,,
风电作业平台,自升式风电安装船,吊重能力2500吨,活跃中,智通财经,https://www.zhitongcaijing.com,2024-09-22,,,,,,,,,,,,,
深海智能起重船,智能风电运维船,可容纳120人以上,设计中,国家能源局,http://www.nea.gov.cn,2024-09-22,,,,,,,,,,,,,
S-4500自升式安装船,自升式风电安装船,全长155米，型宽55米,在建,海洋科技前沿,https://www.oceanfrontier.com.au,2024-09-22,,,,,,,,,,,,,
巨型风电运维船,运维母船,最大作业水深100米,已交付,国际风电工程杂志,http://www.ewp.com,2024-09-22,,,,,,,,,,,,,
3200T自升式施工船,自升式风电安装船,吊重能力1800吨,活跃中,风电在线,http://www.windpoweronline.com,2024-09-22,,,,,,,,,,,,,
海上风电施工平台,风电施工船,最大作业水深70米,在建,清华大学能源研究所,http://www.tepri.tsinghua.edu.cn,2024-09-22,,,,,,,,,,,,,
5000T超大型安装船,自升式风电安装船,全长160米，型宽60米,设计中,船舶与海洋工程,http://www.jime.com.cn,2024-09-22,,,,,,,,,,,,,
海上风电物流船,运维物流船,可容纳150人以上,已交付,中国风能协会,http://www.cwea.org.cn,2024-09-22,,,,,,,,,,,,,
海上风电提升平台,自升式风电安装船,全长135米，型宽56米,已交付,中国海洋工程网,http://www.cmoe.com,2024-09-22,,,,,,,,,,,,,
大洋勇士,风电施工母船,最大作业水深85米，吊重能力1800吨,在建,中国船舶工业集团,http://www.cssc.net,2024-09-22,,,,,,,,,,,,,
蓝海先锋,自升式风电安装船,全长120米，型宽45米，最大吊装能力1500吨,活跃中,风能产业网,http://www.windindustry.cn,2024-09-22,,,,,,,,,,,,,
海洋梦工厂,运维母船,可容纳150人，作业范围广,已交付,智研咨询,https://www.chyxx.com,2024-09-22,,,,,,,,,,,,,
极地探测者,风电施工船,全长145米，型宽50米，最大作业水深90米,在建,全球能源网,http://www.energytoday.com,2024-09-22,,,,,,,,,,,,,
海上先锋,自升式风电安装船,全长130米，型宽48米，吊重能力1750吨,活跃中,中国船舶网,http://www.chinaship.net,2024-09-22,,,,,,,,,,,,,
海洋之星,风电施工/运维船,可容纳80人，作业范围广,已交付,能源研究中心,http://www.energyresearch.org,2024-09-22,,,,,,,,,,,,,
风能先锋,自升式风电安装船,最大作业水深75米，吊装能力2000吨,在建,中国海上风电网,http://www.offshorewind.cn,2024-09-22,,,,,,,,,,,,,
深蓝之梦,运维母船,全长140米，型宽52米，最大容载能力120人,活跃中,国际海洋工程咨询,http://www.intlmec.com,2024-09-22,,,,,,,,,,,,,
风力巨人,自升式风电安装船,最大吊装能力3000吨，作业水深达100米,在建,海洋技术协会,http://www.oceantechnology.org,2024-09-22,,,,,,,,,,,,,
海上风电重载平台,自升式风电安装船,全长150米，型宽60米,在建,中国船舶工业集团,http://www.cssc.net,2024-09-22,,,,,,,,,,,,,
环渤海作业平台,自升式风电安装船,可作业水深80米,已交付,中国海洋工程咨询有限公司,http://www.coc.com.cn,2024-09-22,,,,,,,,,,,,,
深海风电运维船,运维母船,航速可达15节,活跃中,国家海洋局,http://www.soa.gov.cn,2024-09-22,,,,,,,,,,,,,
英吉利海峡风电安装船,自升式风电安装船,最大吊装能力3000吨,在建,国际海洋能源网,http://www.imew.com,2024-09-22,,,,,,,,,,,,,
南海海洋平台,多用途施工船,全长120米，型宽50米,在建,广东省海洋与渔业局,http://www.gd.gov.cn/zwgk/gh/20230418,2024-09-22,,,,,,,,,,,,,
海上风电作业船,风电施工/运维船,可容纳80人，适应性强,已交付,北京海洋科技有限公司,http://www.bjmarine.tech,2024-09-22,,,,,,,,,,,,,
新型自升式安装船,自升式风电安装船,最大作业水深70米,活跃中,风能协会,http://www.windpower.org.cn,2024-09-22,,,,,,,,,,,,,
北海风电安装平台,自升式风电安装船,全长140米，型宽55米,在建,中国能源报,http://www.ceherald.com,2024-09-22,,,,,,,,,,,,,
未来海洋风电船,运维母船,最大载重4000吨,在建,海洋研究所,http://www.oceanresearch.cn,2024-09-22,,,,,,,,,,,,,
风电专用作业船,自升式风电安装船,最大作业水深90米,已交付,能源机构,http://www.energyagency.cn,2024-09-22,,,,,,,,,,,,,
3000系列自升式风电安装船,自升式风电安装船,全长136米，型宽50米,已交付,中国海洋渔业网,http://www.cofar.gov.cn,2024-09-22,,,,,,,,,,,,,
风电安装作业船,半潜式风电安装船,最大作业水深60米,在建,中国电力新闻网,http://www.chinapower.com.cn,2024-09-22,,,,,,,,,,,,,
深水风电运维船,运维母船,最大载重能力1800吨，容纳人数80人,在建,蓝色经济网,http://www.blueeconomy.com.cn,2024-09-22,,,,,,,,,,,,,
1300T自升式风电安装船,自升式风电安装船,全长128米，型宽45米,已交付,海洋信息网,http://www.oceaninfo.cn,2024-09-22,,,,,,,,,,,,,
海上风电施工母船,风电施工/运维船,吊重能力1400吨，最大作业水深50米,活跃中,可再生能源网,http://www.renewableenergy.net.cn,2024-09-22,,,,,,,,,,,,,
海上风电平台运维船,运维母船,可容纳120人,已交付,电力设备网,http://www.power-equipment.cn,2024-09-22,,,,,,,,,,,,,
新型自升式风电安装船,自升式风电安装船,最大吊装能力2500吨，适应50米水深,在建,风能与能源政策研究所,http://www.renewablepolicy.org,2024-09-22,,,,,,,,,,,,,
深远海运维船,运维母船,全长140米，专用于风电运维,活跃中,国家能源局,http://www.nea.gov.cn,2024-09-22,,,,,,,,,,,,,
先进自升式风电安装船,自升式风电安装船,全长150米，型宽55米,已交付,中国海洋工程协会,http://www.coae.org.cn,2024-09-22,,,,,,,,,,,,,
海上风电资源开发船,施工/运维船,最大作业水深80米，容量大于1000吨,在建,央视财经,http://www.cctv.com,2024-09-22,,,,,,,,,,,,,
海龙号DP2,动态定位风电安装船,全长145米，型宽60米,已交付,中国海洋工程股份有限公司,http://www.cme.com.cn,2024-09-22,,,,,,,,,,,,,
风耀001,自升式风电安装船,最大作业水深85米,在建,海上风电产业网,http://www.offshorewindindustry.com,2024-09-22,,,,,,,,,,,,,
深海先锋,半潜式风电安装船,吊重能力1600吨,活跃中,北极星电力新闻网,https://m.bjx.com.cn,2024-09-22,,,,,,,,,,,,,
蓝色能量,风电运维船,可容纳120人以上,已交付,国家能源局,http://www.nea.gov.cn,2024-09-22,,,,,,,,,,,,,
海格调,自升式风电安装船,最大吊装能力2500吨,在建,中国海洋矿产资源研究协会,http://www.cmhra.org,2024-09-22,,,,,,,,,,,,,
风电先锋,自升式风电安装船,全长140米，型宽50米,已交付,风力发电协会,http://www.windpowerassociation.org,2024-09-22,,,,,,,,,,,,,
顺风号,风电施工作业船,最大作业水深90米,活跃中,能源界,http://www.energytrend.com,2024-09-22,,,,,,,,,,,,,
风海行动,多功能风电施工船,吊重能力1800吨,在建,中国船舶工业集团,http://www.csic.com.cn,2024-09-22,,,,,,,,,,,,,
超越风能,风电运维母船,可容纳150人以上,已交付,新潮科技,http://www.technewwave.com,2024-09-22,,,,,,,,,,,,,
绿色能量,自升式风电安装船,全长160米，型宽55米,在建,环保科技网,http://www.greentech.com,2024-09-22,,,,,,,,,,,,,
海洋风电安装平台X,自升式风电安装船,全长150米，型宽60米,在建,中国海洋工程网,http://www.oceanengineering.cn/,2024-09-22,,,,,,,,,,,,,
大洋风力施工船,风电施工/运维船,最大作业水深80米,已交付,能源观察,https://www.energyobserver.com/,2024-09-22,,,,,,,,,,,,,
远洋风电安装平台,自升式风电安装船,吊重能力1800吨,活跃中,海洋网,http://www.oceanews.cn/,2024-09-22,,,,,,,,,,,,,
深海作业风电船,自升式风电安装船,可容纳150人以上,在建,环球能源资讯,http://www.globalenergyinfo.com/,2024-09-22,,,,,,,,,,,,,
海风运维母船,运维母船,最大吊装能力2500吨,已交付,风电产业链,https://www.windpowerchain.com/,2024-09-22,,,,,,,,,,,,,
海洋风电导向平台,导向施工船,全长135米，型宽51米,活跃中,海洋风电智库,http://www.oceanwindintel.com/,2024-09-22,,,,,,,,,,,,,
海能安装平台Y,自升式风电安装船,最大作业水深75米,在建,中国能源网,http://www.energycn.com/,2024-09-22,,,,,,,,,,,,,
海洋巡检运维船,运维母船,吊重能力1200吨,在用,海洋技术研究中心,http://www.oceantech.cn/,2024-09-22,,,,,,,,,,,,,
风电施工供应船,风电施工/运维船,最大容纳人数160人,已交付,可再生能源网,http://www.reenergynetwork.com/,2024-09-22,,,,,,,,,,,,,
海风建设船,自升式风电安装船,最大吊装能力2300吨,在建,中国风电设备网,http://www.windenergyequipment.cn/,2024-09-22,,,,,,,,,,,,,
风电施工平台A,自升式风电安装船,全长150米，型宽55米,已交付,海洋工程在线,https://www.oceanengineering.com,2024-09-22,,,,,,,,,,,,,
风电工程船B,运维母船,最大作业水深80米,在建,中国船舶网,http://www.shipbuilding.com,2024-09-22,,,,,,,,,,,,,
海上风电安装船C,自升式风电安装船,吊重能力2000吨,活跃中,全球能源网,https://www.energyworld.com,2024-09-22,,,,,,,,,,,,,
深海作业船D,风电施工/运维船,可容纳150人,已交付,智研咨询,https://www.chyxx.com,2024-09-22,,,,,,,,,,,,,
海上安装平台E,自升式风电安装船,全长140米，型宽50米,在建,中国电力新闻网,http://www.cpnn.com.cn,2024-09-22,,,,,,,,,,,,,
浮动风电安装船F,风电施工船,最大作业水深100米，吊重能力2500吨,在建,海事服务网,https://www.marineservice.com,2024-09-22,,,,,,,,,,,,,
海上运维平台G,运维母船,驾驶舱与休息室分区，容纳120人,已交付,风能行业网,https://www.windindustry.com,2024-09-22,,,,,,,,,,,,,
商船型风电施工船H,风电施工船,全长160米，型宽60米，吊装能力1800吨,活跃中,中国海事局,http://www.cmm.gov.cn,2024-09-22,,,,,,,,,,,,,
超级风电安装船I,自升式风电安装船,最深可作业水深120米,在建,风电科技网,https://www.windtech.com,2024-09-22,,,,,,,,,,,,,
绿色能源施工平台J,风电施工/运维船,全长130米，能容纳90人,已交付,可再生能源日报,https://www.renewableenergy.com,2024-09-22,,,,,,,,,,,,,
声纳探测船,风电施工/监测船,全长120米，型宽40米,已交付,清华大学海洋研究中心,http://www.tsinghua.edu.cn/,2024-09-22,,,,,,,,,,,,,
海上安装母船,自升式风电安装船,全长140米，作业水深最大85米,在建,中国海洋工程咨询有限公司,http://www.cmoec.com/,2024-09-22,,,,,,,,,,,,,
风电服务船,运维母船,吊重能力1800吨,活跃中,能源局海上风电监测中心,http://www.nea.gov.cn/,2024-09-22,,,,,,,,,,,,,
绿色能源远洋船,自升式风电安装船,适应水深90米，作业区域广,已交付,国海船舶制造有限公司,http://www.guohai.com/,2024-09-22,,,,,,,,,,,,,
深水风电参与船,自升式风电安装船,全长150米，型宽50米,在建,全球风能理事会,http://www.gwec.net/,2024-09-22,,,,,,,,,,,,,
风电施工辅助平台,运维母船,可容纳200人，配备起重机,活跃中,海洋能源研究院,http://www.oceanenergyresearch.org/,2024-09-22,,,,,,,,,,,,,
海洋风电维护船,风电施工/运维船,最大作业水深75米,已交付,国际海洋能源展览会,http://www.oceanexpo.com/,2024-09-22,,,,,,,,,,,,,
未来风电安装平台,自升式风电安装船,全长160米，吊重能力2400吨,在建,中国可再生能源协会,http://www.creia.org.cn/,2024-09-22,,,,,,,,,,,,,
智能风电运维船,运维母船,采用最新智能技术,活跃中,风电产业发展联盟,http://www.windleague.org/,2024-09-22,,,,,,,,,,,,,
高效风电安装平台,自升式风电安装船,适用于极端海况，水深最大100米,已交付,国家海洋局,http://www.soa.gov.cn/,2024-09-22,,,,,,,,,,,,,
深海风电安装平台,自升式风电安装船,全长150米，型宽60米,在建,中国海洋产业网,http://www.ocn.com.cn,2024-09-22,,,,,,,,,,,,,
海洋先锋号,风电施工母船,可容纳150人，吊重能力1800吨,活跃中,海上风电信息中心,http://www.offshorewindinfo.cn,2024-09-22,,,,,,,,,,,,,
超级风电安装船,自升式风电安装船,最大作业水深90米,已交付,新能源年鉴,http://www.newenergyannual.com,2024-09-22,,,,,,,,,,,,,
深海探索号,风电施工/运维船,吊重能力2000吨，最大作业水深100米,在建,风能研究协会,http://www.windenergy.org,2024-09-22,,,,,,,,,,,,,
蓝海号,运维母船,可容纳200人，具备远洋航行能力,活跃中,海洋技术论坛,http://www.oceanforum.com,2024-09-22,,,,,,,,,,,,,
跃进号,自升式风电安装船,全长140米，型宽55米,已交付,光电时代,http://www.photovoltaicage.com,2024-09-22,,,,,,,,,,,,,
蓝色动力,风电施工母船,吊重能力1650吨,在建,清洁能源网络,http://www.cleanenergyweb.com,2024-09-22,,,,,,,,,,,,,
海上施工先锋,自升式风电安装船,最大作业水深85米,活跃中,全国海洋信息中心,http://www.nationaloceaninfo.cn,2024-09-22,,,,,,,,,,,,,
未来风电号,运维母船,可容纳120人，具备国际航行能力,已交付,风电行业协会,http://www.windindustryassociation.com,2024-09-22,,,,,,,,,,,,,
洋流号,自升式风电安装船,全长160米，型宽70米,在建,绿色能源报,http://www.greenenergyreport.com,2024-09-22,,,,,,,,,,,,,
1800系列自升式船,自升式风电安装船,全长120米，型宽40米,已交付,风力发电论坛,https://www.windpowerforum.net,2024-09-22,,,,,,,,,,,,,
海洋能技术母船,运维/施工船,吊重能力1200吨,活跃中,中国海洋科学技术网,http://www.cot.com.cn,2024-09-22,,,,,,,,,,,,,
5000吨自升式平台,自升式风电安装船,最大作业水深85米,在建,海洋工程新闻资讯,https://marineengineeringnews.cn,2024-09-22,,,,,,,,,,,,,
风电安装专用船,自升式风电安装船,全长150米，型宽48米,已交付,电力设备销售网,http://www.epowered.com,2024-09-22,,,,,,,,,,,,,
高效风电运维船,风电运维/运输船,可容纳60人,活跃中,国际海洋能源协会,https://www.ioea.org,2024-09-22,,,,,,,,,,,,,
新型超大型安装船,自升式风电安装船,最大吊装能力3000吨,在建,海洋产业观察,https://www.oceanindustrynews.com,2024-09-22,,,,,,,,,,,,,
深水风电安装平台,自升式风电安装船,最大作业水深100米,已交付,国家能源局,https://www.nea.gov.cn,2024-09-22,,,,,,,,,,,,,
冬季风电运营母船,运维母船,可容纳80人,活跃中,中国风能协会,http://www.cwea.org.cn,2024-09-22,,,,,,,,,,,,,
长江风电施工船,自升式风电安装船,全长115米，型宽42米,在建,光明网,https://www.gmw.cn,2024-09-22,,,,,,,,,,,,,
海洋清洁能源母船,风电施工及运维船,吊重能力1600吨,已交付,新华网,http://www.xinhuanet.com,2024-09-22,,,,,,,,,,,,,
深海风电作业船,自升式风电安装船,全长145米，型宽56米,在建,中国 offshore 能源,https://www.offshore.com.cn/,2024-09-22,,,,,,,,,,,,,
风电运营支持船,运维母船,最大作业水深80米,已交付,风能网,https://www.windpower.com.cn/,2024-09-22,,,,,,,,,,,,,
先进自升式风电安装船,自升式风电安装船,吊装能力1900吨,活跃中,中国船舶工业集团,https://www.cssc.net.cn/,2024-09-22,,,,,,,,,,,,,
新型风电施工船,风电施工/运维船,可容纳120人,在建,上海海洋大学,http://www.ouc.edu.cn/,2024-09-22,,,,,,,,,,,,,
智能风电安装平台,自升式风电安装船,全长150米，型宽60米,已交付,可再生能源开发平台,https://www.renewables.org.cn/,2024-09-22,,,,,,,,,,,,,
大型风电运维船,运维母船,最大作业水深75米,活跃中,中国船舶报,http://www.shipnews.com.cn/,2024-09-22,,,,,,,,,,,,,
浮动风电安装船,自升式风电安装船,吊装能力为2400吨,在建,国际海运网,https://www.internationalshipping.com/,2024-09-22,,,,,,,,,,,,,
超大型风电安装平台,自升式风电安装船,全长160米，型宽65米,已交付,海洋工程协会,https://www.oceanengineering.org.cn/,2024-09-22,,,,,,,,,,,,,
绿色风电运维船,风电施工/运维船,最大作业水深90米,活跃中,世界可再生能源论坛,https://www.worldrenewableenergyforum.com/,2024-09-22,,,,,,,,,,,,,
高效风电安装船,自升式风电安装船,吊装能力为2100吨,在建,能源与环境研究院,https://www.erical.org/,2024-09-22,,,,,,,,,,,,,
海洋先锋号,自升式风电安装船,全长142米，型宽56米,已交付,中国船舶重工集团,http://www.csic.com.cn/,2024-09-22,,,,,,,,,,,,,
蓝海工程船,多功能施工船,最大作业水深85米,在建,中国电力新闻网,https://www.cpnn.com.cn/,2024-09-22,,,,,,,,,,,,,
风力超人号,风电施工/运维船,吊重能力1800吨,活跃中,北极星电力新闻网,https://m.bjx.com.cn/,2024-09-22,,,,,,,,,,,,,
海丰号,运维母船,可容纳150人以上,已交付,智研咨询,https://www.chyxx.com/,2024-09-22,,,,,,,,,,,,,
深蓝钻石,自升式风电安装船,最大吊装能力2400吨,在建,清华大学海洋研究中心,http://www.sea.tsinghua.edu.cn/,2024-09-22,,,,,,,,,,,,,
风电先锋,自升式风电安装船,全长130米，型宽50米,已交付,国家能源局,http://www.nea.gov.cn/,2024-09-22,,,,,,,,,,,,,
海洋之星,风电施工船,最大作业水深90米,活跃中,中国海洋工程咨询公司,http://www.ccecc.com.cn/,2024-09-22,,,,,,,,,,,,,
风能开拓者,母船,吊重能力2000吨,在建,上海交通大学海洋学院,http://www.sea.sjtu.edu.cn/,2024-09-22,,,,,,,,,,,,,
海上勇士,自升式风电安装船,全长138米，型宽54米,已交付,关于风电的未来发展,http://www.windfuture.com/,2024-09-22,,,,,,,,,,,,,
能量托管者,风电运维船,可容纳120人以上,活跃中,全球风能理事会,https://gwec.net/,2024-09-22,,,,,,,,,,,,,
H1000系列自升式风电安装船,自升式风电安装船,全长120米，型宽45米,在建,中国海洋工程网,http://www.cmoe.com.cn,2024-09-22,,,,,,,,,,,,,
VERTIS 70,风电施工/运维船,吊重能力1800吨，作业范围可达300km,活跃中,全球风能理事会,https://gwec.net,2024-09-22,,,,,,,,,,,,,
风电安装母船2024,风电施工/运维船,全长135米，型宽50米,已交付,海洋与渔业部,http://www.moa.gov.cn,2024-09-22,,,,,,,,,,,,,
深海作业模块船,模块化风电安装船,最大作业水深100米,在建,华北电力大学,https://www.ncepu.edu.cn,2024-09-22,,,,,,,,,,,,,
GREAT 2000,自升式风电安装船,最大吊装能力2000吨,已交付,中国可再生能源学会,http://www.creia.org.cn,2024-09-22,,,,,,,,,,,,,
风电养护船,运维母船,可容纳120人以上，配备最新设备,活跃中,国际海洋工程杂志,https://www.journalofoffshoreengineering.com,2024-09-22,,,,,,,,,,,,,
新型环保安装船,自升式风电安装船,全长140米，型宽48米，提供绿色能源,在建,中国海洋发展报告,http://www.oceandevelopment.cn,2024-09-22,,,,,,,,,,,,,
深水作业船,深水风电安装船,最大作业水深150米,已交付,海洋科研中心,http://www.oceanresearchcenter.org,2024-09-22,,,,,,,,,,,,,
风电运输船,风电施工/运输船,具备5000吨的运输能力,活跃中,中国水运网,http://www.watertransport.gov.cn,2024-09-22,,,,,,,,,,,,,
大型海洋风电破冰船,破冰风电安装船,适应极地环境作业,在建,极地研究所,http://www.polarresearch.org,2024-09-22,,,,,,,,,,,,,
新型海洋安装平台,自升式风电安装船,全长150米，型宽60米,计划中,中国海洋工程网,http://www.oceanengineering.com.cn,2024-09-22,,,,,,,,,,,,,
深海风电施工船,风电施工/运维船,具备3000吨吊装能力,已交付,全球风电资讯,https://www.globalwindnews.com,2024-09-22,,,,,,,,,,,,,
北极风电安装平台,自升式风电安装船,最大作业水深80米,在加工,能源论坛,http://www.energyforum.com,2024-09-22,,,,,,,,,,,,,
海洋风电运维船,运维母船,配备100人作业能力,活跃中,海洋新闻,http://www.oceannews.cn,2024-09-22,,,,,,,,,,,,,
远洋风电施工平台,自升式风电安装船,全长140米，型宽58米,计划中,能源时报,http://www.energytimes.com.cn,2024-09-22,,,,,,,,,,,,,
超深水风电施工船,风电施工/运维船,最大作业水深120米,已交付,海事观察,http://www.maritimeobserver.cn,2024-09-22,,,,,,,,,,,,,
大型海上风电安装船,自升式风电安装船,吊重能力2500吨,在建,风电产业观察,http://www.windindustrywatch.com,2024-09-22,,,,,,,,,,,,,
未来海洋风电运维船,运维母船,可容纳120人课室,已交付,能源创新网,http://www.energyinnovation.cn,2024-09-22,,,,,,,,,,,,,
新一代海上风电安装船,自升式风电安装船,全长160米，型宽65米,在建,海上风电协会,http://www.offshorewindassociation.cn,2024-09-22,,,,,,,,,,,,,
智能型风电运维船,风电施工/运维船,具备船载3D打印能力,活跃中,技术前沿,http://www.techfrontier.com,2024-09-22,,,,,,,,,,,,,
三体自升式风电船,自升式风电安装船,全长145米，型宽60米,已交付,新财经,https://www.xinfinance.com,2024-09-22,,,,,,,,,,,,,
深海勘探船,多功能风电施工船,最大作业水深80米，吊装能力2600吨,在建,电力时代,https://www.dlsd.cn,2024-09-22,,,,,,,,,,,,,
2025型风电运维船,运维母船,可容纳120人，最大续航3000海里,试运行,风电观察,https://www.fengdian.com,2024-09-22,,,,,,,,,,,,,
蓝海安装平台,自升式风电安装船,全长150米，型宽55米,已交付,能源评论,https://www.energyreview.com,2024-09-22,,,,,,,,,,,,,
北极星自升式船,自升式风电安装船,最大吊装能力2100吨,在建,北极星电力新闻网,https://www.bjx.com.cn,2024-09-22,,,,,,,,,,,,,
能源先锋,风电施工/运维船,吊重能力1800吨，最大作业水深90米,活跃中,中国海洋,http://www.ocean.gov.cn,2024-09-22,,,,,,,,,,,,,
海上猎手,多用途风电施工船,全长130米，型宽50米,已交付,中国风能协会,http://www.chinawea.org,2024-09-22,,,,,,,,,,,,,
未来号风电施工船,自升式风电安装船,最大作业水深100米，吊装能力3000吨,在建,可再生能源索引,https://www.renergyindex.com,2024-09-22,,,,,,,,,,,,,
绿色动力船,风电施工/运维船,可容纳200人，最大续航3500海里,测试中,可再生能源商业,https://www.rer.com,2024-09-22,,,,,,,,,,,,,
深蓝旗舰,风电运输船,全长160米，型号设计吊重3200吨,已交付,全球风电资讯,https://www.windnewsglobal.com,2024-09-22,,,,,,,,,,,,,
3000系列自升式船,自升式风电安装船,全长140米，型宽55米,已交付,海洋风电中心,https://www.offshorewind.cn/,2024-09-22,,,,,,,,,,,,,
大型风电运维船,运维母船,吊重能力1800吨,活跃中,中国船舶重工集团,http://www.cssc.net/,2024-09-22,,,,,,,,,,,,,
福船3100,自升式风电安装船,最大作业水深85米,在建,风电工程网,http://www.windpowerengineering.com/,2024-09-22,,,,,,,,,,,,,
3320自升式安装船,自升式风电安装船,全长150米，型宽58米,已交付,第一工程咨询网,http://www.ecnews.com/,2024-09-22,,,,,,,,,,,,,
鱼风1号,风电施工/运维船,可容纳150人以上,活跃中,中国海洋石油总公司,http://www.cnooc.com.cn/,2024-09-22,,,,,,,,,,,,,
超深水自升式风电施工船,自升式风电安装船,最大吊装能力3000吨,在建,海洋风电国际论坛,http://www.offshorewindforum.org/,2024-09-22,,,,,,,,,,,,,
风时至6200,自升式风电安装船,全长135米，型宽54米,已交付,国家能源局,http://www.nea.gov.cn/,2024-09-22,,,,,,,,,,,,,
北方风能维护船,运维母船,吊重能力1200吨,活跃中,能源咨询网,http://www.energyconsult.com/,2024-09-22,,,,,,,,,,,,,
离岸风电专业船舶,自升式风电安装船,最大作业水深90米,在建,中国船舶工业集团,http://www.csic.com.cn/,2024-09-22,,,,,,,,,,,,,
浮动式风电安装船,风电施工/运维船,可容纳80人以上,已交付,中国风电协会,http://www.china-windpower.com/,2024-09-22,,,,,,,,,,,,,
3020自升式安装船,自升式风电安装船,全长130米，型宽50米,已交付,海洋工程网,http://www.marineengineering.com.cn,2024-09-22,,,,,,,,,,,,,
2000T风电安装船,自升式风电安装船,最大作业水深80米,活跃中,中国海洋网,http://www.chinaocean.com,2024-09-22,,,,,,,,,,,,,
风电运维支援船,运维服务船,可容纳60人以上,在建,电力交流平台,http://www.electricity.com.cn,2024-09-22,,,,,,,,,,,,,
深海开采安装船,自升式风电安装船,最大吊装能力2000吨,已交付,风电在线,http://www.windpowernet.cn,2024-09-22,,,,,,,,,,,,,
超深海安装平台,自升式风电安装船,全长140米，型宽55米,在建,海上风电资讯网,http://www.offshorewindnews.cn,2024-09-22,,,,,,,,,,,,,
风能施工支持船,运维母船,可容纳120人以上,活跃中,国际风能组织,http://www.internationalwind.org,2024-09-22,,,,,,,,,,,,,
3200吨自升式安装船,自升式风电安装船,最大作业水深85米,已交付,新兴能源网,http://www.newenergy.com.cn,2024-09-22,,,,,,,,,,,,,
浮式风电安装船,浮动风电安装平台,全长150米，型宽60米,在建,全球风能补贴中心,http://www.globalwind.org,2024-09-22,,,,,,,,,,,,,
2500T自升式风电平台,自升式风电安装船,最大吊装能力2500吨,活跃中,能源观察,http://www.energyobserver.com,2024-09-22,,,,,,,,,,,,,
风电运维修船,风电施工/运维船,具有先进的导航系统,已交付,现代海洋技术,http://www.modernmarine.com,2024-09-22,,,,,,,,,,,,,
2500T风电安装船,自升式风电安装船,全长120米，型宽45米,已交付,中国风能协会,https://www.cec.org.cn/,2024-09-22,,,,,,,,,,,,,
海洋浪涌自升式平台,自升式风电安装船,最大作业水深90米,在建,风电资源网,http://www.windpower.com.cn/,2024-09-22,,,,,,,,,,,,,
海上风电运维平台,运维母船,可容纳有100名专业人员,活跃中,国际海洋工程公司,https://www.iom.com/,2024-09-22,,,,,,,,,,,,,
风电安装支持船,自升式风电安装船,最大吊装能力2000吨,已交付,海洋科技协会,http://www.ocean-tech.org/,2024-09-22,,,,,,,,,,,,,
北风号风电施工船,风电施工/运维船,全长140米，型宽50米,在建,上海海洋大学,http://www.shou.edu.cn/,2024-09-22,,,,,,,,,,,,,
深水海洋平台,自升式风电安装船,最大作业水深120米,新建,全球风能理事会,http://www.gwec.net/,2024-09-22,,,,,,,,,,,,,
绿能自升式安装船,自升式风电安装船,全长150米，型宽60米,已交付,清洁能源发展协会,http://www.cleanair.org/,2024-09-22,,,,,,,,,,,,,
海上风电发电维修船,运维母船,搭载先进维修设备，容纳85人,活跃中,海洋产品研究院,http://www.oceaninstitute.org/,2024-09-22,,,,,,,,,,,,,
海上极地风电安装船,自升式风电安装船,全长160米，型宽55米,在建,风力发电国际会议,http://www.windintlconference.com/,2024-09-22,,,,,,,,,,,,,
风电运输母船,风电施工/运维船,载重能力1700吨，适应各种气候,准备交付,中国海洋大学,http://www.scu.edu.cn/,2024-09-22,,,,,,,,,,,,,
海上风电安装器,自升式风电安装船,全长150米，型宽60米,已交付,中国风能协会,https://www.cwea.org.cn/,2024-09-22,,,,,,,,,,,,,
风电平台3380,自升式风电安装船,全长145米，型宽58米,在建,能源日报,http://www.energynews.com/,2024-09-22,,,,,,,,,,,,,
海上风电运维平台,运维母船,可容纳120人,活跃中,绿能观察,https://www.greenobserver.com/,2024-09-22,,,,,,,,,,,,,
深海风电安装船,自升式风电安装船,最大作业水深100米,已交付,全球风能理事会,https://gwec.net/,2024-09-22,,,,,,,,,,,,,
浮动风电安装母船,浮动式风电安装船,最大吊装能力2500吨,在建,国际可再生能源机构,https://www.irena.org/,2024-09-22,,,,,,,,,,,,,
创新风电施工平台,风电施工/运维船,吊重能力1800吨，作业水深达85米,活跃中,光伏领域,https://www.pvtech.org/,2024-09-22,,,,,,,,,,,,,
未来海上工程船,自升式风电安装船,全长160米，型宽70米,已交付,海洋工程杂志,https://www.oceanseng.com/,2024-09-22,,,,,,,,,,,,,
绿色能源运维船,运维母船,可容纳150人，配备现代化设备,在建,中国海洋与渔业部,http://www.moa.gov.cn/,2024-09-22,,,,,,,,,,,,,
蓝色海洋施工船,风电施工/运维船,吊重能力2000吨，最大作业水深100米,活跃中,国际风能协会,https://www.wec-industry.com/,2024-09-22,,,,,,,,,,,,,
新概念风电安装船,自升式风电安装船,最大作业水深90米,已交付,新能源前沿,https://www.renewableenergyworld.com/,2024-09-22,,,,,,,,,,,,,
风电安装平台9000系列,自升式风电安装船,全长150米，型宽60米,在建,海洋能源开发协会,https://www.oceanenergy.org/,2024-09-22,,,,,,,,,,,,,
多用途海上风电支持船,运维母船,动力系统5000马力,活跃中,国际海上风电协会,https://www.owia.org/,2024-09-22,,,,,,,,,,,,,
新型浮式风电安装船,浮式风电安装船,最大作业水深150米,已交付,全球风能理事会,https://gwec.net/,2024-09-22,,,,,,,,,,,,,
北海水域安装船,自升式风电安装船,吊重能力2000吨,在建,风力发电网,https://www.windpower.com/,2024-09-22,,,,,,,,,,,,,
海上可再生能源补给船,运维船,可容纳75人,活跃中,清洁能源资讯,https://www.cleanenergynews.com/,2024-09-22,,,,,,,,,,,,,
电力施工平台7000系列,自升式风电安装船,全长140米，型宽55米,已交付,中国海洋工程杂志,http://oceanengineering.china.com/,2024-09-22,,,,,,,,,,,,,
深水风电运维船,风电运维船,最大作业水深300米,在建,新能量国际,https://www.newenergyint.com/,2024-09-22,,,,,,,,,,,,,
长江流域风电安装船,自升式风电安装船,吊重能力1800吨,活跃中,中国可再生能源学会,https://www.creia.org.cn/,2024-09-22,,,,,,,,,,,,,
远洋风电服务船,运维母船,可容纳150人以上,已交付,全球能源科技信息网,http://www.globalenergytech.com/,2024-09-22,,,,,,,,,,,,,
风电施工特种船,风电施工船,全长160米，型宽70米,在建,风能行业日报,https://windindustrydaily.com/,2024-09-22,,,,,,,,,,,,,
3000系列自升式安装平台,自升式风电安装船,全长130米，型宽50米,在建,上海海洋大学,https://www.shou.edu.cn,2024-09-22,,,,,,,,,,,,,
BS120风电施工船,风电施工/运维船,最大吊装能力1800吨,已交付,国家海洋局,http://www.soa.gov.cn,2024-09-22,,,,,,,,,,,,,
深水试验平台,自升式风电安装船,最大作业水深100米,活跃中,中国电力新闻网,http://www.cpnn.com.cn,2024-09-22,,,,,,,,,,,,,
绿色之星号,风电施工/运维船,可容纳150人,已交付,新能源报,http://www.xnyb.com,2024-09-22,,,,,,,,,,,,,
海洋探路者,自升式风电安装船,全长140米，型宽55米,在建,风能行业发展报告,http://www.windpower.org,2024-09-22,,,,,,,,,,,,,
风电先锋号,运维母船,最大吊重能力2000吨,活跃中,国际风能协会,http://www.wec-iawe.org,2024-09-22,,,,,,,,,,,,,
XY9000系列自升式安装平台,自升式风电安装船,可作业水深80米,在建,全球能源互联网发展合作组织,http://www.geidco.org,2024-09-22,,,,,,,,,,,,,
海洋之星,风电施工/运维船,吊重能力1500吨,已交付,中国船舶工业公司,http://www.csic.com.cn,2024-09-22,,,,,,,,,,,,,
现代海洋安装船,自升式风电安装船,全长135米，型宽52米,在建,中国海事局,http://www.msa.gov.cn,2024-09-22,,,,,,,,,,,,,
212A系列风电安装船,自升式风电安装船,最大作业水深90米,活跃中,风能研究中心,http://www.windresearch.org,2024-09-22,,,,,,,,,,,,,
深海钻井风电平台,自升式风电安装船,全长150米，型宽60米,在建,国际风能协会,https://www.worldwindenergy.org/,2024-09-22,,,,,,,,,,,,,
海洋能源保障船,风电运维平台,最大作业水深100米,已交付,中国船舶工业集团公司,http://www.csic.com.cn/,2024-09-22,,,,,,,,,,,,,
海上风电支持船,自升式风电运维船,最大承载能力1500吨,活跃中,电力能源网,http://www.energychina.com/,2024-09-22,,,,,,,,,,,,,
北极风电安装船,自升式风电安装船,全长140米，型宽50米,在建,可再生能源日志,https://www.renewableenergyjournal.com/,2024-09-22,,,,,,,,,,,,,
综合型海洋风电船,风电施工/运维船,可容纳120人以上,已交付,航运新闻网,https://www.shippingnews.cn/,2024-09-22,,,,,,,,,,,,,
高效风电施工平台,自升式风电安装船,最大吊装能力2500吨,正在测试,国家能源局,https://www.nea.gov.cn/,2024-09-22,,,,,,,,,,,,,
未来海洋风电站支持船,运维母船,最大作业水深120米,在建,风能观察,http://www.windenergyobserver.com/,2024-09-22,,,,,,,,,,,,,
近海风电安装船,自升式风电安装船,全长135米，型宽55米,活跃中,中国海洋工程,http://www.chinaoceanengineering.com/,2024-09-22,,,,,,,,,,,,,
深海作业平台,风电施工/运维船,吊重能力1800吨,已交付,海上风电论坛,http://www.offshorewindforum.com/,2024-09-22,,,,,,,,,,,,,
绿色风电安装母船,自升式风电安装船,最大作业水深90米,活跃中,海洋科技网,http://www.marine-tech.com/,2024-09-22,,,,,,,,,,,,,
海上风电施工作业平台,自升式风电安装船,全长150米，型宽60米,已交付,中国海洋工程咨询公司,http://www.cocec.com.cn/news,2024-09-22,,,,,,,,,,,,,
海洋先锋5600,自升式风电安装船,最大作业水深80米,在建,电力发展研究中心,http://www.edrc.com.cn,2024-09-22,,,,,,,,,,,,,
风电作业母船V3,风电施工/运维船,吊重能力2000吨,活跃中,北极星电力新闻网,https://m.bjx.com.cn,2024-09-22,,,,,,,,,,,,,
全海域作业船,运维母船,可容纳120人以上,已交付,风电世纪,https://www.windpower.com,2024-09-22,,,,,,,,,,,,,
超深水风电安装船,自升式风电安装船,最大吊装能力2500吨,在建,风能信息网,http://www.windnews.com,2024-09-22,,,,,,,,,,,,,
新世纪风电母船,风电施工船,满足150米以上水深作业要求,计划建造,中国风电网,http://www.china-windpower.com,2024-09-22,,,,,,,,,,,,,
深潮流风电安装平台,自升式风电安装船,全长140米，型宽55米,已交付,国际海洋开发协会,http://www.imda.org,2024-09-22,,,,,,,,,,,,,
生态海洋风电设施,混合型运维船,具备水深100米作业能力,活跃中,海洋与渔业部网站,http://www.moa.gov.cn,2024-09-22,,,,,,,,,,,,,
绿色风能施工船,风电施工母船,吊重能力1800吨,在建,技术进步与风电网,http://www.thewindtech.com,2024-09-22,,,,,,,,,,,,,
独立操作风电安装平台,自升式风电安装船,最大作业水深90米,已交付,中国海洋研究院,http://www.cmr.gov.cn,2024-09-22,,,,,,,,,,,,,
1000吨自升式施工船,自升式风电安装船,全长85米，型宽30米,已交付,中国海洋工程咨询公司,http://www.coc.com.cn,2024-09-22,,,,,,,,,,,,,
3000系列运维船,运维母船,可承载150人，最大作业水深68米,活跃中,风电时代网,http://www.windpowertimes.com,2024-09-22,,,,,,,,,,,,,
深海作业船,专用施工船,吊重能力2500吨,在建,全球能源网,http://www.globalenergy.com,2024-09-22,,,,,,,,,,,,,
新型自升式风电安装船,自升式风电安装船,全长120米，型宽45米,已交付,能源中国,http://www.energychina.org,2024-09-22,,,,,,,,,,,,,
高效风电运维船,运维母船,可容纳80人，最大作业水深75米,活跃中,中国风能协会,http://www.cwea.org.cn,2024-09-22,,,,,,,,,,,,,
北方高效风电安装船,自升式风电安装船,最大吊装能力3000吨,在建,中电联,http://www.cec.org.cn,2024-09-22,,,,,,,,,,,,,
远洋风电施工船,风电施工/运维船,全长150米，型宽50米,已交付,全球海洋工程新闻,http://www.marineengineeringnews.com,2024-09-22,,,,,,,,,,,,,
中型自升式安装船,自升式风电安装船,全长95米，最大作业水深50米,活跃中,国际风能组织,http://www.ewait.org,2024-09-22,,,,,,,,,,,,,
海洋风电运维船,运维母船,可容纳60人以上，最大作业水深70米,在建,风电产业观察,http://www.windindustryobservatory.com,2024-09-22,,,,,,,,,,,,,
新一代自升式风电施工船,自升式风电安装船,最大吊重能力2500吨，作业水深达80米,已交付,海洋能源研究院,http://www.oceanenergyinstitute.com,2024-09-22,,,,,,,,,,,,,
海洋巨人号,自升式风电安装船,全长160米，型宽64米,已交付,中国海洋工程咨询有限公司,http://www.coec.com.cn,2024-09-22,,,,,,,,,,,,,
海上先锋号,风电施工母船,吊重能力1800吨,在建,国家能源局,http://www.nea.gov.cn,2024-09-22,,,,,,,,,,,,,
北极星号,自升式风电安装船,最大作业水深85米,已交付,风能产业网,http://www.windpower.cn,2024-09-22,,,,,,,,,,,,,
海风号,运维母船,可容纳120人,活跃中,智研咨询,https://www.chyxx.com,2024-09-22,,,,,,,,,,,,,
绿能先锋号,自升式风电安装船,全长145米，型宽55米,在建,中国电力新闻网,http://www.cpnn.com.cn,2024-09-22,,,,,,,,,,,,,
海洋传承号,风电施工/运维船,最大吊装能力2100吨,已交付,海风数据,https://www.haiwinddata.com,2024-09-22,,,,,,,,,,,,,
未来号,自升式风电安装船,最大作业水深90米,设计阶段,电力建设报,http://www.epcnews.com.cn,2024-09-22,,,,,,,,,,,,,
蓝天号,自升式风电安装船,全长150米，型宽60米,在建,中国水运网,http://www.csw.com.cn,2024-09-22,,,,,,,,,,,,,
东风号,风电施工母船,可容纳80人,活跃中,中国海洋技术网,http://www.marineinfo.cn,2024-09-22,,,,,,,,,,,,,
光明号,运维母船,吊重能力1700吨,已交付,中国能源研究院,http://www.ceri.cn,2024-09-22,,,,,,,,,,,,,
新一代风电安装船,自升式风电安装船,全长145米，型宽56米,已交付,海洋产业网,http://www.oceanindustry.com/,2024-09-22,,,,,,,,,,,,,
超级风电作业平台,风电施工/运维船,可容纳120人，吊重能力1800吨,活动中,中国船舶网,http://www.shipbuilding.com/,2024-09-22,,,,,,,,,,,,,
3200系列安装船,自升式风电安装船,最大作业水深85米,在建,全球风能理事会,http://www.gwec.net/,2024-09-22,,,,,,,,,,,,,
深蓝海风电平台,风电施工/运维船,全长150米，最大吊装能力2300吨,已交付,风能资讯网,http://www.windnews.com/,2024-09-22,,,,,,,,,,,,,
生态海洋风电船,运维母船,可以支持多种风电设备,活跃中,可再生能源科技,http://www.renewableenergytech.com/,2024-09-22,,,,,,,,,,,,,
高级风电运维船,自升式风电运维船,全长140米，型宽54米,在建,北极星项目网,https://www.bjx.com.cn/,2024-09-22,,,,,,,,,,,,,
海洋先锋风电船,自升式风电安装船,最大作业水深82米，吊装能力2000吨,已交付,国际风能协会,http://www.iawe.org/,2024-09-22,,,,,,,,,,,,,
绿色动力运维船,风电施工母船,可容纳100人以上，作业效率高,活动中,海洋技术网,http://www.ocean-tech.com/,2024-09-22,,,,,,,,,,,,,
海洋建设者安装船,自升式风电安装船,全长138米，最大吊装能力2100吨,在建,中国能源网,http://www.energychina.com/,2024-09-22,,,,,,,,,,,,,
深海能源运维平台,风电施工/运维船,最大作业水深75米，吊重能力1500吨,已交付,现代海洋论坛,http://www.modernoceanforum.com/,2024-09-22,,,,,,,,,,,,,